  0
SECTION
  2
BLOCKS
  0
ENDSEC
  0
SECTION
  2
ENTITIES
  0
LINE
  8
0
 10
-107.935
 20
-0.0716496
 11
-107.749
 21
-6.33945
  0
LINE
  8
0
 10
-107.749
 20
-6.33945
 11
-107.199
 21
-12.5859
  0
LINE
  8
0
 10
-107.199
 20
-12.5859
 11
-106.287
 21
-18.7898
  0
LINE
  8
0
 10
-106.287
 20
-18.7898
 11
-105.017
 21
-24.9303
  0
LINE
  8
0
 10
-105.017
 20
-24.9303
 11
-103.392
 21
-30.9867
  0
LINE
  8
0
 10
-103.392
 20
-30.9867
 11
-101.418
 21
-36.9384
  0
LINE
  8
0
 10
-101.418
 20
-36.9384
 11
-99.1015
 21
-42.7656
  0
LINE
  8
0
 10
-99.1015
 20
-42.7656
 11
-96.4508
 21
-48.4483
  0
LINE
  8
0
 10
-96.4508
 20
-48.4483
 11
-93.4746
 21
-53.9676
  0
LINE
  8
0
 10
-93.4746
 20
-53.9676
 11
-90.1829
 21
-59.3047
  0
LINE
  8
0
 10
-90.1829
 20
-59.3047
 11
-86.5868
 21
-64.4416
  0
LINE
  8
0
 10
-86.5868
 20
-64.4416
 11
-82.6985
 21
-69.3611
  0
LINE
  8
0
 10
-82.6985
 20
-69.3611
 11
-78.531
 21
-74.0464
  0
LINE
  8
0
 10
-78.531
 20
-74.0464
 11
-74.0986
 21
-78.4819
  0
LINE
  8
0
 10
-74.0986
 20
-78.4819
 11
-69.416
 21
-82.6524
  0
LINE
  8
0
 10
-69.416
 20
-82.6524
 11
-64.4991
 21
-86.544
  0
LINE
  8
0
 10
-64.4991
 20
-86.544
 11
-59.3645
 21
-90.1435
  0
LINE
  8
0
 10
-59.3645
 20
-90.1435
 11
-54.0296
 21
-93.4388
  0
LINE
  8
0
 10
-54.0296
 20
-93.4388
 11
-48.5123
 21
-96.4186
  0
LINE
  8
0
 10
-48.5123
 20
-96.4186
 11
-42.8313
 21
-99.0731
  0
LINE
  8
0
 10
-42.8313
 20
-99.0731
 11
-37.0058
 21
-101.393
  0
LINE
  8
0
 10
-37.0058
 20
-101.393
 11
-31.0553
 21
-103.371
  0
LINE
  8
0
 10
-31.0553
 20
-103.371
 11
-25
 21
-105
  0
LINE
  8
0
 10
-25
 20
-105
 11
25
 21
-105
  0
LINE
  8
0
 10
25
 20
-105
 11
31.0553
 21
-103.371
  0
LINE
  8
0
 10
31.0553
 20
-103.371
 11
37.0058
 21
-101.393
  0
LINE
  8
0
 10
37.0058
 20
-101.393
 11
42.8313
 21
-99.0731
  0
LINE
  8
0
 10
42.8313
 20
-99.0731
 11
48.5123
 21
-96.4186
  0
LINE
  8
0
 10
48.5123
 20
-96.4186
 11
54.0296
 21
-93.4388
  0
LINE
  8
0
 10
54.0296
 20
-93.4388
 11
59.3645
 21
-90.1435
  0
LINE
  8
0
 10
59.3645
 20
-90.1435
 11
64.4991
 21
-86.544
  0
LINE
  8
0
 10
64.4991
 20
-86.544
 11
69.416
 21
-82.6524
  0
LINE
  8
0
 10
69.416
 20
-82.6524
 11
74.0986
 21
-78.4819
  0
LINE
  8
0
 10
74.0986
 20
-78.4819
 11
78.531
 21
-74.0464
  0
LINE
  8
0
 10
78.531
 20
-74.0464
 11
82.6985
 21
-69.3611
  0
LINE
  8
0
 10
82.6985
 20
-69.3611
 11
86.5868
 21
-64.4416
  0
LINE
  8
0
 10
86.5868
 20
-64.4416
 11
90.1829
 21
-59.3047
  0
LINE
  8
0
 10
90.1829
 20
-59.3047
 11
93.4746
 21
-53.9676
  0
LINE
  8
0
 10
93.4746
 20
-53.9676
 11
96.4508
 21
-48.4483
  0
LINE
  8
0
 10
96.4508
 20
-48.4483
 11
99.1015
 21
-42.7656
  0
LINE
  8
0
 10
99.1015
 20
-42.7656
 11
101.418
 21
-36.9384
  0
LINE
  8
0
 10
101.418
 20
-36.9384
 11
103.392
 21
-30.9867
  0
LINE
  8
0
 10
103.392
 20
-30.9867
 11
105.017
 21
-24.9303
  0
LINE
  8
0
 10
105.017
 20
-24.9303
 11
106.287
 21
-18.7898
  0
LINE
  8
0
 10
106.287
 20
-18.7898
 11
107.199
 21
-12.5859
  0
LINE
  8
0
 10
107.199
 20
-12.5859
 11
107.749
 21
-6.33945
  0
LINE
  8
0
 10
107.749
 20
-6.33945
 11
107.935
 21
-0.0716496
  0
LINE
  8
0
 10
107.935
 20
-0.0716496
 11
107.757
 21
6.19639
  0
LINE
  8
0
 10
107.757
 20
6.19639
 11
107.215
 21
12.4435
  0
LINE
  8
0
 10
107.215
 20
12.4435
 11
106.312
 21
18.6487
  0
LINE
  8
0
 10
106.312
 20
18.6487
 11
105.05
 21
24.7908
  0
LINE
  8
0
 10
105.05
 20
24.7908
 11
103.433
 21
30.8494
  0
LINE
  8
0
 10
103.433
 20
30.8494
 11
78.4327
 21
74.1506
  0
LINE
  8
0
 10
78.4327
 20
74.1506
 11
74.2958
 21
78.2951
  0
LINE
  8
0
 10
74.2958
 20
78.2951
 11
69.9403
 21
82.2092
  0
LINE
  8
0
 10
69.9403
 20
82.2092
 11
65.3789
 21
85.8813
  0
LINE
  8
0
 10
65.3789
 20
85.8813
 11
60.6251
 21
89.3006
  0
LINE
  8
0
 10
60.6251
 20
89.3006
 11
55.6929
 21
92.457
  0
LINE
  8
0
 10
55.6929
 20
92.457
 11
50.5967
 21
95.3413
  0
LINE
  8
0
 10
50.5967
 20
95.3413
 11
45.3516
 21
97.945
  0
LINE
  8
0
 10
45.3516
 20
97.945
 11
39.973
 21
100.26
  0
LINE
  8
0
 10
39.973
 20
100.26
 11
34.4768
 21
102.281
  0
LINE
  8
0
 10
34.4768
 20
102.281
 11
28.8791
 21
104
  0
LINE
  8
0
 10
28.8791
 20
104
 11
-28.8791
 21
104
  0
LINE
  8
0
 10
-28.8791
 20
104
 11
-34.4768
 21
102.281
  0
LINE
  8
0
 10
-34.4768
 20
102.281
 11
-39.973
 21
100.26
  0
LINE
  8
0
 10
-39.973
 20
100.26
 11
-45.3516
 21
97.945
  0
LINE
  8
0
 10
-45.3516
 20
97.945
 11
-50.5967
 21
95.3413
  0
LINE
  8
0
 10
-50.5967
 20
95.3413
 11
-55.6929
 21
92.457
  0
LINE
  8
0
 10
-55.6929
 20
92.457
 11
-60.6251
 21
89.3006
  0
LINE
  8
0
 10
-60.6251
 20
89.3006
 11
-65.3789
 21
85.8813
  0
LINE
  8
0
 10
-65.3789
 20
85.8813
 11
-69.9403
 21
82.2092
  0
LINE
  8
0
 10
-69.9403
 20
82.2092
 11
-74.2958
 21
78.2951
  0
LINE
  8
0
 10
-74.2958
 20
78.2951
 11
-78.4327
 21
74.1506
  0
LINE
  8
0
 10
-78.4327
 20
74.1506
 11
-103.433
 21
30.8494
  0
LINE
  8
0
 10
-103.433
 20
30.8494
 11
-105.05
 21
24.7908
  0
LINE
  8
0
 10
-105.05
 20
24.7908
 11
-106.312
 21
18.6487
  0
LINE
  8
0
 10
-106.312
 20
18.6487
 11
-107.215
 21
12.4435
  0
LINE
  8
0
 10
-107.215
 20
12.4435
 11
-107.757
 21
6.19639
  0
LINE
  8
0
 10
-107.757
 20
6.19639
 11
-107.935
 21
-0.0716496
  0
LINE
  8
0
 10
-101.75
 20
-20
 11
-101.69
 21
-19.5471
  0
LINE
  8
0
 10
-101.69
 20
-19.5471
 11
-101.516
 21
-19.125
  0
LINE
  8
0
 10
-101.516
 20
-19.125
 11
-101.237
 21
-18.7626
  0
LINE
  8
0
 10
-101.237
 20
-18.7626
 11
-100.875
 21
-18.4845
  0
LINE
  8
0
 10
-100.875
 20
-18.4845
 11
-100.453
 21
-18.3096
  0
LINE
  8
0
 10
-100.453
 20
-18.3096
 11
-100
 21
-18.25
  0
LINE
  8
0
 10
-100
 20
-18.25
 11
-99.5471
 21
-18.3096
  0
LINE
  8
0
 10
-99.5471
 20
-18.3096
 11
-99.125
 21
-18.4845
  0
LINE
  8
0
 10
-99.125
 20
-18.4845
 11
-98.7626
 21
-18.7626
  0
LINE
  8
0
 10
-98.7626
 20
-18.7626
 11
-98.4845
 21
-19.125
  0
LINE
  8
0
 10
-98.4845
 20
-19.125
 11
-98.3096
 21
-19.5471
  0
LINE
  8
0
 10
-98.3096
 20
-19.5471
 11
-98.25
 21
-20
  0
LINE
  8
0
 10
-98.25
 20
-20
 11
-98.3096
 21
-20.4529
  0
LINE
  8
0
 10
-98.3096
 20
-20.4529
 11
-98.4845
 21
-20.875
  0
LINE
  8
0
 10
-98.4845
 20
-20.875
 11
-98.7626
 21
-21.2374
  0
LINE
  8
0
 10
-98.7626
 20
-21.2374
 11
-99.125
 21
-21.5155
  0
LINE
  8
0
 10
-99.125
 20
-21.5155
 11
-99.5471
 21
-21.6904
  0
LINE
  8
0
 10
-99.5471
 20
-21.6904
 11
-100
 21
-21.75
  0
LINE
  8
0
 10
-100
 20
-21.75
 11
-100.453
 21
-21.6904
  0
LINE
  8
0
 10
-100.453
 20
-21.6904
 11
-100.875
 21
-21.5155
  0
LINE
  8
0
 10
-100.875
 20
-21.5155
 11
-101.237
 21
-21.2374
  0
LINE
  8
0
 10
-101.237
 20
-21.2374
 11
-101.516
 21
-20.875
  0
LINE
  8
0
 10
-101.516
 20
-20.875
 11
-101.69
 21
-20.4529
  0
LINE
  8
0
 10
-101.69
 20
-20.4529
 11
-101.75
 21
-20
  0
LINE
  8
0
 10
-101.75
 20
0
 11
-101.69
 21
0.452933
  0
LINE
  8
0
 10
-101.69
 20
0.452933
 11
-101.516
 21
0.875
  0
LINE
  8
0
 10
-101.516
 20
0.875
 11
-101.237
 21
1.23744
  0
LINE
  8
0
 10
-101.237
 20
1.23744
 11
-100.875
 21
1.51554
  0
LINE
  8
0
 10
-100.875
 20
1.51554
 11
-100.453
 21
1.69037
  0
LINE
  8
0
 10
-100.453
 20
1.69037
 11
-100
 21
1.75
  0
LINE
  8
0
 10
-100
 20
1.75
 11
-99.5471
 21
1.69037
  0
LINE
  8
0
 10
-99.5471
 20
1.69037
 11
-99.125
 21
1.51554
  0
LINE
  8
0
 10
-99.125
 20
1.51554
 11
-98.7626
 21
1.23744
  0
LINE
  8
0
 10
-98.7626
 20
1.23744
 11
-98.4845
 21
0.875
  0
LINE
  8
0
 10
-98.4845
 20
0.875
 11
-98.3096
 21
0.452933
  0
LINE
  8
0
 10
-98.3096
 20
0.452933
 11
-98.25
 21
0
  0
LINE
  8
0
 10
-98.25
 20
0
 11
-98.3096
 21
-0.452933
  0
LINE
  8
0
 10
-98.3096
 20
-0.452933
 11
-98.4845
 21
-0.875
  0
LINE
  8
0
 10
-98.4845
 20
-0.875
 11
-98.7626
 21
-1.23744
  0
LINE
  8
0
 10
-98.7626
 20
-1.23744
 11
-99.125
 21
-1.51554
  0
LINE
  8
0
 10
-99.125
 20
-1.51554
 11
-99.5471
 21
-1.69037
  0
LINE
  8
0
 10
-99.5471
 20
-1.69037
 11
-100
 21
-1.75
  0
LINE
  8
0
 10
-100
 20
-1.75
 11
-100.453
 21
-1.69037
  0
LINE
  8
0
 10
-100.453
 20
-1.69037
 11
-100.875
 21
-1.51554
  0
LINE
  8
0
 10
-100.875
 20
-1.51554
 11
-101.237
 21
-1.23744
  0
LINE
  8
0
 10
-101.237
 20
-1.23744
 11
-101.516
 21
-0.875
  0
LINE
  8
0
 10
-101.516
 20
-0.875
 11
-101.69
 21
-0.452933
  0
LINE
  8
0
 10
-101.69
 20
-0.452933
 11
-101.75
 21
0
  0
LINE
  8
0
 10
-101.75
 20
20
 11
-101.69
 21
20.4529
  0
LINE
  8
0
 10
-101.69
 20
20.4529
 11
-101.516
 21
20.875
  0
LINE
  8
0
 10
-101.516
 20
20.875
 11
-101.237
 21
21.2374
  0
LINE
  8
0
 10
-101.237
 20
21.2374
 11
-100.875
 21
21.5155
  0
LINE
  8
0
 10
-100.875
 20
21.5155
 11
-100.453
 21
21.6904
  0
LINE
  8
0
 10
-100.453
 20
21.6904
 11
-100
 21
21.75
  0
LINE
  8
0
 10
-100
 20
21.75
 11
-99.5471
 21
21.6904
  0
LINE
  8
0
 10
-99.5471
 20
21.6904
 11
-99.125
 21
21.5155
  0
LINE
  8
0
 10
-99.125
 20
21.5155
 11
-98.7626
 21
21.2374
  0
LINE
  8
0
 10
-98.7626
 20
21.2374
 11
-98.4845
 21
20.875
  0
LINE
  8
0
 10
-98.4845
 20
20.875
 11
-98.3096
 21
20.4529
  0
LINE
  8
0
 10
-98.3096
 20
20.4529
 11
-98.25
 21
20
  0
LINE
  8
0
 10
-98.25
 20
20
 11
-98.3096
 21
19.5471
  0
LINE
  8
0
 10
-98.3096
 20
19.5471
 11
-98.4845
 21
19.125
  0
LINE
  8
0
 10
-98.4845
 20
19.125
 11
-98.7626
 21
18.7626
  0
LINE
  8
0
 10
-98.7626
 20
18.7626
 11
-99.125
 21
18.4845
  0
LINE
  8
0
 10
-99.125
 20
18.4845
 11
-99.5471
 21
18.3096
  0
LINE
  8
0
 10
-99.5471
 20
18.3096
 11
-100
 21
18.25
  0
LINE
  8
0
 10
-100
 20
18.25
 11
-100.453
 21
18.3096
  0
LINE
  8
0
 10
-100.453
 20
18.3096
 11
-100.875
 21
18.4845
  0
LINE
  8
0
 10
-100.875
 20
18.4845
 11
-101.237
 21
18.7626
  0
LINE
  8
0
 10
-101.237
 20
18.7626
 11
-101.516
 21
19.125
  0
LINE
  8
0
 10
-101.516
 20
19.125
 11
-101.69
 21
19.5471
  0
LINE
  8
0
 10
-101.69
 20
19.5471
 11
-101.75
 21
20
  0
LINE
  8
0
 10
-98.3525
 20
32.6795
 11
-98.2929
 21
33.1324
  0
LINE
  8
0
 10
-98.2929
 20
33.1324
 11
-98.1181
 21
33.5545
  0
LINE
  8
0
 10
-98.1181
 20
33.5545
 11
-97.84
 21
33.9169
  0
LINE
  8
0
 10
-97.84
 20
33.9169
 11
-97.4775
 21
34.195
  0
LINE
  8
0
 10
-97.4775
 20
34.195
 11
-97.0555
 21
34.3699
  0
LINE
  8
0
 10
-97.0555
 20
34.3699
 11
-96.6025
 21
34.4295
  0
LINE
  8
0
 10
-96.6025
 20
34.4295
 11
-96.1496
 21
34.3699
  0
LINE
  8
0
 10
-96.1496
 20
34.3699
 11
-95.7275
 21
34.195
  0
LINE
  8
0
 10
-95.7275
 20
34.195
 11
-95.3651
 21
33.9169
  0
LINE
  8
0
 10
-95.3651
 20
33.9169
 11
-95.087
 21
33.5545
  0
LINE
  8
0
 10
-95.087
 20
33.5545
 11
-94.9122
 21
33.1324
  0
LINE
  8
0
 10
-94.9122
 20
33.1324
 11
-94.8525
 21
32.6795
  0
LINE
  8
0
 10
-94.8525
 20
32.6795
 11
-94.9122
 21
32.2266
  0
LINE
  8
0
 10
-94.9122
 20
32.2266
 11
-95.087
 21
31.8045
  0
LINE
  8
0
 10
-95.087
 20
31.8045
 11
-95.3651
 21
31.4421
  0
LINE
  8
0
 10
-95.3651
 20
31.4421
 11
-95.7275
 21
31.1639
  0
LINE
  8
0
 10
-95.7275
 20
31.1639
 11
-96.1496
 21
30.9891
  0
LINE
  8
0
 10
-96.1496
 20
30.9891
 11
-96.6025
 21
30.9295
  0
LINE
  8
0
 10
-96.6025
 20
30.9295
 11
-97.0555
 21
30.9891
  0
LINE
  8
0
 10
-97.0555
 20
30.9891
 11
-97.4775
 21
31.1639
  0
LINE
  8
0
 10
-97.4775
 20
31.1639
 11
-97.84
 21
31.4421
  0
LINE
  8
0
 10
-97.84
 20
31.4421
 11
-98.1181
 21
31.8045
  0
LINE
  8
0
 10
-98.1181
 20
31.8045
 11
-98.2929
 21
32.2266
  0
LINE
  8
0
 10
-98.2929
 20
32.2266
 11
-98.3525
 21
32.6795
  0
LINE
  8
0
 10
-88.3525
 20
50
 11
-88.2929
 21
50.4529
  0
LINE
  8
0
 10
-88.2929
 20
50.4529
 11
-88.1181
 21
50.875
  0
LINE
  8
0
 10
-88.1181
 20
50.875
 11
-87.84
 21
51.2374
  0
LINE
  8
0
 10
-87.84
 20
51.2374
 11
-87.4775
 21
51.5155
  0
LINE
  8
0
 10
-87.4775
 20
51.5155
 11
-87.0555
 21
51.6904
  0
LINE
  8
0
 10
-87.0555
 20
51.6904
 11
-86.6025
 21
51.75
  0
LINE
  8
0
 10
-86.6025
 20
51.75
 11
-86.1496
 21
51.6904
  0
LINE
  8
0
 10
-86.1496
 20
51.6904
 11
-85.7275
 21
51.5155
  0
LINE
  8
0
 10
-85.7275
 20
51.5155
 11
-85.3651
 21
51.2374
  0
LINE
  8
0
 10
-85.3651
 20
51.2374
 11
-85.087
 21
50.875
  0
LINE
  8
0
 10
-85.087
 20
50.875
 11
-84.9122
 21
50.4529
  0
LINE
  8
0
 10
-84.9122
 20
50.4529
 11
-84.8525
 21
50
  0
LINE
  8
0
 10
-84.8525
 20
50
 11
-84.9122
 21
49.5471
  0
LINE
  8
0
 10
-84.9122
 20
49.5471
 11
-85.087
 21
49.125
  0
LINE
  8
0
 10
-85.087
 20
49.125
 11
-85.3651
 21
48.7626
  0
LINE
  8
0
 10
-85.3651
 20
48.7626
 11
-85.7275
 21
48.4845
  0
LINE
  8
0
 10
-85.7275
 20
48.4845
 11
-86.1496
 21
48.3096
  0
LINE
  8
0
 10
-86.1496
 20
48.3096
 11
-86.6025
 21
48.25
  0
LINE
  8
0
 10
-86.6025
 20
48.25
 11
-87.0555
 21
48.3096
  0
LINE
  8
0
 10
-87.0555
 20
48.3096
 11
-87.4775
 21
48.4845
  0
LINE
  8
0
 10
-87.4775
 20
48.4845
 11
-87.84
 21
48.7626
  0
LINE
  8
0
 10
-87.84
 20
48.7626
 11
-88.1181
 21
49.125
  0
LINE
  8
0
 10
-88.1181
 20
49.125
 11
-88.2929
 21
49.5471
  0
LINE
  8
0
 10
-88.2929
 20
49.5471
 11
-88.3525
 21
50
  0
LINE
  8
0
 10
-81.75
 20
-60
 11
-81.6904
 21
-59.5471
  0
LINE
  8
0
 10
-81.6904
 20
-59.5471
 11
-81.5155
 21
-59.125
  0
LINE
  8
0
 10
-81.5155
 20
-59.125
 11
-81.2374
 21
-58.7626
  0
LINE
  8
0
 10
-81.2374
 20
-58.7626
 11
-80.875
 21
-58.4845
  0
LINE
  8
0
 10
-80.875
 20
-58.4845
 11
-80.4529
 21
-58.3096
  0
LINE
  8
0
 10
-80.4529
 20
-58.3096
 11
-80
 21
-58.25
  0
LINE
  8
0
 10
-80
 20
-58.25
 11
-79.5471
 21
-58.3096
  0
LINE
  8
0
 10
-79.5471
 20
-58.3096
 11
-79.125
 21
-58.4845
  0
LINE
  8
0
 10
-79.125
 20
-58.4845
 11
-78.7626
 21
-58.7626
  0
LINE
  8
0
 10
-78.7626
 20
-58.7626
 11
-78.4845
 21
-59.125
  0
LINE
  8
0
 10
-78.4845
 20
-59.125
 11
-78.3096
 21
-59.5471
  0
LINE
  8
0
 10
-78.3096
 20
-59.5471
 11
-78.25
 21
-60
  0
LINE
  8
0
 10
-78.25
 20
-60
 11
-78.3096
 21
-60.4529
  0
LINE
  8
0
 10
-78.3096
 20
-60.4529
 11
-78.4845
 21
-60.875
  0
LINE
  8
0
 10
-78.4845
 20
-60.875
 11
-78.7626
 21
-61.2374
  0
LINE
  8
0
 10
-78.7626
 20
-61.2374
 11
-79.125
 21
-61.5155
  0
LINE
  8
0
 10
-79.125
 20
-61.5155
 11
-79.5471
 21
-61.6904
  0
LINE
  8
0
 10
-79.5471
 20
-61.6904
 11
-80
 21
-61.75
  0
LINE
  8
0
 10
-80
 20
-61.75
 11
-80.4529
 21
-61.6904
  0
LINE
  8
0
 10
-80.4529
 20
-61.6904
 11
-80.875
 21
-61.5155
  0
LINE
  8
0
 10
-80.875
 20
-61.5155
 11
-81.2374
 21
-61.2374
  0
LINE
  8
0
 10
-81.2374
 20
-61.2374
 11
-81.5155
 21
-60.875
  0
LINE
  8
0
 10
-81.5155
 20
-60.875
 11
-81.6904
 21
-60.4529
  0
LINE
  8
0
 10
-81.6904
 20
-60.4529
 11
-81.75
 21
-60
  0
LINE
  8
0
 10
-81.75
 20
-20
 11
-81.6904
 21
-19.5471
  0
LINE
  8
0
 10
-81.6904
 20
-19.5471
 11
-81.5155
 21
-19.125
  0
LINE
  8
0
 10
-81.5155
 20
-19.125
 11
-81.2374
 21
-18.7626
  0
LINE
  8
0
 10
-81.2374
 20
-18.7626
 11
-80.875
 21
-18.4845
  0
LINE
  8
0
 10
-80.875
 20
-18.4845
 11
-80.4529
 21
-18.3096
  0
LINE
  8
0
 10
-80.4529
 20
-18.3096
 11
-80
 21
-18.25
  0
LINE
  8
0
 10
-80
 20
-18.25
 11
-79.5471
 21
-18.3096
  0
LINE
  8
0
 10
-79.5471
 20
-18.3096
 11
-79.125
 21
-18.4845
  0
LINE
  8
0
 10
-79.125
 20
-18.4845
 11
-78.7626
 21
-18.7626
  0
LINE
  8
0
 10
-78.7626
 20
-18.7626
 11
-78.4845
 21
-19.125
  0
LINE
  8
0
 10
-78.4845
 20
-19.125
 11
-78.3096
 21
-19.5471
  0
LINE
  8
0
 10
-78.3096
 20
-19.5471
 11
-78.25
 21
-20
  0
LINE
  8
0
 10
-78.25
 20
-20
 11
-78.3096
 21
-20.4529
  0
LINE
  8
0
 10
-78.3096
 20
-20.4529
 11
-78.4845
 21
-20.875
  0
LINE
  8
0
 10
-78.4845
 20
-20.875
 11
-78.7626
 21
-21.2374
  0
LINE
  8
0
 10
-78.7626
 20
-21.2374
 11
-79.125
 21
-21.5155
  0
LINE
  8
0
 10
-79.125
 20
-21.5155
 11
-79.5471
 21
-21.6904
  0
LINE
  8
0
 10
-79.5471
 20
-21.6904
 11
-80
 21
-21.75
  0
LINE
  8
0
 10
-80
 20
-21.75
 11
-80.4529
 21
-21.6904
  0
LINE
  8
0
 10
-80.4529
 20
-21.6904
 11
-80.875
 21
-21.5155
  0
LINE
  8
0
 10
-80.875
 20
-21.5155
 11
-81.2374
 21
-21.2374
  0
LINE
  8
0
 10
-81.2374
 20
-21.2374
 11
-81.5155
 21
-20.875
  0
LINE
  8
0
 10
-81.5155
 20
-20.875
 11
-81.6904
 21
-20.4529
  0
LINE
  8
0
 10
-81.6904
 20
-20.4529
 11
-81.75
 21
-20
  0
LINE
  8
0
 10
-81.75
 20
0
 11
-81.6904
 21
0.452933
  0
LINE
  8
0
 10
-81.6904
 20
0.452933
 11
-81.5155
 21
0.875
  0
LINE
  8
0
 10
-81.5155
 20
0.875
 11
-81.2374
 21
1.23744
  0
LINE
  8
0
 10
-81.2374
 20
1.23744
 11
-80.875
 21
1.51554
  0
LINE
  8
0
 10
-80.875
 20
1.51554
 11
-80.4529
 21
1.69037
  0
LINE
  8
0
 10
-80.4529
 20
1.69037
 11
-80
 21
1.75
  0
LINE
  8
0
 10
-80
 20
1.75
 11
-79.5471
 21
1.69037
  0
LINE
  8
0
 10
-79.5471
 20
1.69037
 11
-79.125
 21
1.51554
  0
LINE
  8
0
 10
-79.125
 20
1.51554
 11
-78.7626
 21
1.23744
  0
LINE
  8
0
 10
-78.7626
 20
1.23744
 11
-78.4845
 21
0.875
  0
LINE
  8
0
 10
-78.4845
 20
0.875
 11
-78.3096
 21
0.452933
  0
LINE
  8
0
 10
-78.3096
 20
0.452933
 11
-78.25
 21
0
  0
LINE
  8
0
 10
-78.25
 20
0
 11
-78.3096
 21
-0.452933
  0
LINE
  8
0
 10
-78.3096
 20
-0.452933
 11
-78.4845
 21
-0.875
  0
LINE
  8
0
 10
-78.4845
 20
-0.875
 11
-78.7626
 21
-1.23744
  0
LINE
  8
0
 10
-78.7626
 20
-1.23744
 11
-79.125
 21
-1.51554
  0
LINE
  8
0
 10
-79.125
 20
-1.51554
 11
-79.5471
 21
-1.69037
  0
LINE
  8
0
 10
-79.5471
 20
-1.69037
 11
-80
 21
-1.75
  0
LINE
  8
0
 10
-80
 20
-1.75
 11
-80.4529
 21
-1.69037
  0
LINE
  8
0
 10
-80.4529
 20
-1.69037
 11
-80.875
 21
-1.51554
  0
LINE
  8
0
 10
-80.875
 20
-1.51554
 11
-81.2374
 21
-1.23744
  0
LINE
  8
0
 10
-81.2374
 20
-1.23744
 11
-81.5155
 21
-0.875
  0
LINE
  8
0
 10
-81.5155
 20
-0.875
 11
-81.6904
 21
-0.452933
  0
LINE
  8
0
 10
-81.6904
 20
-0.452933
 11
-81.75
 21
0
  0
LINE
  8
0
 10
-81.032
 20
22.6795
 11
-80.9724
 21
23.1324
  0
LINE
  8
0
 10
-80.9724
 20
23.1324
 11
-80.7976
 21
23.5545
  0
LINE
  8
0
 10
-80.7976
 20
23.5545
 11
-80.5195
 21
23.9169
  0
LINE
  8
0
 10
-80.5195
 20
23.9169
 11
-80.157
 21
24.195
  0
LINE
  8
0
 10
-80.157
 20
24.195
 11
-79.735
 21
24.3699
  0
LINE
  8
0
 10
-79.735
 20
24.3699
 11
-79.282
 21
24.4295
  0
LINE
  8
0
 10
-79.282
 20
24.4295
 11
-78.8291
 21
24.3699
  0
LINE
  8
0
 10
-78.8291
 20
24.3699
 11
-78.407
 21
24.195
  0
LINE
  8
0
 10
-78.407
 20
24.195
 11
-78.0446
 21
23.9169
  0
LINE
  8
0
 10
-78.0446
 20
23.9169
 11
-77.7665
 21
23.5545
  0
LINE
  8
0
 10
-77.7665
 20
23.5545
 11
-77.5917
 21
23.1324
  0
LINE
  8
0
 10
-77.5917
 20
23.1324
 11
-77.532
 21
22.6795
  0
LINE
  8
0
 10
-77.532
 20
22.6795
 11
-77.5917
 21
22.2266
  0
LINE
  8
0
 10
-77.5917
 20
22.2266
 11
-77.7665
 21
21.8045
  0
LINE
  8
0
 10
-77.7665
 20
21.8045
 11
-78.0446
 21
21.4421
  0
LINE
  8
0
 10
-78.0446
 20
21.4421
 11
-78.407
 21
21.1639
  0
LINE
  8
0
 10
-78.407
 20
21.1639
 11
-78.8291
 21
20.9891
  0
LINE
  8
0
 10
-78.8291
 20
20.9891
 11
-79.282
 21
20.9295
  0
LINE
  8
0
 10
-79.282
 20
20.9295
 11
-79.735
 21
20.9891
  0
LINE
  8
0
 10
-79.735
 20
20.9891
 11
-80.157
 21
21.1639
  0
LINE
  8
0
 10
-80.157
 20
21.1639
 11
-80.5195
 21
21.4421
  0
LINE
  8
0
 10
-80.5195
 20
21.4421
 11
-80.7976
 21
21.8045
  0
LINE
  8
0
 10
-80.7976
 20
21.8045
 11
-80.9724
 21
22.2266
  0
LINE
  8
0
 10
-80.9724
 20
22.2266
 11
-81.032
 21
22.6795
  0
LINE
  8
0
 10
-78.3525
 20
67.3205
 11
-78.2929
 21
67.7734
  0
LINE
  8
0
 10
-78.2929
 20
67.7734
 11
-78.1181
 21
68.1955
  0
LINE
  8
0
 10
-78.1181
 20
68.1955
 11
-77.84
 21
68.5579
  0
LINE
  8
0
 10
-77.84
 20
68.5579
 11
-77.4775
 21
68.8361
  0
LINE
  8
0
 10
-77.4775
 20
68.8361
 11
-77.0555
 21
69.0109
  0
LINE
  8
0
 10
-77.0555
 20
69.0109
 11
-76.6025
 21
69.0705
  0
LINE
  8
0
 10
-76.6025
 20
69.0705
 11
-76.1496
 21
69.0109
  0
LINE
  8
0
 10
-76.1496
 20
69.0109
 11
-75.7275
 21
68.8361
  0
LINE
  8
0
 10
-75.7275
 20
68.8361
 11
-75.3651
 21
68.5579
  0
LINE
  8
0
 10
-75.3651
 20
68.5579
 11
-75.087
 21
68.1955
  0
LINE
  8
0
 10
-75.087
 20
68.1955
 11
-74.9122
 21
67.7734
  0
LINE
  8
0
 10
-74.9122
 20
67.7734
 11
-74.8525
 21
67.3205
  0
LINE
  8
0
 10
-74.8525
 20
67.3205
 11
-74.9122
 21
66.8676
  0
LINE
  8
0
 10
-74.9122
 20
66.8676
 11
-75.087
 21
66.4455
  0
LINE
  8
0
 10
-75.087
 20
66.4455
 11
-75.3651
 21
66.0831
  0
LINE
  8
0
 10
-75.3651
 20
66.0831
 11
-75.7275
 21
65.805
  0
LINE
  8
0
 10
-75.7275
 20
65.805
 11
-76.1496
 21
65.6301
  0
LINE
  8
0
 10
-76.1496
 20
65.6301
 11
-76.6025
 21
65.5705
  0
LINE
  8
0
 10
-76.6025
 20
65.5705
 11
-77.0555
 21
65.6301
  0
LINE
  8
0
 10
-77.0555
 20
65.6301
 11
-77.4775
 21
65.805
  0
LINE
  8
0
 10
-77.4775
 20
65.805
 11
-77.84
 21
66.0831
  0
LINE
  8
0
 10
-77.84
 20
66.0831
 11
-78.1181
 21
66.4455
  0
LINE
  8
0
 10
-78.1181
 20
66.4455
 11
-78.2929
 21
66.8676
  0
LINE
  8
0
 10
-78.2929
 20
66.8676
 11
-78.3525
 21
67.3205
  0
LINE
  8
0
 10
-71.032
 20
40
 11
-70.9724
 21
40.4529
  0
LINE
  8
0
 10
-70.9724
 20
40.4529
 11
-70.7976
 21
40.875
  0
LINE
  8
0
 10
-70.7976
 20
40.875
 11
-70.5195
 21
41.2374
  0
LINE
  8
0
 10
-70.5195
 20
41.2374
 11
-70.157
 21
41.5155
  0
LINE
  8
0
 10
-70.157
 20
41.5155
 11
-69.735
 21
41.6904
  0
LINE
  8
0
 10
-69.735
 20
41.6904
 11
-69.282
 21
41.75
  0
LINE
  8
0
 10
-69.282
 20
41.75
 11
-68.8291
 21
41.6904
  0
LINE
  8
0
 10
-68.8291
 20
41.6904
 11
-68.407
 21
41.5155
  0
LINE
  8
0
 10
-68.407
 20
41.5155
 11
-68.0446
 21
41.2374
  0
LINE
  8
0
 10
-68.0446
 20
41.2374
 11
-67.7665
 21
40.875
  0
LINE
  8
0
 10
-67.7665
 20
40.875
 11
-67.5917
 21
40.4529
  0
LINE
  8
0
 10
-67.5917
 20
40.4529
 11
-67.532
 21
40
  0
LINE
  8
0
 10
-67.532
 20
40
 11
-67.5917
 21
39.5471
  0
LINE
  8
0
 10
-67.5917
 20
39.5471
 11
-67.7665
 21
39.125
  0
LINE
  8
0
 10
-67.7665
 20
39.125
 11
-68.0446
 21
38.7626
  0
LINE
  8
0
 10
-68.0446
 20
38.7626
 11
-68.407
 21
38.4845
  0
LINE
  8
0
 10
-68.407
 20
38.4845
 11
-68.8291
 21
38.3096
  0
LINE
  8
0
 10
-68.8291
 20
38.3096
 11
-69.282
 21
38.25
  0
LINE
  8
0
 10
-69.282
 20
38.25
 11
-69.735
 21
38.3096
  0
LINE
  8
0
 10
-69.735
 20
38.3096
 11
-70.157
 21
38.4845
  0
LINE
  8
0
 10
-70.157
 20
38.4845
 11
-70.5195
 21
38.7626
  0
LINE
  8
0
 10
-70.5195
 20
38.7626
 11
-70.7976
 21
39.125
  0
LINE
  8
0
 10
-70.7976
 20
39.125
 11
-70.9724
 21
39.5471
  0
LINE
  8
0
 10
-70.9724
 20
39.5471
 11
-71.032
 21
40
  0
LINE
  8
0
 10
-61.75
 20
-80
 11
-61.6904
 21
-79.5471
  0
LINE
  8
0
 10
-61.6904
 20
-79.5471
 11
-61.5155
 21
-79.125
  0
LINE
  8
0
 10
-61.5155
 20
-79.125
 11
-61.2374
 21
-78.7626
  0
LINE
  8
0
 10
-61.2374
 20
-78.7626
 11
-60.875
 21
-78.4845
  0
LINE
  8
0
 10
-60.875
 20
-78.4845
 11
-60.4529
 21
-78.3096
  0
LINE
  8
0
 10
-60.4529
 20
-78.3096
 11
-60
 21
-78.25
  0
LINE
  8
0
 10
-60
 20
-78.25
 11
-59.5471
 21
-78.3096
  0
LINE
  8
0
 10
-59.5471
 20
-78.3096
 11
-59.125
 21
-78.4845
  0
LINE
  8
0
 10
-59.125
 20
-78.4845
 11
-58.7626
 21
-78.7626
  0
LINE
  8
0
 10
-58.7626
 20
-78.7626
 11
-58.4845
 21
-79.125
  0
LINE
  8
0
 10
-58.4845
 20
-79.125
 11
-58.3096
 21
-79.5471
  0
LINE
  8
0
 10
-58.3096
 20
-79.5471
 11
-58.25
 21
-80
  0
LINE
  8
0
 10
-58.25
 20
-80
 11
-58.3096
 21
-80.4529
  0
LINE
  8
0
 10
-58.3096
 20
-80.4529
 11
-58.4845
 21
-80.875
  0
LINE
  8
0
 10
-58.4845
 20
-80.875
 11
-58.7626
 21
-81.2374
  0
LINE
  8
0
 10
-58.7626
 20
-81.2374
 11
-59.125
 21
-81.5155
  0
LINE
  8
0
 10
-59.125
 20
-81.5155
 11
-59.5471
 21
-81.6904
  0
LINE
  8
0
 10
-59.5471
 20
-81.6904
 11
-60
 21
-81.75
  0
LINE
  8
0
 10
-60
 20
-81.75
 11
-60.4529
 21
-81.6904
  0
LINE
  8
0
 10
-60.4529
 20
-81.6904
 11
-60.875
 21
-81.5155
  0
LINE
  8
0
 10
-60.875
 20
-81.5155
 11
-61.2374
 21
-81.2374
  0
LINE
  8
0
 10
-61.2374
 20
-81.2374
 11
-61.5155
 21
-80.875
  0
LINE
  8
0
 10
-61.5155
 20
-80.875
 11
-61.6904
 21
-80.4529
  0
LINE
  8
0
 10
-61.6904
 20
-80.4529
 11
-61.75
 21
-80
  0
LINE
  8
0
 10
-61.75
 20
-60
 11
-61.6904
 21
-59.5471
  0
LINE
  8
0
 10
-61.6904
 20
-59.5471
 11
-61.5155
 21
-59.125
  0
LINE
  8
0
 10
-61.5155
 20
-59.125
 11
-61.2374
 21
-58.7626
  0
LINE
  8
0
 10
-61.2374
 20
-58.7626
 11
-60.875
 21
-58.4845
  0
LINE
  8
0
 10
-60.875
 20
-58.4845
 11
-60.4529
 21
-58.3096
  0
LINE
  8
0
 10
-60.4529
 20
-58.3096
 11
-60
 21
-58.25
  0
LINE
  8
0
 10
-60
 20
-58.25
 11
-59.5471
 21
-58.3096
  0
LINE
  8
0
 10
-59.5471
 20
-58.3096
 11
-59.125
 21
-58.4845
  0
LINE
  8
0
 10
-59.125
 20
-58.4845
 11
-58.7626
 21
-58.7626
  0
LINE
  8
0
 10
-58.7626
 20
-58.7626
 11
-58.4845
 21
-59.125
  0
LINE
  8
0
 10
-58.4845
 20
-59.125
 11
-58.3096
 21
-59.5471
  0
LINE
  8
0
 10
-58.3096
 20
-59.5471
 11
-58.25
 21
-60
  0
LINE
  8
0
 10
-58.25
 20
-60
 11
-58.3096
 21
-60.4529
  0
LINE
  8
0
 10
-58.3096
 20
-60.4529
 11
-58.4845
 21
-60.875
  0
LINE
  8
0
 10
-58.4845
 20
-60.875
 11
-58.7626
 21
-61.2374
  0
LINE
  8
0
 10
-58.7626
 20
-61.2374
 11
-59.125
 21
-61.5155
  0
LINE
  8
0
 10
-59.125
 20
-61.5155
 11
-59.5471
 21
-61.6904
  0
LINE
  8
0
 10
-59.5471
 20
-61.6904
 11
-60
 21
-61.75
  0
LINE
  8
0
 10
-60
 20
-61.75
 11
-60.4529
 21
-61.6904
  0
LINE
  8
0
 10
-60.4529
 20
-61.6904
 11
-60.875
 21
-61.5155
  0
LINE
  8
0
 10
-60.875
 20
-61.5155
 11
-61.2374
 21
-61.2374
  0
LINE
  8
0
 10
-61.2374
 20
-61.2374
 11
-61.5155
 21
-60.875
  0
LINE
  8
0
 10
-61.5155
 20
-60.875
 11
-61.6904
 21
-60.4529
  0
LINE
  8
0
 10
-61.6904
 20
-60.4529
 11
-61.75
 21
-60
  0
LINE
  8
0
 10
-61.75
 20
-40
 11
-61.6904
 21
-39.5471
  0
LINE
  8
0
 10
-61.6904
 20
-39.5471
 11
-61.5155
 21
-39.125
  0
LINE
  8
0
 10
-61.5155
 20
-39.125
 11
-61.2374
 21
-38.7626
  0
LINE
  8
0
 10
-61.2374
 20
-38.7626
 11
-60.875
 21
-38.4845
  0
LINE
  8
0
 10
-60.875
 20
-38.4845
 11
-60.4529
 21
-38.3096
  0
LINE
  8
0
 10
-60.4529
 20
-38.3096
 11
-60
 21
-38.25
  0
LINE
  8
0
 10
-60
 20
-38.25
 11
-59.5471
 21
-38.3096
  0
LINE
  8
0
 10
-59.5471
 20
-38.3096
 11
-59.125
 21
-38.4845
  0
LINE
  8
0
 10
-59.125
 20
-38.4845
 11
-58.7626
 21
-38.7626
  0
LINE
  8
0
 10
-58.7626
 20
-38.7626
 11
-58.4845
 21
-39.125
  0
LINE
  8
0
 10
-58.4845
 20
-39.125
 11
-58.3096
 21
-39.5471
  0
LINE
  8
0
 10
-58.3096
 20
-39.5471
 11
-58.25
 21
-40
  0
LINE
  8
0
 10
-58.25
 20
-40
 11
-58.3096
 21
-40.4529
  0
LINE
  8
0
 10
-58.3096
 20
-40.4529
 11
-58.4845
 21
-40.875
  0
LINE
  8
0
 10
-58.4845
 20
-40.875
 11
-58.7626
 21
-41.2374
  0
LINE
  8
0
 10
-58.7626
 20
-41.2374
 11
-59.125
 21
-41.5155
  0
LINE
  8
0
 10
-59.125
 20
-41.5155
 11
-59.5471
 21
-41.6904
  0
LINE
  8
0
 10
-59.5471
 20
-41.6904
 11
-60
 21
-41.75
  0
LINE
  8
0
 10
-60
 20
-41.75
 11
-60.4529
 21
-41.6904
  0
LINE
  8
0
 10
-60.4529
 20
-41.6904
 11
-60.875
 21
-41.5155
  0
LINE
  8
0
 10
-60.875
 20
-41.5155
 11
-61.2374
 21
-41.2374
  0
LINE
  8
0
 10
-61.2374
 20
-41.2374
 11
-61.5155
 21
-40.875
  0
LINE
  8
0
 10
-61.5155
 20
-40.875
 11
-61.6904
 21
-40.4529
  0
LINE
  8
0
 10
-61.6904
 20
-40.4529
 11
-61.75
 21
-40
  0
LINE
  8
0
 10
-61.75
 20
-20
 11
-61.6904
 21
-19.5471
  0
LINE
  8
0
 10
-61.6904
 20
-19.5471
 11
-61.5155
 21
-19.125
  0
LINE
  8
0
 10
-61.5155
 20
-19.125
 11
-61.2374
 21
-18.7626
  0
LINE
  8
0
 10
-61.2374
 20
-18.7626
 11
-60.875
 21
-18.4845
  0
LINE
  8
0
 10
-60.875
 20
-18.4845
 11
-60.4529
 21
-18.3096
  0
LINE
  8
0
 10
-60.4529
 20
-18.3096
 11
-60
 21
-18.25
  0
LINE
  8
0
 10
-60
 20
-18.25
 11
-59.5471
 21
-18.3096
  0
LINE
  8
0
 10
-59.5471
 20
-18.3096
 11
-59.125
 21
-18.4845
  0
LINE
  8
0
 10
-59.125
 20
-18.4845
 11
-58.7626
 21
-18.7626
  0
LINE
  8
0
 10
-58.7626
 20
-18.7626
 11
-58.4845
 21
-19.125
  0
LINE
  8
0
 10
-58.4845
 20
-19.125
 11
-58.3096
 21
-19.5471
  0
LINE
  8
0
 10
-58.3096
 20
-19.5471
 11
-58.25
 21
-20
  0
LINE
  8
0
 10
-58.25
 20
-20
 11
-58.3096
 21
-20.4529
  0
LINE
  8
0
 10
-58.3096
 20
-20.4529
 11
-58.4845
 21
-20.875
  0
LINE
  8
0
 10
-58.4845
 20
-20.875
 11
-58.7626
 21
-21.2374
  0
LINE
  8
0
 10
-58.7626
 20
-21.2374
 11
-59.125
 21
-21.5155
  0
LINE
  8
0
 10
-59.125
 20
-21.5155
 11
-59.5471
 21
-21.6904
  0
LINE
  8
0
 10
-59.5471
 20
-21.6904
 11
-60
 21
-21.75
  0
LINE
  8
0
 10
-60
 20
-21.75
 11
-60.4529
 21
-21.6904
  0
LINE
  8
0
 10
-60.4529
 20
-21.6904
 11
-60.875
 21
-21.5155
  0
LINE
  8
0
 10
-60.875
 20
-21.5155
 11
-61.2374
 21
-21.2374
  0
LINE
  8
0
 10
-61.2374
 20
-21.2374
 11
-61.5155
 21
-20.875
  0
LINE
  8
0
 10
-61.5155
 20
-20.875
 11
-61.6904
 21
-20.4529
  0
LINE
  8
0
 10
-61.6904
 20
-20.4529
 11
-61.75
 21
-20
  0
LINE
  8
0
 10
-61.75
 20
0
 11
-61.6904
 21
0.452933
  0
LINE
  8
0
 10
-61.6904
 20
0.452933
 11
-61.5155
 21
0.875
  0
LINE
  8
0
 10
-61.5155
 20
0.875
 11
-61.2374
 21
1.23744
  0
LINE
  8
0
 10
-61.2374
 20
1.23744
 11
-60.875
 21
1.51554
  0
LINE
  8
0
 10
-60.875
 20
1.51554
 11
-60.4529
 21
1.69037
  0
LINE
  8
0
 10
-60.4529
 20
1.69037
 11
-60
 21
1.75
  0
LINE
  8
0
 10
-60
 20
1.75
 11
-59.5471
 21
1.69037
  0
LINE
  8
0
 10
-59.5471
 20
1.69037
 11
-59.125
 21
1.51554
  0
LINE
  8
0
 10
-59.125
 20
1.51554
 11
-58.7626
 21
1.23744
  0
LINE
  8
0
 10
-58.7626
 20
1.23744
 11
-58.4845
 21
0.875
  0
LINE
  8
0
 10
-58.4845
 20
0.875
 11
-58.3096
 21
0.452933
  0
LINE
  8
0
 10
-58.3096
 20
0.452933
 11
-58.25
 21
0
  0
LINE
  8
0
 10
-58.25
 20
0
 11
-58.3096
 21
-0.452933
  0
LINE
  8
0
 10
-58.3096
 20
-0.452933
 11
-58.4845
 21
-0.875
  0
LINE
  8
0
 10
-58.4845
 20
-0.875
 11
-58.7626
 21
-1.23744
  0
LINE
  8
0
 10
-58.7626
 20
-1.23744
 11
-59.125
 21
-1.51554
  0
LINE
  8
0
 10
-59.125
 20
-1.51554
 11
-59.5471
 21
-1.69037
  0
LINE
  8
0
 10
-59.5471
 20
-1.69037
 11
-60
 21
-1.75
  0
LINE
  8
0
 10
-60
 20
-1.75
 11
-60.4529
 21
-1.69037
  0
LINE
  8
0
 10
-60.4529
 20
-1.69037
 11
-60.875
 21
-1.51554
  0
LINE
  8
0
 10
-60.875
 20
-1.51554
 11
-61.2374
 21
-1.23744
  0
LINE
  8
0
 10
-61.2374
 20
-1.23744
 11
-61.5155
 21
-0.875
  0
LINE
  8
0
 10
-61.5155
 20
-0.875
 11
-61.6904
 21
-0.452933
  0
LINE
  8
0
 10
-61.6904
 20
-0.452933
 11
-61.75
 21
0
  0
LINE
  8
0
 10
-61.75
 20
20
 11
-61.6904
 21
20.4529
  0
LINE
  8
0
 10
-61.6904
 20
20.4529
 11
-61.5155
 21
20.875
  0
LINE
  8
0
 10
-61.5155
 20
20.875
 11
-61.2374
 21
21.2374
  0
LINE
  8
0
 10
-61.2374
 20
21.2374
 11
-60.875
 21
21.5155
  0
LINE
  8
0
 10
-60.875
 20
21.5155
 11
-60.4529
 21
21.6904
  0
LINE
  8
0
 10
-60.4529
 20
21.6904
 11
-60
 21
21.75
  0
LINE
  8
0
 10
-60
 20
21.75
 11
-59.5471
 21
21.6904
  0
LINE
  8
0
 10
-59.5471
 20
21.6904
 11
-59.125
 21
21.5155
  0
LINE
  8
0
 10
-59.125
 20
21.5155
 11
-58.7626
 21
21.2374
  0
LINE
  8
0
 10
-58.7626
 20
21.2374
 11
-58.4845
 21
20.875
  0
LINE
  8
0
 10
-58.4845
 20
20.875
 11
-58.3096
 21
20.4529
  0
LINE
  8
0
 10
-58.3096
 20
20.4529
 11
-58.25
 21
20
  0
LINE
  8
0
 10
-58.25
 20
20
 11
-58.3096
 21
19.5471
  0
LINE
  8
0
 10
-58.3096
 20
19.5471
 11
-58.4845
 21
19.125
  0
LINE
  8
0
 10
-58.4845
 20
19.125
 11
-58.7626
 21
18.7626
  0
LINE
  8
0
 10
-58.7626
 20
18.7626
 11
-59.125
 21
18.4845
  0
LINE
  8
0
 10
-59.125
 20
18.4845
 11
-59.5471
 21
18.3096
  0
LINE
  8
0
 10
-59.5471
 20
18.3096
 11
-60
 21
18.25
  0
LINE
  8
0
 10
-60
 20
18.25
 11
-60.4529
 21
18.3096
  0
LINE
  8
0
 10
-60.4529
 20
18.3096
 11
-60.875
 21
18.4845
  0
LINE
  8
0
 10
-60.875
 20
18.4845
 11
-61.2374
 21
18.7626
  0
LINE
  8
0
 10
-61.2374
 20
18.7626
 11
-61.5155
 21
19.125
  0
LINE
  8
0
 10
-61.5155
 20
19.125
 11
-61.6904
 21
19.5471
  0
LINE
  8
0
 10
-61.6904
 20
19.5471
 11
-61.75
 21
20
  0
LINE
  8
0
 10
-61.75
 20
80
 11
-61.6904
 21
80.4529
  0
LINE
  8
0
 10
-61.6904
 20
80.4529
 11
-61.5155
 21
80.875
  0
LINE
  8
0
 10
-61.5155
 20
80.875
 11
-61.2374
 21
81.2374
  0
LINE
  8
0
 10
-61.2374
 20
81.2374
 11
-60.875
 21
81.5155
  0
LINE
  8
0
 10
-60.875
 20
81.5155
 11
-60.4529
 21
81.6904
  0
LINE
  8
0
 10
-60.4529
 20
81.6904
 11
-60
 21
81.75
  0
LINE
  8
0
 10
-60
 20
81.75
 11
-59.5471
 21
81.6904
  0
LINE
  8
0
 10
-59.5471
 20
81.6904
 11
-59.125
 21
81.5155
  0
LINE
  8
0
 10
-59.125
 20
81.5155
 11
-58.7626
 21
81.2374
  0
LINE
  8
0
 10
-58.7626
 20
81.2374
 11
-58.4845
 21
80.875
  0
LINE
  8
0
 10
-58.4845
 20
80.875
 11
-58.3096
 21
80.4529
  0
LINE
  8
0
 10
-58.3096
 20
80.4529
 11
-58.25
 21
80
  0
LINE
  8
0
 10
-58.25
 20
80
 11
-58.3096
 21
79.5471
  0
LINE
  8
0
 10
-58.3096
 20
79.5471
 11
-58.4845
 21
79.125
  0
LINE
  8
0
 10
-58.4845
 20
79.125
 11
-58.7626
 21
78.7626
  0
LINE
  8
0
 10
-58.7626
 20
78.7626
 11
-59.125
 21
78.4845
  0
LINE
  8
0
 10
-59.125
 20
78.4845
 11
-59.5471
 21
78.3096
  0
LINE
  8
0
 10
-59.5471
 20
78.3096
 11
-60
 21
78.25
  0
LINE
  8
0
 10
-60
 20
78.25
 11
-60.4529
 21
78.3096
  0
LINE
  8
0
 10
-60.4529
 20
78.3096
 11
-60.875
 21
78.4845
  0
LINE
  8
0
 10
-60.875
 20
78.4845
 11
-61.2374
 21
78.7626
  0
LINE
  8
0
 10
-61.2374
 20
78.7626
 11
-61.5155
 21
79.125
  0
LINE
  8
0
 10
-61.5155
 20
79.125
 11
-61.6904
 21
79.5471
  0
LINE
  8
0
 10
-61.6904
 20
79.5471
 11
-61.75
 21
80
  0
LINE
  8
0
 10
-61.032
 20
57.3205
 11
-60.9724
 21
57.7734
  0
LINE
  8
0
 10
-60.9724
 20
57.7734
 11
-60.7976
 21
58.1955
  0
LINE
  8
0
 10
-60.7976
 20
58.1955
 11
-60.5195
 21
58.5579
  0
LINE
  8
0
 10
-60.5195
 20
58.5579
 11
-60.157
 21
58.8361
  0
LINE
  8
0
 10
-60.157
 20
58.8361
 11
-59.735
 21
59.0109
  0
LINE
  8
0
 10
-59.735
 20
59.0109
 11
-59.282
 21
59.0705
  0
LINE
  8
0
 10
-59.282
 20
59.0705
 11
-58.8291
 21
59.0109
  0
LINE
  8
0
 10
-58.8291
 20
59.0109
 11
-58.407
 21
58.8361
  0
LINE
  8
0
 10
-58.407
 20
58.8361
 11
-58.0446
 21
58.5579
  0
LINE
  8
0
 10
-58.0446
 20
58.5579
 11
-57.7665
 21
58.1955
  0
LINE
  8
0
 10
-57.7665
 20
58.1955
 11
-57.5917
 21
57.7734
  0
LINE
  8
0
 10
-57.5917
 20
57.7734
 11
-57.532
 21
57.3205
  0
LINE
  8
0
 10
-57.532
 20
57.3205
 11
-57.5917
 21
56.8676
  0
LINE
  8
0
 10
-57.5917
 20
56.8676
 11
-57.7665
 21
56.4455
  0
LINE
  8
0
 10
-57.7665
 20
56.4455
 11
-58.0446
 21
56.0831
  0
LINE
  8
0
 10
-58.0446
 20
56.0831
 11
-58.407
 21
55.805
  0
LINE
  8
0
 10
-58.407
 20
55.805
 11
-58.8291
 21
55.6301
  0
LINE
  8
0
 10
-58.8291
 20
55.6301
 11
-59.282
 21
55.5705
  0
LINE
  8
0
 10
-59.282
 20
55.5705
 11
-59.735
 21
55.6301
  0
LINE
  8
0
 10
-59.735
 20
55.6301
 11
-60.157
 21
55.805
  0
LINE
  8
0
 10
-60.157
 20
55.805
 11
-60.5195
 21
56.0831
  0
LINE
  8
0
 10
-60.5195
 20
56.0831
 11
-60.7976
 21
56.4455
  0
LINE
  8
0
 10
-60.7976
 20
56.4455
 11
-60.9724
 21
56.8676
  0
LINE
  8
0
 10
-60.9724
 20
56.8676
 11
-61.032
 21
57.3205
  0
LINE
  8
0
 10
-41.75
 20
-80
 11
-41.6904
 21
-79.5471
  0
LINE
  8
0
 10
-41.6904
 20
-79.5471
 11
-41.5155
 21
-79.125
  0
LINE
  8
0
 10
-41.5155
 20
-79.125
 11
-41.2374
 21
-78.7626
  0
LINE
  8
0
 10
-41.2374
 20
-78.7626
 11
-40.875
 21
-78.4845
  0
LINE
  8
0
 10
-40.875
 20
-78.4845
 11
-40.4529
 21
-78.3096
  0
LINE
  8
0
 10
-40.4529
 20
-78.3096
 11
-40
 21
-78.25
  0
LINE
  8
0
 10
-40
 20
-78.25
 11
-39.5471
 21
-78.3096
  0
LINE
  8
0
 10
-39.5471
 20
-78.3096
 11
-39.125
 21
-78.4845
  0
LINE
  8
0
 10
-39.125
 20
-78.4845
 11
-38.7626
 21
-78.7626
  0
LINE
  8
0
 10
-38.7626
 20
-78.7626
 11
-38.4845
 21
-79.125
  0
LINE
  8
0
 10
-38.4845
 20
-79.125
 11
-38.3096
 21
-79.5471
  0
LINE
  8
0
 10
-38.3096
 20
-79.5471
 11
-38.25
 21
-80
  0
LINE
  8
0
 10
-38.25
 20
-80
 11
-38.3096
 21
-80.4529
  0
LINE
  8
0
 10
-38.3096
 20
-80.4529
 11
-38.4845
 21
-80.875
  0
LINE
  8
0
 10
-38.4845
 20
-80.875
 11
-38.7626
 21
-81.2374
  0
LINE
  8
0
 10
-38.7626
 20
-81.2374
 11
-39.125
 21
-81.5155
  0
LINE
  8
0
 10
-39.125
 20
-81.5155
 11
-39.5471
 21
-81.6904
  0
LINE
  8
0
 10
-39.5471
 20
-81.6904
 11
-40
 21
-81.75
  0
LINE
  8
0
 10
-40
 20
-81.75
 11
-40.4529
 21
-81.6904
  0
LINE
  8
0
 10
-40.4529
 20
-81.6904
 11
-40.875
 21
-81.5155
  0
LINE
  8
0
 10
-40.875
 20
-81.5155
 11
-41.2374
 21
-81.2374
  0
LINE
  8
0
 10
-41.2374
 20
-81.2374
 11
-41.5155
 21
-80.875
  0
LINE
  8
0
 10
-41.5155
 20
-80.875
 11
-41.6904
 21
-80.4529
  0
LINE
  8
0
 10
-41.6904
 20
-80.4529
 11
-41.75
 21
-80
  0
LINE
  8
0
 10
-41.75
 20
-60
 11
-41.6904
 21
-59.5471
  0
LINE
  8
0
 10
-41.6904
 20
-59.5471
 11
-41.5155
 21
-59.125
  0
LINE
  8
0
 10
-41.5155
 20
-59.125
 11
-41.2374
 21
-58.7626
  0
LINE
  8
0
 10
-41.2374
 20
-58.7626
 11
-40.875
 21
-58.4845
  0
LINE
  8
0
 10
-40.875
 20
-58.4845
 11
-40.4529
 21
-58.3096
  0
LINE
  8
0
 10
-40.4529
 20
-58.3096
 11
-40
 21
-58.25
  0
LINE
  8
0
 10
-40
 20
-58.25
 11
-39.5471
 21
-58.3096
  0
LINE
  8
0
 10
-39.5471
 20
-58.3096
 11
-39.125
 21
-58.4845
  0
LINE
  8
0
 10
-39.125
 20
-58.4845
 11
-38.7626
 21
-58.7626
  0
LINE
  8
0
 10
-38.7626
 20
-58.7626
 11
-38.4845
 21
-59.125
  0
LINE
  8
0
 10
-38.4845
 20
-59.125
 11
-38.3096
 21
-59.5471
  0
LINE
  8
0
 10
-38.3096
 20
-59.5471
 11
-38.25
 21
-60
  0
LINE
  8
0
 10
-38.25
 20
-60
 11
-38.3096
 21
-60.4529
  0
LINE
  8
0
 10
-38.3096
 20
-60.4529
 11
-38.4845
 21
-60.875
  0
LINE
  8
0
 10
-38.4845
 20
-60.875
 11
-38.7626
 21
-61.2374
  0
LINE
  8
0
 10
-38.7626
 20
-61.2374
 11
-39.125
 21
-61.5155
  0
LINE
  8
0
 10
-39.125
 20
-61.5155
 11
-39.5471
 21
-61.6904
  0
LINE
  8
0
 10
-39.5471
 20
-61.6904
 11
-40
 21
-61.75
  0
LINE
  8
0
 10
-40
 20
-61.75
 11
-40.4529
 21
-61.6904
  0
LINE
  8
0
 10
-40.4529
 20
-61.6904
 11
-40.875
 21
-61.5155
  0
LINE
  8
0
 10
-40.875
 20
-61.5155
 11
-41.2374
 21
-61.2374
  0
LINE
  8
0
 10
-41.2374
 20
-61.2374
 11
-41.5155
 21
-60.875
  0
LINE
  8
0
 10
-41.5155
 20
-60.875
 11
-41.6904
 21
-60.4529
  0
LINE
  8
0
 10
-41.6904
 20
-60.4529
 11
-41.75
 21
-60
  0
LINE
  8
0
 10
-41.75
 20
-40
 11
-41.6904
 21
-39.5471
  0
LINE
  8
0
 10
-41.6904
 20
-39.5471
 11
-41.5155
 21
-39.125
  0
LINE
  8
0
 10
-41.5155
 20
-39.125
 11
-41.2374
 21
-38.7626
  0
LINE
  8
0
 10
-41.2374
 20
-38.7626
 11
-40.875
 21
-38.4845
  0
LINE
  8
0
 10
-40.875
 20
-38.4845
 11
-40.4529
 21
-38.3096
  0
LINE
  8
0
 10
-40.4529
 20
-38.3096
 11
-40
 21
-38.25
  0
LINE
  8
0
 10
-40
 20
-38.25
 11
-39.5471
 21
-38.3096
  0
LINE
  8
0
 10
-39.5471
 20
-38.3096
 11
-39.125
 21
-38.4845
  0
LINE
  8
0
 10
-39.125
 20
-38.4845
 11
-38.7626
 21
-38.7626
  0
LINE
  8
0
 10
-38.7626
 20
-38.7626
 11
-38.4845
 21
-39.125
  0
LINE
  8
0
 10
-38.4845
 20
-39.125
 11
-38.3096
 21
-39.5471
  0
LINE
  8
0
 10
-38.3096
 20
-39.5471
 11
-38.25
 21
-40
  0
LINE
  8
0
 10
-38.25
 20
-40
 11
-38.3096
 21
-40.4529
  0
LINE
  8
0
 10
-38.3096
 20
-40.4529
 11
-38.4845
 21
-40.875
  0
LINE
  8
0
 10
-38.4845
 20
-40.875
 11
-38.7626
 21
-41.2374
  0
LINE
  8
0
 10
-38.7626
 20
-41.2374
 11
-39.125
 21
-41.5155
  0
LINE
  8
0
 10
-39.125
 20
-41.5155
 11
-39.5471
 21
-41.6904
  0
LINE
  8
0
 10
-39.5471
 20
-41.6904
 11
-40
 21
-41.75
  0
LINE
  8
0
 10
-40
 20
-41.75
 11
-40.4529
 21
-41.6904
  0
LINE
  8
0
 10
-40.4529
 20
-41.6904
 11
-40.875
 21
-41.5155
  0
LINE
  8
0
 10
-40.875
 20
-41.5155
 11
-41.2374
 21
-41.2374
  0
LINE
  8
0
 10
-41.2374
 20
-41.2374
 11
-41.5155
 21
-40.875
  0
LINE
  8
0
 10
-41.5155
 20
-40.875
 11
-41.6904
 21
-40.4529
  0
LINE
  8
0
 10
-41.6904
 20
-40.4529
 11
-41.75
 21
-40
  0
LINE
  8
0
 10
-41.75
 20
-20
 11
-41.6904
 21
-19.5471
  0
LINE
  8
0
 10
-41.6904
 20
-19.5471
 11
-41.5155
 21
-19.125
  0
LINE
  8
0
 10
-41.5155
 20
-19.125
 11
-41.2374
 21
-18.7626
  0
LINE
  8
0
 10
-41.2374
 20
-18.7626
 11
-40.875
 21
-18.4845
  0
LINE
  8
0
 10
-40.875
 20
-18.4845
 11
-40.4529
 21
-18.3096
  0
LINE
  8
0
 10
-40.4529
 20
-18.3096
 11
-40
 21
-18.25
  0
LINE
  8
0
 10
-40
 20
-18.25
 11
-39.5471
 21
-18.3096
  0
LINE
  8
0
 10
-39.5471
 20
-18.3096
 11
-39.125
 21
-18.4845
  0
LINE
  8
0
 10
-39.125
 20
-18.4845
 11
-38.7626
 21
-18.7626
  0
LINE
  8
0
 10
-38.7626
 20
-18.7626
 11
-38.4845
 21
-19.125
  0
LINE
  8
0
 10
-38.4845
 20
-19.125
 11
-38.3096
 21
-19.5471
  0
LINE
  8
0
 10
-38.3096
 20
-19.5471
 11
-38.25
 21
-20
  0
LINE
  8
0
 10
-38.25
 20
-20
 11
-38.3096
 21
-20.4529
  0
LINE
  8
0
 10
-38.3096
 20
-20.4529
 11
-38.4845
 21
-20.875
  0
LINE
  8
0
 10
-38.4845
 20
-20.875
 11
-38.7626
 21
-21.2374
  0
LINE
  8
0
 10
-38.7626
 20
-21.2374
 11
-39.125
 21
-21.5155
  0
LINE
  8
0
 10
-39.125
 20
-21.5155
 11
-39.5471
 21
-21.6904
  0
LINE
  8
0
 10
-39.5471
 20
-21.6904
 11
-40
 21
-21.75
  0
LINE
  8
0
 10
-40
 20
-21.75
 11
-40.4529
 21
-21.6904
  0
LINE
  8
0
 10
-40.4529
 20
-21.6904
 11
-40.875
 21
-21.5155
  0
LINE
  8
0
 10
-40.875
 20
-21.5155
 11
-41.2374
 21
-21.2374
  0
LINE
  8
0
 10
-41.2374
 20
-21.2374
 11
-41.5155
 21
-20.875
  0
LINE
  8
0
 10
-41.5155
 20
-20.875
 11
-41.6904
 21
-20.4529
  0
LINE
  8
0
 10
-41.6904
 20
-20.4529
 11
-41.75
 21
-20
  0
LINE
  8
0
 10
-41.75
 20
0
 11
-41.6904
 21
0.452933
  0
LINE
  8
0
 10
-41.6904
 20
0.452933
 11
-41.5155
 21
0.875
  0
LINE
  8
0
 10
-41.5155
 20
0.875
 11
-41.2374
 21
1.23744
  0
LINE
  8
0
 10
-41.2374
 20
1.23744
 11
-40.875
 21
1.51554
  0
LINE
  8
0
 10
-40.875
 20
1.51554
 11
-40.4529
 21
1.69037
  0
LINE
  8
0
 10
-40.4529
 20
1.69037
 11
-40
 21
1.75
  0
LINE
  8
0
 10
-40
 20
1.75
 11
-39.5471
 21
1.69037
  0
LINE
  8
0
 10
-39.5471
 20
1.69037
 11
-39.125
 21
1.51554
  0
LINE
  8
0
 10
-39.125
 20
1.51554
 11
-38.7626
 21
1.23744
  0
LINE
  8
0
 10
-38.7626
 20
1.23744
 11
-38.4845
 21
0.875
  0
LINE
  8
0
 10
-38.4845
 20
0.875
 11
-38.3096
 21
0.452933
  0
LINE
  8
0
 10
-38.3096
 20
0.452933
 11
-38.25
 21
0
  0
LINE
  8
0
 10
-38.25
 20
0
 11
-38.3096
 21
-0.452933
  0
LINE
  8
0
 10
-38.3096
 20
-0.452933
 11
-38.4845
 21
-0.875
  0
LINE
  8
0
 10
-38.4845
 20
-0.875
 11
-38.7626
 21
-1.23744
  0
LINE
  8
0
 10
-38.7626
 20
-1.23744
 11
-39.125
 21
-1.51554
  0
LINE
  8
0
 10
-39.125
 20
-1.51554
 11
-39.5471
 21
-1.69037
  0
LINE
  8
0
 10
-39.5471
 20
-1.69037
 11
-40
 21
-1.75
  0
LINE
  8
0
 10
-40
 20
-1.75
 11
-40.4529
 21
-1.69037
  0
LINE
  8
0
 10
-40.4529
 20
-1.69037
 11
-40.875
 21
-1.51554
  0
LINE
  8
0
 10
-40.875
 20
-1.51554
 11
-41.2374
 21
-1.23744
  0
LINE
  8
0
 10
-41.2374
 20
-1.23744
 11
-41.5155
 21
-0.875
  0
LINE
  8
0
 10
-41.5155
 20
-0.875
 11
-41.6904
 21
-0.452933
  0
LINE
  8
0
 10
-41.6904
 20
-0.452933
 11
-41.75
 21
0
  0
LINE
  8
0
 10
-41.75
 20
20
 11
-41.6904
 21
20.4529
  0
LINE
  8
0
 10
-41.6904
 20
20.4529
 11
-41.5155
 21
20.875
  0
LINE
  8
0
 10
-41.5155
 20
20.875
 11
-41.2374
 21
21.2374
  0
LINE
  8
0
 10
-41.2374
 20
21.2374
 11
-40.875
 21
21.5155
  0
LINE
  8
0
 10
-40.875
 20
21.5155
 11
-40.4529
 21
21.6904
  0
LINE
  8
0
 10
-40.4529
 20
21.6904
 11
-40
 21
21.75
  0
LINE
  8
0
 10
-40
 20
21.75
 11
-39.5471
 21
21.6904
  0
LINE
  8
0
 10
-39.5471
 20
21.6904
 11
-39.125
 21
21.5155
  0
LINE
  8
0
 10
-39.125
 20
21.5155
 11
-38.7626
 21
21.2374
  0
LINE
  8
0
 10
-38.7626
 20
21.2374
 11
-38.4845
 21
20.875
  0
LINE
  8
0
 10
-38.4845
 20
20.875
 11
-38.3096
 21
20.4529
  0
LINE
  8
0
 10
-38.3096
 20
20.4529
 11
-38.25
 21
20
  0
LINE
  8
0
 10
-38.25
 20
20
 11
-38.3096
 21
19.5471
  0
LINE
  8
0
 10
-38.3096
 20
19.5471
 11
-38.4845
 21
19.125
  0
LINE
  8
0
 10
-38.4845
 20
19.125
 11
-38.7626
 21
18.7626
  0
LINE
  8
0
 10
-38.7626
 20
18.7626
 11
-39.125
 21
18.4845
  0
LINE
  8
0
 10
-39.125
 20
18.4845
 11
-39.5471
 21
18.3096
  0
LINE
  8
0
 10
-39.5471
 20
18.3096
 11
-40
 21
18.25
  0
LINE
  8
0
 10
-40
 20
18.25
 11
-40.4529
 21
18.3096
  0
LINE
  8
0
 10
-40.4529
 20
18.3096
 11
-40.875
 21
18.4845
  0
LINE
  8
0
 10
-40.875
 20
18.4845
 11
-41.2374
 21
18.7626
  0
LINE
  8
0
 10
-41.2374
 20
18.7626
 11
-41.5155
 21
19.125
  0
LINE
  8
0
 10
-41.5155
 20
19.125
 11
-41.6904
 21
19.5471
  0
LINE
  8
0
 10
-41.6904
 20
19.5471
 11
-41.75
 21
20
  0
LINE
  8
0
 10
-41.75
 20
40
 11
-41.6904
 21
40.4529
  0
LINE
  8
0
 10
-41.6904
 20
40.4529
 11
-41.5155
 21
40.875
  0
LINE
  8
0
 10
-41.5155
 20
40.875
 11
-41.2374
 21
41.2374
  0
LINE
  8
0
 10
-41.2374
 20
41.2374
 11
-40.875
 21
41.5155
  0
LINE
  8
0
 10
-40.875
 20
41.5155
 11
-40.4529
 21
41.6904
  0
LINE
  8
0
 10
-40.4529
 20
41.6904
 11
-40
 21
41.75
  0
LINE
  8
0
 10
-40
 20
41.75
 11
-39.5471
 21
41.6904
  0
LINE
  8
0
 10
-39.5471
 20
41.6904
 11
-39.125
 21
41.5155
  0
LINE
  8
0
 10
-39.125
 20
41.5155
 11
-38.7626
 21
41.2374
  0
LINE
  8
0
 10
-38.7626
 20
41.2374
 11
-38.4845
 21
40.875
  0
LINE
  8
0
 10
-38.4845
 20
40.875
 11
-38.3096
 21
40.4529
  0
LINE
  8
0
 10
-38.3096
 20
40.4529
 11
-38.25
 21
40
  0
LINE
  8
0
 10
-38.25
 20
40
 11
-38.3096
 21
39.5471
  0
LINE
  8
0
 10
-38.3096
 20
39.5471
 11
-38.4845
 21
39.125
  0
LINE
  8
0
 10
-38.4845
 20
39.125
 11
-38.7626
 21
38.7626
  0
LINE
  8
0
 10
-38.7626
 20
38.7626
 11
-39.125
 21
38.4845
  0
LINE
  8
0
 10
-39.125
 20
38.4845
 11
-39.5471
 21
38.3096
  0
LINE
  8
0
 10
-39.5471
 20
38.3096
 11
-40
 21
38.25
  0
LINE
  8
0
 10
-40
 20
38.25
 11
-40.4529
 21
38.3096
  0
LINE
  8
0
 10
-40.4529
 20
38.3096
 11
-40.875
 21
38.4845
  0
LINE
  8
0
 10
-40.875
 20
38.4845
 11
-41.2374
 21
38.7626
  0
LINE
  8
0
 10
-41.2374
 20
38.7626
 11
-41.5155
 21
39.125
  0
LINE
  8
0
 10
-41.5155
 20
39.125
 11
-41.6904
 21
39.5471
  0
LINE
  8
0
 10
-41.6904
 20
39.5471
 11
-41.75
 21
40
  0
LINE
  8
0
 10
-41.75
 20
60
 11
-41.6904
 21
60.4529
  0
LINE
  8
0
 10
-41.6904
 20
60.4529
 11
-41.5155
 21
60.875
  0
LINE
  8
0
 10
-41.5155
 20
60.875
 11
-41.2374
 21
61.2374
  0
LINE
  8
0
 10
-41.2374
 20
61.2374
 11
-40.875
 21
61.5155
  0
LINE
  8
0
 10
-40.875
 20
61.5155
 11
-40.4529
 21
61.6904
  0
LINE
  8
0
 10
-40.4529
 20
61.6904
 11
-40
 21
61.75
  0
LINE
  8
0
 10
-40
 20
61.75
 11
-39.5471
 21
61.6904
  0
LINE
  8
0
 10
-39.5471
 20
61.6904
 11
-39.125
 21
61.5155
  0
LINE
  8
0
 10
-39.125
 20
61.5155
 11
-38.7626
 21
61.2374
  0
LINE
  8
0
 10
-38.7626
 20
61.2374
 11
-38.4845
 21
60.875
  0
LINE
  8
0
 10
-38.4845
 20
60.875
 11
-38.3096
 21
60.4529
  0
LINE
  8
0
 10
-38.3096
 20
60.4529
 11
-38.25
 21
60
  0
LINE
  8
0
 10
-38.25
 20
60
 11
-38.3096
 21
59.5471
  0
LINE
  8
0
 10
-38.3096
 20
59.5471
 11
-38.4845
 21
59.125
  0
LINE
  8
0
 10
-38.4845
 20
59.125
 11
-38.7626
 21
58.7626
  0
LINE
  8
0
 10
-38.7626
 20
58.7626
 11
-39.125
 21
58.4845
  0
LINE
  8
0
 10
-39.125
 20
58.4845
 11
-39.5471
 21
58.3096
  0
LINE
  8
0
 10
-39.5471
 20
58.3096
 11
-40
 21
58.25
  0
LINE
  8
0
 10
-40
 20
58.25
 11
-40.4529
 21
58.3096
  0
LINE
  8
0
 10
-40.4529
 20
58.3096
 11
-40.875
 21
58.4845
  0
LINE
  8
0
 10
-40.875
 20
58.4845
 11
-41.2374
 21
58.7626
  0
LINE
  8
0
 10
-41.2374
 20
58.7626
 11
-41.5155
 21
59.125
  0
LINE
  8
0
 10
-41.5155
 20
59.125
 11
-41.6904
 21
59.5471
  0
LINE
  8
0
 10
-41.6904
 20
59.5471
 11
-41.75
 21
60
  0
LINE
  8
0
 10
-41.75
 20
80
 11
-41.6904
 21
80.4529
  0
LINE
  8
0
 10
-41.6904
 20
80.4529
 11
-41.5155
 21
80.875
  0
LINE
  8
0
 10
-41.5155
 20
80.875
 11
-41.2374
 21
81.2374
  0
LINE
  8
0
 10
-41.2374
 20
81.2374
 11
-40.875
 21
81.5155
  0
LINE
  8
0
 10
-40.875
 20
81.5155
 11
-40.4529
 21
81.6904
  0
LINE
  8
0
 10
-40.4529
 20
81.6904
 11
-40
 21
81.75
  0
LINE
  8
0
 10
-40
 20
81.75
 11
-39.5471
 21
81.6904
  0
LINE
  8
0
 10
-39.5471
 20
81.6904
 11
-39.125
 21
81.5155
  0
LINE
  8
0
 10
-39.125
 20
81.5155
 11
-38.7626
 21
81.2374
  0
LINE
  8
0
 10
-38.7626
 20
81.2374
 11
-38.4845
 21
80.875
  0
LINE
  8
0
 10
-38.4845
 20
80.875
 11
-38.3096
 21
80.4529
  0
LINE
  8
0
 10
-38.3096
 20
80.4529
 11
-38.25
 21
80
  0
LINE
  8
0
 10
-38.25
 20
80
 11
-38.3096
 21
79.5471
  0
LINE
  8
0
 10
-38.3096
 20
79.5471
 11
-38.4845
 21
79.125
  0
LINE
  8
0
 10
-38.4845
 20
79.125
 11
-38.7626
 21
78.7626
  0
LINE
  8
0
 10
-38.7626
 20
78.7626
 11
-39.125
 21
78.4845
  0
LINE
  8
0
 10
-39.125
 20
78.4845
 11
-39.5471
 21
78.3096
  0
LINE
  8
0
 10
-39.5471
 20
78.3096
 11
-40
 21
78.25
  0
LINE
  8
0
 10
-40
 20
78.25
 11
-40.4529
 21
78.3096
  0
LINE
  8
0
 10
-40.4529
 20
78.3096
 11
-40.875
 21
78.4845
  0
LINE
  8
0
 10
-40.875
 20
78.4845
 11
-41.2374
 21
78.7626
  0
LINE
  8
0
 10
-41.2374
 20
78.7626
 11
-41.5155
 21
79.125
  0
LINE
  8
0
 10
-41.5155
 20
79.125
 11
-41.6904
 21
79.5471
  0
LINE
  8
0
 10
-41.6904
 20
79.5471
 11
-41.75
 21
80
  0
LINE
  8
0
 10
-34.45
 20
25.225
 11
-34.358
 21
25.9238
  0
LINE
  8
0
 10
-34.358
 20
25.9238
 11
-34.0883
 21
26.575
  0
LINE
  8
0
 10
-34.0883
 20
26.575
 11
-33.6592
 21
27.1342
  0
LINE
  8
0
 10
-33.6592
 20
27.1342
 11
-33.1
 21
27.5633
  0
LINE
  8
0
 10
-33.1
 20
27.5633
 11
-32.4488
 21
27.833
  0
LINE
  8
0
 10
-32.4488
 20
27.833
 11
-31.75
 21
27.925
  0
LINE
  8
0
 10
-31.75
 20
27.925
 11
-31.0512
 21
27.833
  0
LINE
  8
0
 10
-31.0512
 20
27.833
 11
-30.4
 21
27.5633
  0
LINE
  8
0
 10
-30.4
 20
27.5633
 11
-29.8408
 21
27.1342
  0
LINE
  8
0
 10
-29.8408
 20
27.1342
 11
-29.4117
 21
26.575
  0
LINE
  8
0
 10
-29.4117
 20
26.575
 11
-29.142
 21
25.9238
  0
LINE
  8
0
 10
-29.142
 20
25.9238
 11
-29.05
 21
25.225
  0
LINE
  8
0
 10
-29.05
 20
25.225
 11
-29.142
 21
24.5262
  0
LINE
  8
0
 10
-29.142
 20
24.5262
 11
-29.4117
 21
23.875
  0
LINE
  8
0
 10
-29.4117
 20
23.875
 11
-29.8408
 21
23.3158
  0
LINE
  8
0
 10
-29.8408
 20
23.3158
 11
-30.4
 21
22.8867
  0
LINE
  8
0
 10
-30.4
 20
22.8867
 11
-31.0512
 21
22.617
  0
LINE
  8
0
 10
-31.0512
 20
22.617
 11
-31.75
 21
22.525
  0
LINE
  8
0
 10
-31.75
 20
22.525
 11
-32.4488
 21
22.617
  0
LINE
  8
0
 10
-32.4488
 20
22.617
 11
-33.1
 21
22.8867
  0
LINE
  8
0
 10
-33.1
 20
22.8867
 11
-33.6592
 21
23.3158
  0
LINE
  8
0
 10
-33.6592
 20
23.3158
 11
-34.0883
 21
23.875
  0
LINE
  8
0
 10
-34.0883
 20
23.875
 11
-34.358
 21
24.5262
  0
LINE
  8
0
 10
-34.358
 20
24.5262
 11
-34.45
 21
25.225
  0
LINE
  8
0
 10
-30.476
 20
95
 11
-30.384
 21
95.6988
  0
LINE
  8
0
 10
-30.384
 20
95.6988
 11
-30.1143
 21
96.35
  0
LINE
  8
0
 10
-30.1143
 20
96.35
 11
-29.6852
 21
96.9092
  0
LINE
  8
0
 10
-29.6852
 20
96.9092
 11
-29.126
 21
97.3383
  0
LINE
  8
0
 10
-29.126
 20
97.3383
 11
-28.4748
 21
97.608
  0
LINE
  8
0
 10
-28.4748
 20
97.608
 11
-27.776
 21
97.7
  0
LINE
  8
0
 10
-27.776
 20
97.7
 11
-27.0772
 21
97.608
  0
LINE
  8
0
 10
-27.0772
 20
97.608
 11
-26.426
 21
97.3383
  0
LINE
  8
0
 10
-26.426
 20
97.3383
 11
-25.8668
 21
96.9092
  0
LINE
  8
0
 10
-25.8668
 20
96.9092
 11
-25.4377
 21
96.35
  0
LINE
  8
0
 10
-25.4377
 20
96.35
 11
-25.168
 21
95.6988
  0
LINE
  8
0
 10
-25.168
 20
95.6988
 11
-25.076
 21
95
  0
LINE
  8
0
 10
-25.076
 20
95
 11
-25.168
 21
94.3012
  0
LINE
  8
0
 10
-25.168
 20
94.3012
 11
-25.4377
 21
93.65
  0
LINE
  8
0
 10
-25.4377
 20
93.65
 11
-25.8668
 21
93.0908
  0
LINE
  8
0
 10
-25.8668
 20
93.0908
 11
-26.426
 21
92.6617
  0
LINE
  8
0
 10
-26.426
 20
92.6617
 11
-27.0772
 21
92.392
  0
LINE
  8
0
 10
-27.0772
 20
92.392
 11
-27.776
 21
92.3
  0
LINE
  8
0
 10
-27.776
 20
92.3
 11
-28.4748
 21
92.392
  0
LINE
  8
0
 10
-28.4748
 20
92.392
 11
-29.126
 21
92.6617
  0
LINE
  8
0
 10
-29.126
 20
92.6617
 11
-29.6852
 21
93.0908
  0
LINE
  8
0
 10
-29.6852
 20
93.0908
 11
-30.1143
 21
93.65
  0
LINE
  8
0
 10
-30.1143
 20
93.65
 11
-30.384
 21
94.3012
  0
LINE
  8
0
 10
-30.384
 20
94.3012
 11
-30.476
 21
95
  0
LINE
  8
0
 10
-25
 20
1.37417
 11
-25
 21
6.37417
  0
LINE
  8
0
 10
-25
 20
6.37417
 11
-24.8481
 21
8.11065
  0
LINE
  8
0
 10
-24.8481
 20
8.11065
 11
-24.3969
 21
9.79437
  0
LINE
  8
0
 10
-24.3969
 20
9.79437
 11
-23.6603
 21
11.3742
  0
LINE
  8
0
 10
-23.6603
 20
11.3742
 11
-22.6604
 21
12.802
  0
LINE
  8
0
 10
-22.6604
 20
12.802
 11
-21.4279
 21
14.0346
  0
LINE
  8
0
 10
-21.4279
 20
14.0346
 11
-20
 21
15.0344
  0
LINE
  8
0
 10
-20
 20
15.0344
 11
-18.4202
 21
15.7711
  0
LINE
  8
0
 10
-18.4202
 20
15.7711
 11
-16.7365
 21
16.2222
  0
LINE
  8
0
 10
-16.7365
 20
16.2222
 11
-15
 21
16.3742
  0
LINE
  8
0
 10
-15
 20
16.3742
 11
15
 21
16.3742
  0
LINE
  8
0
 10
15
 20
16.3742
 11
16.7365
 21
16.2222
  0
LINE
  8
0
 10
16.7365
 20
16.2222
 11
18.4202
 21
15.7711
  0
LINE
  8
0
 10
18.4202
 20
15.7711
 11
20
 21
15.0344
  0
LINE
  8
0
 10
20
 20
15.0344
 11
21.4279
 21
14.0346
  0
LINE
  8
0
 10
21.4279
 20
14.0346
 11
22.6604
 21
12.802
  0
LINE
  8
0
 10
22.6604
 20
12.802
 11
23.6603
 21
11.3742
  0
LINE
  8
0
 10
23.6603
 20
11.3742
 11
24.3969
 21
9.79437
  0
LINE
  8
0
 10
24.3969
 20
9.79437
 11
24.8481
 21
8.11065
  0
LINE
  8
0
 10
24.8481
 20
8.11065
 11
25
 21
6.37417
  0
LINE
  8
0
 10
25
 20
6.37417
 11
25
 21
1.37417
  0
LINE
  8
0
 10
25
 20
1.37417
 11
24.8481
 21
-0.362314
  0
LINE
  8
0
 10
24.8481
 20
-0.362314
 11
24.3969
 21
-2.04603
  0
LINE
  8
0
 10
24.3969
 20
-2.04603
 11
23.6603
 21
-3.62583
  0
LINE
  8
0
 10
23.6603
 20
-3.62583
 11
22.6604
 21
-5.05371
  0
LINE
  8
0
 10
22.6604
 20
-5.05371
 11
21.4279
 21
-6.28628
  0
LINE
  8
0
 10
21.4279
 20
-6.28628
 11
20
 21
-7.28609
  0
LINE
  8
0
 10
20
 20
-7.28609
 11
18.4202
 21
-8.02276
  0
LINE
  8
0
 10
18.4202
 20
-8.02276
 11
16.7365
 21
-8.47391
  0
LINE
  8
0
 10
16.7365
 20
-8.47391
 11
15
 21
-8.62583
  0
LINE
  8
0
 10
15
 20
-8.62583
 11
-15
 21
-8.62583
  0
LINE
  8
0
 10
-15
 20
-8.62583
 11
-16.7365
 21
-8.47391
  0
LINE
  8
0
 10
-16.7365
 20
-8.47391
 11
-18.4202
 21
-8.02276
  0
LINE
  8
0
 10
-18.4202
 20
-8.02276
 11
-20
 21
-7.28609
  0
LINE
  8
0
 10
-20
 20
-7.28609
 11
-21.4279
 21
-6.28628
  0
LINE
  8
0
 10
-21.4279
 20
-6.28628
 11
-22.6604
 21
-5.05371
  0
LINE
  8
0
 10
-22.6604
 20
-5.05371
 11
-23.6603
 21
-3.62583
  0
LINE
  8
0
 10
-23.6603
 20
-3.62583
 11
-24.3969
 21
-2.04603
  0
LINE
  8
0
 10
-24.3969
 20
-2.04603
 11
-24.8481
 21
-0.362314
  0
LINE
  8
0
 10
-24.8481
 20
-0.362314
 11
-25
 21
1.37417
  0
LINE
  8
0
 10
-24.35
 20
-85
 11
-24.304
 21
-84.6506
  0
LINE
  8
0
 10
-24.304
 20
-84.6506
 11
-24.1691
 21
-84.325
  0
LINE
  8
0
 10
-24.1691
 20
-84.325
 11
-23.9546
 21
-84.0454
  0
LINE
  8
0
 10
-23.9546
 20
-84.0454
 11
-23.675
 21
-83.8309
  0
LINE
  8
0
 10
-23.675
 20
-83.8309
 11
-23.3494
 21
-83.696
  0
LINE
  8
0
 10
-23.3494
 20
-83.696
 11
-23
 21
-83.65
  0
LINE
  8
0
 10
-23
 20
-83.65
 11
-22.6506
 21
-83.696
  0
LINE
  8
0
 10
-22.6506
 20
-83.696
 11
-22.325
 21
-83.8309
  0
LINE
  8
0
 10
-22.325
 20
-83.8309
 11
-22.0454
 21
-84.0454
  0
LINE
  8
0
 10
-22.0454
 20
-84.0454
 11
-21.8309
 21
-84.325
  0
LINE
  8
0
 10
-21.8309
 20
-84.325
 11
-21.696
 21
-84.6506
  0
LINE
  8
0
 10
-21.696
 20
-84.6506
 11
-21.65
 21
-85
  0
LINE
  8
0
 10
-21.65
 20
-85
 11
-21.696
 21
-85.3494
  0
LINE
  8
0
 10
-21.696
 20
-85.3494
 11
-21.8309
 21
-85.675
  0
LINE
  8
0
 10
-21.8309
 20
-85.675
 11
-22.0454
 21
-85.9546
  0
LINE
  8
0
 10
-22.0454
 20
-85.9546
 11
-22.325
 21
-86.1691
  0
LINE
  8
0
 10
-22.325
 20
-86.1691
 11
-22.6506
 21
-86.304
  0
LINE
  8
0
 10
-22.6506
 20
-86.304
 11
-23
 21
-86.35
  0
LINE
  8
0
 10
-23
 20
-86.35
 11
-23.3494
 21
-86.304
  0
LINE
  8
0
 10
-23.3494
 20
-86.304
 11
-23.675
 21
-86.1691
  0
LINE
  8
0
 10
-23.675
 20
-86.1691
 11
-23.9546
 21
-85.9546
  0
LINE
  8
0
 10
-23.9546
 20
-85.9546
 11
-24.1691
 21
-85.675
  0
LINE
  8
0
 10
-24.1691
 20
-85.675
 11
-24.304
 21
-85.3494
  0
LINE
  8
0
 10
-24.304
 20
-85.3494
 11
-24.35
 21
-85
  0
LINE
  8
0
 10
-24.35
 20
-36
 11
-24.304
 21
-35.6506
  0
LINE
  8
0
 10
-24.304
 20
-35.6506
 11
-24.1691
 21
-35.325
  0
LINE
  8
0
 10
-24.1691
 20
-35.325
 11
-23.9546
 21
-35.0454
  0
LINE
  8
0
 10
-23.9546
 20
-35.0454
 11
-23.675
 21
-34.8309
  0
LINE
  8
0
 10
-23.675
 20
-34.8309
 11
-23.3494
 21
-34.696
  0
LINE
  8
0
 10
-23.3494
 20
-34.696
 11
-23
 21
-34.65
  0
LINE
  8
0
 10
-23
 20
-34.65
 11
-22.6506
 21
-34.696
  0
LINE
  8
0
 10
-22.6506
 20
-34.696
 11
-22.325
 21
-34.8309
  0
LINE
  8
0
 10
-22.325
 20
-34.8309
 11
-22.0454
 21
-35.0454
  0
LINE
  8
0
 10
-22.0454
 20
-35.0454
 11
-21.8309
 21
-35.325
  0
LINE
  8
0
 10
-21.8309
 20
-35.325
 11
-21.696
 21
-35.6506
  0
LINE
  8
0
 10
-21.696
 20
-35.6506
 11
-21.65
 21
-36
  0
LINE
  8
0
 10
-21.65
 20
-36
 11
-21.696
 21
-36.3494
  0
LINE
  8
0
 10
-21.696
 20
-36.3494
 11
-21.8309
 21
-36.675
  0
LINE
  8
0
 10
-21.8309
 20
-36.675
 11
-22.0454
 21
-36.9546
  0
LINE
  8
0
 10
-22.0454
 20
-36.9546
 11
-22.325
 21
-37.1691
  0
LINE
  8
0
 10
-22.325
 20
-37.1691
 11
-22.6506
 21
-37.304
  0
LINE
  8
0
 10
-22.6506
 20
-37.304
 11
-23
 21
-37.35
  0
LINE
  8
0
 10
-23
 20
-37.35
 11
-23.3494
 21
-37.304
  0
LINE
  8
0
 10
-23.3494
 20
-37.304
 11
-23.675
 21
-37.1691
  0
LINE
  8
0
 10
-23.675
 20
-37.1691
 11
-23.9546
 21
-36.9546
  0
LINE
  8
0
 10
-23.9546
 20
-36.9546
 11
-24.1691
 21
-36.675
  0
LINE
  8
0
 10
-24.1691
 20
-36.675
 11
-24.304
 21
-36.3494
  0
LINE
  8
0
 10
-24.304
 20
-36.3494
 11
-24.35
 21
-36
  0
LINE
  8
0
 10
-21.75
 20
-100
 11
-21.6904
 21
-99.5471
  0
LINE
  8
0
 10
-21.6904
 20
-99.5471
 11
-21.5155
 21
-99.125
  0
LINE
  8
0
 10
-21.5155
 20
-99.125
 11
-21.2374
 21
-98.7626
  0
LINE
  8
0
 10
-21.2374
 20
-98.7626
 11
-20.875
 21
-98.4845
  0
LINE
  8
0
 10
-20.875
 20
-98.4845
 11
-20.4529
 21
-98.3096
  0
LINE
  8
0
 10
-20.4529
 20
-98.3096
 11
-20
 21
-98.25
  0
LINE
  8
0
 10
-20
 20
-98.25
 11
-19.5471
 21
-98.3096
  0
LINE
  8
0
 10
-19.5471
 20
-98.3096
 11
-19.125
 21
-98.4845
  0
LINE
  8
0
 10
-19.125
 20
-98.4845
 11
-18.7626
 21
-98.7626
  0
LINE
  8
0
 10
-18.7626
 20
-98.7626
 11
-18.4845
 21
-99.125
  0
LINE
  8
0
 10
-18.4845
 20
-99.125
 11
-18.3096
 21
-99.5471
  0
LINE
  8
0
 10
-18.3096
 20
-99.5471
 11
-18.25
 21
-100
  0
LINE
  8
0
 10
-18.25
 20
-100
 11
-18.3096
 21
-100.453
  0
LINE
  8
0
 10
-18.3096
 20
-100.453
 11
-18.4845
 21
-100.875
  0
LINE
  8
0
 10
-18.4845
 20
-100.875
 11
-18.7626
 21
-101.237
  0
LINE
  8
0
 10
-18.7626
 20
-101.237
 11
-19.125
 21
-101.516
  0
LINE
  8
0
 10
-19.125
 20
-101.516
 11
-19.5471
 21
-101.69
  0
LINE
  8
0
 10
-19.5471
 20
-101.69
 11
-20
 21
-101.75
  0
LINE
  8
0
 10
-20
 20
-101.75
 11
-20.4529
 21
-101.69
  0
LINE
  8
0
 10
-20.4529
 20
-101.69
 11
-20.875
 21
-101.516
  0
LINE
  8
0
 10
-20.875
 20
-101.516
 11
-21.2374
 21
-101.237
  0
LINE
  8
0
 10
-21.2374
 20
-101.237
 11
-21.5155
 21
-100.875
  0
LINE
  8
0
 10
-21.5155
 20
-100.875
 11
-21.6904
 21
-100.453
  0
LINE
  8
0
 10
-21.6904
 20
-100.453
 11
-21.75
 21
-100
  0
LINE
  8
0
 10
-21.75
 20
-80
 11
-21.6904
 21
-79.5471
  0
LINE
  8
0
 10
-21.6904
 20
-79.5471
 11
-21.5155
 21
-79.125
  0
LINE
  8
0
 10
-21.5155
 20
-79.125
 11
-21.2374
 21
-78.7626
  0
LINE
  8
0
 10
-21.2374
 20
-78.7626
 11
-20.875
 21
-78.4845
  0
LINE
  8
0
 10
-20.875
 20
-78.4845
 11
-20.4529
 21
-78.3096
  0
LINE
  8
0
 10
-20.4529
 20
-78.3096
 11
-20
 21
-78.25
  0
LINE
  8
0
 10
-20
 20
-78.25
 11
-19.5471
 21
-78.3096
  0
LINE
  8
0
 10
-19.5471
 20
-78.3096
 11
-19.125
 21
-78.4845
  0
LINE
  8
0
 10
-19.125
 20
-78.4845
 11
-18.7626
 21
-78.7626
  0
LINE
  8
0
 10
-18.7626
 20
-78.7626
 11
-18.4845
 21
-79.125
  0
LINE
  8
0
 10
-18.4845
 20
-79.125
 11
-18.3096
 21
-79.5471
  0
LINE
  8
0
 10
-18.3096
 20
-79.5471
 11
-18.25
 21
-80
  0
LINE
  8
0
 10
-18.25
 20
-80
 11
-18.3096
 21
-80.4529
  0
LINE
  8
0
 10
-18.3096
 20
-80.4529
 11
-18.4845
 21
-80.875
  0
LINE
  8
0
 10
-18.4845
 20
-80.875
 11
-18.7626
 21
-81.2374
  0
LINE
  8
0
 10
-18.7626
 20
-81.2374
 11
-19.125
 21
-81.5155
  0
LINE
  8
0
 10
-19.125
 20
-81.5155
 11
-19.5471
 21
-81.6904
  0
LINE
  8
0
 10
-19.5471
 20
-81.6904
 11
-20
 21
-81.75
  0
LINE
  8
0
 10
-20
 20
-81.75
 11
-20.4529
 21
-81.6904
  0
LINE
  8
0
 10
-20.4529
 20
-81.6904
 11
-20.875
 21
-81.5155
  0
LINE
  8
0
 10
-20.875
 20
-81.5155
 11
-21.2374
 21
-81.2374
  0
LINE
  8
0
 10
-21.2374
 20
-81.2374
 11
-21.5155
 21
-80.875
  0
LINE
  8
0
 10
-21.5155
 20
-80.875
 11
-21.6904
 21
-80.4529
  0
LINE
  8
0
 10
-21.6904
 20
-80.4529
 11
-21.75
 21
-80
  0
LINE
  8
0
 10
-21.75
 20
-60
 11
-21.6904
 21
-59.5471
  0
LINE
  8
0
 10
-21.6904
 20
-59.5471
 11
-21.5155
 21
-59.125
  0
LINE
  8
0
 10
-21.5155
 20
-59.125
 11
-21.2374
 21
-58.7626
  0
LINE
  8
0
 10
-21.2374
 20
-58.7626
 11
-20.875
 21
-58.4845
  0
LINE
  8
0
 10
-20.875
 20
-58.4845
 11
-20.4529
 21
-58.3096
  0
LINE
  8
0
 10
-20.4529
 20
-58.3096
 11
-20
 21
-58.25
  0
LINE
  8
0
 10
-20
 20
-58.25
 11
-19.5471
 21
-58.3096
  0
LINE
  8
0
 10
-19.5471
 20
-58.3096
 11
-19.125
 21
-58.4845
  0
LINE
  8
0
 10
-19.125
 20
-58.4845
 11
-18.7626
 21
-58.7626
  0
LINE
  8
0
 10
-18.7626
 20
-58.7626
 11
-18.4845
 21
-59.125
  0
LINE
  8
0
 10
-18.4845
 20
-59.125
 11
-18.3096
 21
-59.5471
  0
LINE
  8
0
 10
-18.3096
 20
-59.5471
 11
-18.25
 21
-60
  0
LINE
  8
0
 10
-18.25
 20
-60
 11
-18.3096
 21
-60.4529
  0
LINE
  8
0
 10
-18.3096
 20
-60.4529
 11
-18.4845
 21
-60.875
  0
LINE
  8
0
 10
-18.4845
 20
-60.875
 11
-18.7626
 21
-61.2374
  0
LINE
  8
0
 10
-18.7626
 20
-61.2374
 11
-19.125
 21
-61.5155
  0
LINE
  8
0
 10
-19.125
 20
-61.5155
 11
-19.5471
 21
-61.6904
  0
LINE
  8
0
 10
-19.5471
 20
-61.6904
 11
-20
 21
-61.75
  0
LINE
  8
0
 10
-20
 20
-61.75
 11
-20.4529
 21
-61.6904
  0
LINE
  8
0
 10
-20.4529
 20
-61.6904
 11
-20.875
 21
-61.5155
  0
LINE
  8
0
 10
-20.875
 20
-61.5155
 11
-21.2374
 21
-61.2374
  0
LINE
  8
0
 10
-21.2374
 20
-61.2374
 11
-21.5155
 21
-60.875
  0
LINE
  8
0
 10
-21.5155
 20
-60.875
 11
-21.6904
 21
-60.4529
  0
LINE
  8
0
 10
-21.6904
 20
-60.4529
 11
-21.75
 21
-60
  0
LINE
  8
0
 10
-21.75
 20
-40
 11
-21.6904
 21
-39.5471
  0
LINE
  8
0
 10
-21.6904
 20
-39.5471
 11
-21.5155
 21
-39.125
  0
LINE
  8
0
 10
-21.5155
 20
-39.125
 11
-21.2374
 21
-38.7626
  0
LINE
  8
0
 10
-21.2374
 20
-38.7626
 11
-20.875
 21
-38.4845
  0
LINE
  8
0
 10
-20.875
 20
-38.4845
 11
-20.4529
 21
-38.3096
  0
LINE
  8
0
 10
-20.4529
 20
-38.3096
 11
-20
 21
-38.25
  0
LINE
  8
0
 10
-20
 20
-38.25
 11
-19.5471
 21
-38.3096
  0
LINE
  8
0
 10
-19.5471
 20
-38.3096
 11
-19.125
 21
-38.4845
  0
LINE
  8
0
 10
-19.125
 20
-38.4845
 11
-18.7626
 21
-38.7626
  0
LINE
  8
0
 10
-18.7626
 20
-38.7626
 11
-18.4845
 21
-39.125
  0
LINE
  8
0
 10
-18.4845
 20
-39.125
 11
-18.3096
 21
-39.5471
  0
LINE
  8
0
 10
-18.3096
 20
-39.5471
 11
-18.25
 21
-40
  0
LINE
  8
0
 10
-18.25
 20
-40
 11
-18.3096
 21
-40.4529
  0
LINE
  8
0
 10
-18.3096
 20
-40.4529
 11
-18.4845
 21
-40.875
  0
LINE
  8
0
 10
-18.4845
 20
-40.875
 11
-18.7626
 21
-41.2374
  0
LINE
  8
0
 10
-18.7626
 20
-41.2374
 11
-19.125
 21
-41.5155
  0
LINE
  8
0
 10
-19.125
 20
-41.5155
 11
-19.5471
 21
-41.6904
  0
LINE
  8
0
 10
-19.5471
 20
-41.6904
 11
-20
 21
-41.75
  0
LINE
  8
0
 10
-20
 20
-41.75
 11
-20.4529
 21
-41.6904
  0
LINE
  8
0
 10
-20.4529
 20
-41.6904
 11
-20.875
 21
-41.5155
  0
LINE
  8
0
 10
-20.875
 20
-41.5155
 11
-21.2374
 21
-41.2374
  0
LINE
  8
0
 10
-21.2374
 20
-41.2374
 11
-21.5155
 21
-40.875
  0
LINE
  8
0
 10
-21.5155
 20
-40.875
 11
-21.6904
 21
-40.4529
  0
LINE
  8
0
 10
-21.6904
 20
-40.4529
 11
-21.75
 21
-40
  0
LINE
  8
0
 10
-21.75
 20
-20
 11
-21.6904
 21
-19.5471
  0
LINE
  8
0
 10
-21.6904
 20
-19.5471
 11
-21.5155
 21
-19.125
  0
LINE
  8
0
 10
-21.5155
 20
-19.125
 11
-21.2374
 21
-18.7626
  0
LINE
  8
0
 10
-21.2374
 20
-18.7626
 11
-20.875
 21
-18.4845
  0
LINE
  8
0
 10
-20.875
 20
-18.4845
 11
-20.4529
 21
-18.3096
  0
LINE
  8
0
 10
-20.4529
 20
-18.3096
 11
-20
 21
-18.25
  0
LINE
  8
0
 10
-20
 20
-18.25
 11
-19.5471
 21
-18.3096
  0
LINE
  8
0
 10
-19.5471
 20
-18.3096
 11
-19.125
 21
-18.4845
  0
LINE
  8
0
 10
-19.125
 20
-18.4845
 11
-18.7626
 21
-18.7626
  0
LINE
  8
0
 10
-18.7626
 20
-18.7626
 11
-18.4845
 21
-19.125
  0
LINE
  8
0
 10
-18.4845
 20
-19.125
 11
-18.3096
 21
-19.5471
  0
LINE
  8
0
 10
-18.3096
 20
-19.5471
 11
-18.25
 21
-20
  0
LINE
  8
0
 10
-18.25
 20
-20
 11
-18.3096
 21
-20.4529
  0
LINE
  8
0
 10
-18.3096
 20
-20.4529
 11
-18.4845
 21
-20.875
  0
LINE
  8
0
 10
-18.4845
 20
-20.875
 11
-18.7626
 21
-21.2374
  0
LINE
  8
0
 10
-18.7626
 20
-21.2374
 11
-19.125
 21
-21.5155
  0
LINE
  8
0
 10
-19.125
 20
-21.5155
 11
-19.5471
 21
-21.6904
  0
LINE
  8
0
 10
-19.5471
 20
-21.6904
 11
-20
 21
-21.75
  0
LINE
  8
0
 10
-20
 20
-21.75
 11
-20.4529
 21
-21.6904
  0
LINE
  8
0
 10
-20.4529
 20
-21.6904
 11
-20.875
 21
-21.5155
  0
LINE
  8
0
 10
-20.875
 20
-21.5155
 11
-21.2374
 21
-21.2374
  0
LINE
  8
0
 10
-21.2374
 20
-21.2374
 11
-21.5155
 21
-20.875
  0
LINE
  8
0
 10
-21.5155
 20
-20.875
 11
-21.6904
 21
-20.4529
  0
LINE
  8
0
 10
-21.6904
 20
-20.4529
 11
-21.75
 21
-20
  0
LINE
  8
0
 10
-21.75
 20
20
 11
-21.6904
 21
20.4529
  0
LINE
  8
0
 10
-21.6904
 20
20.4529
 11
-21.5155
 21
20.875
  0
LINE
  8
0
 10
-21.5155
 20
20.875
 11
-21.2374
 21
21.2374
  0
LINE
  8
0
 10
-21.2374
 20
21.2374
 11
-20.875
 21
21.5155
  0
LINE
  8
0
 10
-20.875
 20
21.5155
 11
-20.4529
 21
21.6904
  0
LINE
  8
0
 10
-20.4529
 20
21.6904
 11
-20
 21
21.75
  0
LINE
  8
0
 10
-20
 20
21.75
 11
-19.5471
 21
21.6904
  0
LINE
  8
0
 10
-19.5471
 20
21.6904
 11
-19.125
 21
21.5155
  0
LINE
  8
0
 10
-19.125
 20
21.5155
 11
-18.7626
 21
21.2374
  0
LINE
  8
0
 10
-18.7626
 20
21.2374
 11
-18.4845
 21
20.875
  0
LINE
  8
0
 10
-18.4845
 20
20.875
 11
-18.3096
 21
20.4529
  0
LINE
  8
0
 10
-18.3096
 20
20.4529
 11
-18.25
 21
20
  0
LINE
  8
0
 10
-18.25
 20
20
 11
-18.3096
 21
19.5471
  0
LINE
  8
0
 10
-18.3096
 20
19.5471
 11
-18.4845
 21
19.125
  0
LINE
  8
0
 10
-18.4845
 20
19.125
 11
-18.7626
 21
18.7626
  0
LINE
  8
0
 10
-18.7626
 20
18.7626
 11
-19.125
 21
18.4845
  0
LINE
  8
0
 10
-19.125
 20
18.4845
 11
-19.5471
 21
18.3096
  0
LINE
  8
0
 10
-19.5471
 20
18.3096
 11
-20
 21
18.25
  0
LINE
  8
0
 10
-20
 20
18.25
 11
-20.4529
 21
18.3096
  0
LINE
  8
0
 10
-20.4529
 20
18.3096
 11
-20.875
 21
18.4845
  0
LINE
  8
0
 10
-20.875
 20
18.4845
 11
-21.2374
 21
18.7626
  0
LINE
  8
0
 10
-21.2374
 20
18.7626
 11
-21.5155
 21
19.125
  0
LINE
  8
0
 10
-21.5155
 20
19.125
 11
-21.6904
 21
19.5471
  0
LINE
  8
0
 10
-21.6904
 20
19.5471
 11
-21.75
 21
20
  0
LINE
  8
0
 10
-21.75
 20
40
 11
-21.6904
 21
40.4529
  0
LINE
  8
0
 10
-21.6904
 20
40.4529
 11
-21.5155
 21
40.875
  0
LINE
  8
0
 10
-21.5155
 20
40.875
 11
-21.2374
 21
41.2374
  0
LINE
  8
0
 10
-21.2374
 20
41.2374
 11
-20.875
 21
41.5155
  0
LINE
  8
0
 10
-20.875
 20
41.5155
 11
-20.4529
 21
41.6904
  0
LINE
  8
0
 10
-20.4529
 20
41.6904
 11
-20
 21
41.75
  0
LINE
  8
0
 10
-20
 20
41.75
 11
-19.5471
 21
41.6904
  0
LINE
  8
0
 10
-19.5471
 20
41.6904
 11
-19.125
 21
41.5155
  0
LINE
  8
0
 10
-19.125
 20
41.5155
 11
-18.7626
 21
41.2374
  0
LINE
  8
0
 10
-18.7626
 20
41.2374
 11
-18.4845
 21
40.875
  0
LINE
  8
0
 10
-18.4845
 20
40.875
 11
-18.3096
 21
40.4529
  0
LINE
  8
0
 10
-18.3096
 20
40.4529
 11
-18.25
 21
40
  0
LINE
  8
0
 10
-18.25
 20
40
 11
-18.3096
 21
39.5471
  0
LINE
  8
0
 10
-18.3096
 20
39.5471
 11
-18.4845
 21
39.125
  0
LINE
  8
0
 10
-18.4845
 20
39.125
 11
-18.7626
 21
38.7626
  0
LINE
  8
0
 10
-18.7626
 20
38.7626
 11
-19.125
 21
38.4845
  0
LINE
  8
0
 10
-19.125
 20
38.4845
 11
-19.5471
 21
38.3096
  0
LINE
  8
0
 10
-19.5471
 20
38.3096
 11
-20
 21
38.25
  0
LINE
  8
0
 10
-20
 20
38.25
 11
-20.4529
 21
38.3096
  0
LINE
  8
0
 10
-20.4529
 20
38.3096
 11
-20.875
 21
38.4845
  0
LINE
  8
0
 10
-20.875
 20
38.4845
 11
-21.2374
 21
38.7626
  0
LINE
  8
0
 10
-21.2374
 20
38.7626
 11
-21.5155
 21
39.125
  0
LINE
  8
0
 10
-21.5155
 20
39.125
 11
-21.6904
 21
39.5471
  0
LINE
  8
0
 10
-21.6904
 20
39.5471
 11
-21.75
 21
40
  0
LINE
  8
0
 10
-21.75
 20
60
 11
-21.6904
 21
60.4529
  0
LINE
  8
0
 10
-21.6904
 20
60.4529
 11
-21.5155
 21
60.875
  0
LINE
  8
0
 10
-21.5155
 20
60.875
 11
-21.2374
 21
61.2374
  0
LINE
  8
0
 10
-21.2374
 20
61.2374
 11
-20.875
 21
61.5155
  0
LINE
  8
0
 10
-20.875
 20
61.5155
 11
-20.4529
 21
61.6904
  0
LINE
  8
0
 10
-20.4529
 20
61.6904
 11
-20
 21
61.75
  0
LINE
  8
0
 10
-20
 20
61.75
 11
-19.5471
 21
61.6904
  0
LINE
  8
0
 10
-19.5471
 20
61.6904
 11
-19.125
 21
61.5155
  0
LINE
  8
0
 10
-19.125
 20
61.5155
 11
-18.7626
 21
61.2374
  0
LINE
  8
0
 10
-18.7626
 20
61.2374
 11
-18.4845
 21
60.875
  0
LINE
  8
0
 10
-18.4845
 20
60.875
 11
-18.3096
 21
60.4529
  0
LINE
  8
0
 10
-18.3096
 20
60.4529
 11
-18.25
 21
60
  0
LINE
  8
0
 10
-18.25
 20
60
 11
-18.3096
 21
59.5471
  0
LINE
  8
0
 10
-18.3096
 20
59.5471
 11
-18.4845
 21
59.125
  0
LINE
  8
0
 10
-18.4845
 20
59.125
 11
-18.7626
 21
58.7626
  0
LINE
  8
0
 10
-18.7626
 20
58.7626
 11
-19.125
 21
58.4845
  0
LINE
  8
0
 10
-19.125
 20
58.4845
 11
-19.5471
 21
58.3096
  0
LINE
  8
0
 10
-19.5471
 20
58.3096
 11
-20
 21
58.25
  0
LINE
  8
0
 10
-20
 20
58.25
 11
-20.4529
 21
58.3096
  0
LINE
  8
0
 10
-20.4529
 20
58.3096
 11
-20.875
 21
58.4845
  0
LINE
  8
0
 10
-20.875
 20
58.4845
 11
-21.2374
 21
58.7626
  0
LINE
  8
0
 10
-21.2374
 20
58.7626
 11
-21.5155
 21
59.125
  0
LINE
  8
0
 10
-21.5155
 20
59.125
 11
-21.6904
 21
59.5471
  0
LINE
  8
0
 10
-21.6904
 20
59.5471
 11
-21.75
 21
60
  0
LINE
  8
0
 10
-21.75
 20
80
 11
-21.6904
 21
80.4529
  0
LINE
  8
0
 10
-21.6904
 20
80.4529
 11
-21.5155
 21
80.875
  0
LINE
  8
0
 10
-21.5155
 20
80.875
 11
-21.2374
 21
81.2374
  0
LINE
  8
0
 10
-21.2374
 20
81.2374
 11
-20.875
 21
81.5155
  0
LINE
  8
0
 10
-20.875
 20
81.5155
 11
-20.4529
 21
81.6904
  0
LINE
  8
0
 10
-20.4529
 20
81.6904
 11
-20
 21
81.75
  0
LINE
  8
0
 10
-20
 20
81.75
 11
-19.5471
 21
81.6904
  0
LINE
  8
0
 10
-19.5471
 20
81.6904
 11
-19.125
 21
81.5155
  0
LINE
  8
0
 10
-19.125
 20
81.5155
 11
-18.7626
 21
81.2374
  0
LINE
  8
0
 10
-18.7626
 20
81.2374
 11
-18.4845
 21
80.875
  0
LINE
  8
0
 10
-18.4845
 20
80.875
 11
-18.3096
 21
80.4529
  0
LINE
  8
0
 10
-18.3096
 20
80.4529
 11
-18.25
 21
80
  0
LINE
  8
0
 10
-18.25
 20
80
 11
-18.3096
 21
79.5471
  0
LINE
  8
0
 10
-18.3096
 20
79.5471
 11
-18.4845
 21
79.125
  0
LINE
  8
0
 10
-18.4845
 20
79.125
 11
-18.7626
 21
78.7626
  0
LINE
  8
0
 10
-18.7626
 20
78.7626
 11
-19.125
 21
78.4845
  0
LINE
  8
0
 10
-19.125
 20
78.4845
 11
-19.5471
 21
78.3096
  0
LINE
  8
0
 10
-19.5471
 20
78.3096
 11
-20
 21
78.25
  0
LINE
  8
0
 10
-20
 20
78.25
 11
-20.4529
 21
78.3096
  0
LINE
  8
0
 10
-20.4529
 20
78.3096
 11
-20.875
 21
78.4845
  0
LINE
  8
0
 10
-20.875
 20
78.4845
 11
-21.2374
 21
78.7626
  0
LINE
  8
0
 10
-21.2374
 20
78.7626
 11
-21.5155
 21
79.125
  0
LINE
  8
0
 10
-21.5155
 20
79.125
 11
-21.6904
 21
79.5471
  0
LINE
  8
0
 10
-21.6904
 20
79.5471
 11
-21.75
 21
80
  0
LINE
  8
0
 10
-21.75
 20
100
 11
-21.6904
 21
100.453
  0
LINE
  8
0
 10
-21.6904
 20
100.453
 11
-21.5155
 21
100.875
  0
LINE
  8
0
 10
-21.5155
 20
100.875
 11
-21.2374
 21
101.237
  0
LINE
  8
0
 10
-21.2374
 20
101.237
 11
-20.875
 21
101.516
  0
LINE
  8
0
 10
-20.875
 20
101.516
 11
-20.4529
 21
101.69
  0
LINE
  8
0
 10
-20.4529
 20
101.69
 11
-20
 21
101.75
  0
LINE
  8
0
 10
-20
 20
101.75
 11
-19.5471
 21
101.69
  0
LINE
  8
0
 10
-19.5471
 20
101.69
 11
-19.125
 21
101.516
  0
LINE
  8
0
 10
-19.125
 20
101.516
 11
-18.7626
 21
101.237
  0
LINE
  8
0
 10
-18.7626
 20
101.237
 11
-18.4845
 21
100.875
  0
LINE
  8
0
 10
-18.4845
 20
100.875
 11
-18.3096
 21
100.453
  0
LINE
  8
0
 10
-18.3096
 20
100.453
 11
-18.25
 21
100
  0
LINE
  8
0
 10
-18.25
 20
100
 11
-18.3096
 21
99.5471
  0
LINE
  8
0
 10
-18.3096
 20
99.5471
 11
-18.4845
 21
99.125
  0
LINE
  8
0
 10
-18.4845
 20
99.125
 11
-18.7626
 21
98.7626
  0
LINE
  8
0
 10
-18.7626
 20
98.7626
 11
-19.125
 21
98.4845
  0
LINE
  8
0
 10
-19.125
 20
98.4845
 11
-19.5471
 21
98.3096
  0
LINE
  8
0
 10
-19.5471
 20
98.3096
 11
-20
 21
98.25
  0
LINE
  8
0
 10
-20
 20
98.25
 11
-20.4529
 21
98.3096
  0
LINE
  8
0
 10
-20.4529
 20
98.3096
 11
-20.875
 21
98.4845
  0
LINE
  8
0
 10
-20.875
 20
98.4845
 11
-21.2374
 21
98.7626
  0
LINE
  8
0
 10
-21.2374
 20
98.7626
 11
-21.5155
 21
99.125
  0
LINE
  8
0
 10
-21.5155
 20
99.125
 11
-21.6904
 21
99.5471
  0
LINE
  8
0
 10
-21.6904
 20
99.5471
 11
-21.75
 21
100
  0
LINE
  8
0
 10
-8.97602
 20
43.6963
 11
-8.97602
 21
58.8295
  0
LINE
  8
0
 10
-8.97602
 20
58.8295
 11
-8.8738
 21
59.606
  0
LINE
  8
0
 10
-8.8738
 20
59.606
 11
-8.5741
 21
60.3295
  0
LINE
  8
0
 10
-8.5741
 20
60.3295
 11
-8.09734
 21
60.9508
  0
LINE
  8
0
 10
-8.09734
 20
60.9508
 11
-7.47602
 21
61.4276
  0
LINE
  8
0
 10
-7.47602
 20
61.4276
 11
-6.75248
 21
61.7273
  0
LINE
  8
0
 10
-6.75248
 20
61.7273
 11
-5.97602
 21
61.8295
  0
LINE
  8
0
 10
-5.97602
 20
61.8295
 11
6.02398
 21
61.8295
  0
LINE
  8
0
 10
6.02398
 20
61.8295
 11
6.80044
 21
61.7273
  0
LINE
  8
0
 10
6.80044
 20
61.7273
 11
7.52398
 21
61.4276
  0
LINE
  8
0
 10
7.52398
 20
61.4276
 11
8.1453
 21
60.9508
  0
LINE
  8
0
 10
8.1453
 20
60.9508
 11
8.62206
 21
60.3295
  0
LINE
  8
0
 10
8.62206
 20
60.3295
 11
8.92176
 21
59.606
  0
LINE
  8
0
 10
8.92176
 20
59.606
 11
9.02398
 21
58.8295
  0
LINE
  8
0
 10
9.02398
 20
58.8295
 11
9.02398
 21
43.6963
  0
LINE
  8
0
 10
9.02398
 20
43.6963
 11
8.92176
 21
42.9198
  0
LINE
  8
0
 10
8.92176
 20
42.9198
 11
8.62206
 21
42.1963
  0
LINE
  8
0
 10
8.62206
 20
42.1963
 11
8.1453
 21
41.5749
  0
LINE
  8
0
 10
8.1453
 20
41.5749
 11
7.52398
 21
41.0982
  0
LINE
  8
0
 10
7.52398
 20
41.0982
 11
6.80044
 21
40.7985
  0
LINE
  8
0
 10
6.80044
 20
40.7985
 11
6.02398
 21
40.6963
  0
LINE
  8
0
 10
6.02398
 20
40.6963
 11
-5.97602
 21
40.6963
  0
LINE
  8
0
 10
-5.97602
 20
40.6963
 11
-6.75248
 21
40.7985
  0
LINE
  8
0
 10
-6.75248
 20
40.7985
 11
-7.47602
 21
41.0982
  0
LINE
  8
0
 10
-7.47602
 20
41.0982
 11
-8.09734
 21
41.5749
  0
LINE
  8
0
 10
-8.09734
 20
41.5749
 11
-8.5741
 21
42.1963
  0
LINE
  8
0
 10
-8.5741
 20
42.1963
 11
-8.8738
 21
42.9198
  0
LINE
  8
0
 10
-8.8738
 20
42.9198
 11
-8.97602
 21
43.6963
  0
LINE
  8
0
 10
-1.75
 20
-100
 11
-1.69037
 21
-99.5471
  0
LINE
  8
0
 10
-1.69037
 20
-99.5471
 11
-1.51554
 21
-99.125
  0
LINE
  8
0
 10
-1.51554
 20
-99.125
 11
-1.23744
 21
-98.7626
  0
LINE
  8
0
 10
-1.23744
 20
-98.7626
 11
-0.875
 21
-98.4845
  0
LINE
  8
0
 10
-0.875
 20
-98.4845
 11
-0.452933
 21
-98.3096
  0
LINE
  8
0
 10
-0.452933
 20
-98.3096
 11
0
 21
-98.25
  0
LINE
  8
0
 10
0
 20
-98.25
 11
0.452933
 21
-98.3096
  0
LINE
  8
0
 10
0.452933
 20
-98.3096
 11
0.875
 21
-98.4845
  0
LINE
  8
0
 10
0.875
 20
-98.4845
 11
1.23744
 21
-98.7626
  0
LINE
  8
0
 10
1.23744
 20
-98.7626
 11
1.51554
 21
-99.125
  0
LINE
  8
0
 10
1.51554
 20
-99.125
 11
1.69037
 21
-99.5471
  0
LINE
  8
0
 10
1.69037
 20
-99.5471
 11
1.75
 21
-100
  0
LINE
  8
0
 10
1.75
 20
-100
 11
1.69037
 21
-100.453
  0
LINE
  8
0
 10
1.69037
 20
-100.453
 11
1.51554
 21
-100.875
  0
LINE
  8
0
 10
1.51554
 20
-100.875
 11
1.23744
 21
-101.237
  0
LINE
  8
0
 10
1.23744
 20
-101.237
 11
0.875
 21
-101.516
  0
LINE
  8
0
 10
0.875
 20
-101.516
 11
0.452933
 21
-101.69
  0
LINE
  8
0
 10
0.452933
 20
-101.69
 11
0
 21
-101.75
  0
LINE
  8
0
 10
0
 20
-101.75
 11
-0.452933
 21
-101.69
  0
LINE
  8
0
 10
-0.452933
 20
-101.69
 11
-0.875
 21
-101.516
  0
LINE
  8
0
 10
-0.875
 20
-101.516
 11
-1.23744
 21
-101.237
  0
LINE
  8
0
 10
-1.23744
 20
-101.237
 11
-1.51554
 21
-100.875
  0
LINE
  8
0
 10
-1.51554
 20
-100.875
 11
-1.69037
 21
-100.453
  0
LINE
  8
0
 10
-1.69037
 20
-100.453
 11
-1.75
 21
-100
  0
LINE
  8
0
 10
-1.75
 20
-80
 11
-1.69037
 21
-79.5471
  0
LINE
  8
0
 10
-1.69037
 20
-79.5471
 11
-1.51554
 21
-79.125
  0
LINE
  8
0
 10
-1.51554
 20
-79.125
 11
-1.23744
 21
-78.7626
  0
LINE
  8
0
 10
-1.23744
 20
-78.7626
 11
-0.875
 21
-78.4845
  0
LINE
  8
0
 10
-0.875
 20
-78.4845
 11
-0.452933
 21
-78.3096
  0
LINE
  8
0
 10
-0.452933
 20
-78.3096
 11
0
 21
-78.25
  0
LINE
  8
0
 10
0
 20
-78.25
 11
0.452933
 21
-78.3096
  0
LINE
  8
0
 10
0.452933
 20
-78.3096
 11
0.875
 21
-78.4845
  0
LINE
  8
0
 10
0.875
 20
-78.4845
 11
1.23744
 21
-78.7626
  0
LINE
  8
0
 10
1.23744
 20
-78.7626
 11
1.51554
 21
-79.125
  0
LINE
  8
0
 10
1.51554
 20
-79.125
 11
1.69037
 21
-79.5471
  0
LINE
  8
0
 10
1.69037
 20
-79.5471
 11
1.75
 21
-80
  0
LINE
  8
0
 10
1.75
 20
-80
 11
1.69037
 21
-80.4529
  0
LINE
  8
0
 10
1.69037
 20
-80.4529
 11
1.51554
 21
-80.875
  0
LINE
  8
0
 10
1.51554
 20
-80.875
 11
1.23744
 21
-81.2374
  0
LINE
  8
0
 10
1.23744
 20
-81.2374
 11
0.875
 21
-81.5155
  0
LINE
  8
0
 10
0.875
 20
-81.5155
 11
0.452933
 21
-81.6904
  0
LINE
  8
0
 10
0.452933
 20
-81.6904
 11
0
 21
-81.75
  0
LINE
  8
0
 10
0
 20
-81.75
 11
-0.452933
 21
-81.6904
  0
LINE
  8
0
 10
-0.452933
 20
-81.6904
 11
-0.875
 21
-81.5155
  0
LINE
  8
0
 10
-0.875
 20
-81.5155
 11
-1.23744
 21
-81.2374
  0
LINE
  8
0
 10
-1.23744
 20
-81.2374
 11
-1.51554
 21
-80.875
  0
LINE
  8
0
 10
-1.51554
 20
-80.875
 11
-1.69037
 21
-80.4529
  0
LINE
  8
0
 10
-1.69037
 20
-80.4529
 11
-1.75
 21
-80
  0
LINE
  8
0
 10
-1.75
 20
-60
 11
-1.69037
 21
-59.5471
  0
LINE
  8
0
 10
-1.69037
 20
-59.5471
 11
-1.51554
 21
-59.125
  0
LINE
  8
0
 10
-1.51554
 20
-59.125
 11
-1.23744
 21
-58.7626
  0
LINE
  8
0
 10
-1.23744
 20
-58.7626
 11
-0.875
 21
-58.4845
  0
LINE
  8
0
 10
-0.875
 20
-58.4845
 11
-0.452933
 21
-58.3096
  0
LINE
  8
0
 10
-0.452933
 20
-58.3096
 11
0
 21
-58.25
  0
LINE
  8
0
 10
0
 20
-58.25
 11
0.452933
 21
-58.3096
  0
LINE
  8
0
 10
0.452933
 20
-58.3096
 11
0.875
 21
-58.4845
  0
LINE
  8
0
 10
0.875
 20
-58.4845
 11
1.23744
 21
-58.7626
  0
LINE
  8
0
 10
1.23744
 20
-58.7626
 11
1.51554
 21
-59.125
  0
LINE
  8
0
 10
1.51554
 20
-59.125
 11
1.69037
 21
-59.5471
  0
LINE
  8
0
 10
1.69037
 20
-59.5471
 11
1.75
 21
-60
  0
LINE
  8
0
 10
1.75
 20
-60
 11
1.69037
 21
-60.4529
  0
LINE
  8
0
 10
1.69037
 20
-60.4529
 11
1.51554
 21
-60.875
  0
LINE
  8
0
 10
1.51554
 20
-60.875
 11
1.23744
 21
-61.2374
  0
LINE
  8
0
 10
1.23744
 20
-61.2374
 11
0.875
 21
-61.5155
  0
LINE
  8
0
 10
0.875
 20
-61.5155
 11
0.452933
 21
-61.6904
  0
LINE
  8
0
 10
0.452933
 20
-61.6904
 11
0
 21
-61.75
  0
LINE
  8
0
 10
0
 20
-61.75
 11
-0.452933
 21
-61.6904
  0
LINE
  8
0
 10
-0.452933
 20
-61.6904
 11
-0.875
 21
-61.5155
  0
LINE
  8
0
 10
-0.875
 20
-61.5155
 11
-1.23744
 21
-61.2374
  0
LINE
  8
0
 10
-1.23744
 20
-61.2374
 11
-1.51554
 21
-60.875
  0
LINE
  8
0
 10
-1.51554
 20
-60.875
 11
-1.69037
 21
-60.4529
  0
LINE
  8
0
 10
-1.69037
 20
-60.4529
 11
-1.75
 21
-60
  0
LINE
  8
0
 10
-1.75
 20
-40
 11
-1.69037
 21
-39.5471
  0
LINE
  8
0
 10
-1.69037
 20
-39.5471
 11
-1.51554
 21
-39.125
  0
LINE
  8
0
 10
-1.51554
 20
-39.125
 11
-1.23744
 21
-38.7626
  0
LINE
  8
0
 10
-1.23744
 20
-38.7626
 11
-0.875
 21
-38.4845
  0
LINE
  8
0
 10
-0.875
 20
-38.4845
 11
-0.452933
 21
-38.3096
  0
LINE
  8
0
 10
-0.452933
 20
-38.3096
 11
0
 21
-38.25
  0
LINE
  8
0
 10
0
 20
-38.25
 11
0.452933
 21
-38.3096
  0
LINE
  8
0
 10
0.452933
 20
-38.3096
 11
0.875
 21
-38.4845
  0
LINE
  8
0
 10
0.875
 20
-38.4845
 11
1.23744
 21
-38.7626
  0
LINE
  8
0
 10
1.23744
 20
-38.7626
 11
1.51554
 21
-39.125
  0
LINE
  8
0
 10
1.51554
 20
-39.125
 11
1.69037
 21
-39.5471
  0
LINE
  8
0
 10
1.69037
 20
-39.5471
 11
1.75
 21
-40
  0
LINE
  8
0
 10
1.75
 20
-40
 11
1.69037
 21
-40.4529
  0
LINE
  8
0
 10
1.69037
 20
-40.4529
 11
1.51554
 21
-40.875
  0
LINE
  8
0
 10
1.51554
 20
-40.875
 11
1.23744
 21
-41.2374
  0
LINE
  8
0
 10
1.23744
 20
-41.2374
 11
0.875
 21
-41.5155
  0
LINE
  8
0
 10
0.875
 20
-41.5155
 11
0.452933
 21
-41.6904
  0
LINE
  8
0
 10
0.452933
 20
-41.6904
 11
0
 21
-41.75
  0
LINE
  8
0
 10
0
 20
-41.75
 11
-0.452933
 21
-41.6904
  0
LINE
  8
0
 10
-0.452933
 20
-41.6904
 11
-0.875
 21
-41.5155
  0
LINE
  8
0
 10
-0.875
 20
-41.5155
 11
-1.23744
 21
-41.2374
  0
LINE
  8
0
 10
-1.23744
 20
-41.2374
 11
-1.51554
 21
-40.875
  0
LINE
  8
0
 10
-1.51554
 20
-40.875
 11
-1.69037
 21
-40.4529
  0
LINE
  8
0
 10
-1.69037
 20
-40.4529
 11
-1.75
 21
-40
  0
LINE
  8
0
 10
-1.75
 20
-20
 11
-1.69037
 21
-19.5471
  0
LINE
  8
0
 10
-1.69037
 20
-19.5471
 11
-1.51554
 21
-19.125
  0
LINE
  8
0
 10
-1.51554
 20
-19.125
 11
-1.23744
 21
-18.7626
  0
LINE
  8
0
 10
-1.23744
 20
-18.7626
 11
-0.875
 21
-18.4845
  0
LINE
  8
0
 10
-0.875
 20
-18.4845
 11
-0.452933
 21
-18.3096
  0
LINE
  8
0
 10
-0.452933
 20
-18.3096
 11
0
 21
-18.25
  0
LINE
  8
0
 10
0
 20
-18.25
 11
0.452933
 21
-18.3096
  0
LINE
  8
0
 10
0.452933
 20
-18.3096
 11
0.875
 21
-18.4845
  0
LINE
  8
0
 10
0.875
 20
-18.4845
 11
1.23744
 21
-18.7626
  0
LINE
  8
0
 10
1.23744
 20
-18.7626
 11
1.51554
 21
-19.125
  0
LINE
  8
0
 10
1.51554
 20
-19.125
 11
1.69037
 21
-19.5471
  0
LINE
  8
0
 10
1.69037
 20
-19.5471
 11
1.75
 21
-20
  0
LINE
  8
0
 10
1.75
 20
-20
 11
1.69037
 21
-20.4529
  0
LINE
  8
0
 10
1.69037
 20
-20.4529
 11
1.51554
 21
-20.875
  0
LINE
  8
0
 10
1.51554
 20
-20.875
 11
1.23744
 21
-21.2374
  0
LINE
  8
0
 10
1.23744
 20
-21.2374
 11
0.875
 21
-21.5155
  0
LINE
  8
0
 10
0.875
 20
-21.5155
 11
0.452933
 21
-21.6904
  0
LINE
  8
0
 10
0.452933
 20
-21.6904
 11
0
 21
-21.75
  0
LINE
  8
0
 10
0
 20
-21.75
 11
-0.452933
 21
-21.6904
  0
LINE
  8
0
 10
-0.452933
 20
-21.6904
 11
-0.875
 21
-21.5155
  0
LINE
  8
0
 10
-0.875
 20
-21.5155
 11
-1.23744
 21
-21.2374
  0
LINE
  8
0
 10
-1.23744
 20
-21.2374
 11
-1.51554
 21
-20.875
  0
LINE
  8
0
 10
-1.51554
 20
-20.875
 11
-1.69037
 21
-20.4529
  0
LINE
  8
0
 10
-1.69037
 20
-20.4529
 11
-1.75
 21
-20
  0
LINE
  8
0
 10
-1.75
 20
80
 11
-1.69037
 21
80.4529
  0
LINE
  8
0
 10
-1.69037
 20
80.4529
 11
-1.51554
 21
80.875
  0
LINE
  8
0
 10
-1.51554
 20
80.875
 11
-1.23744
 21
81.2374
  0
LINE
  8
0
 10
-1.23744
 20
81.2374
 11
-0.875
 21
81.5155
  0
LINE
  8
0
 10
-0.875
 20
81.5155
 11
-0.452933
 21
81.6904
  0
LINE
  8
0
 10
-0.452933
 20
81.6904
 11
0
 21
81.75
  0
LINE
  8
0
 10
0
 20
81.75
 11
0.452933
 21
81.6904
  0
LINE
  8
0
 10
0.452933
 20
81.6904
 11
0.875
 21
81.5155
  0
LINE
  8
0
 10
0.875
 20
81.5155
 11
1.23744
 21
81.2374
  0
LINE
  8
0
 10
1.23744
 20
81.2374
 11
1.51554
 21
80.875
  0
LINE
  8
0
 10
1.51554
 20
80.875
 11
1.69037
 21
80.4529
  0
LINE
  8
0
 10
1.69037
 20
80.4529
 11
1.75
 21
80
  0
LINE
  8
0
 10
1.75
 20
80
 11
1.69037
 21
79.5471
  0
LINE
  8
0
 10
1.69037
 20
79.5471
 11
1.51554
 21
79.125
  0
LINE
  8
0
 10
1.51554
 20
79.125
 11
1.23744
 21
78.7626
  0
LINE
  8
0
 10
1.23744
 20
78.7626
 11
0.875
 21
78.4845
  0
LINE
  8
0
 10
0.875
 20
78.4845
 11
0.452933
 21
78.3096
  0
LINE
  8
0
 10
0.452933
 20
78.3096
 11
0
 21
78.25
  0
LINE
  8
0
 10
0
 20
78.25
 11
-0.452933
 21
78.3096
  0
LINE
  8
0
 10
-0.452933
 20
78.3096
 11
-0.875
 21
78.4845
  0
LINE
  8
0
 10
-0.875
 20
78.4845
 11
-1.23744
 21
78.7626
  0
LINE
  8
0
 10
-1.23744
 20
78.7626
 11
-1.51554
 21
79.125
  0
LINE
  8
0
 10
-1.51554
 20
79.125
 11
-1.69037
 21
79.5471
  0
LINE
  8
0
 10
-1.69037
 20
79.5471
 11
-1.75
 21
80
  0
LINE
  8
0
 10
-1.75
 20
100
 11
-1.69037
 21
100.453
  0
LINE
  8
0
 10
-1.69037
 20
100.453
 11
-1.51554
 21
100.875
  0
LINE
  8
0
 10
-1.51554
 20
100.875
 11
-1.23744
 21
101.237
  0
LINE
  8
0
 10
-1.23744
 20
101.237
 11
-0.875
 21
101.516
  0
LINE
  8
0
 10
-0.875
 20
101.516
 11
-0.452933
 21
101.69
  0
LINE
  8
0
 10
-0.452933
 20
101.69
 11
0
 21
101.75
  0
LINE
  8
0
 10
0
 20
101.75
 11
0.452933
 21
101.69
  0
LINE
  8
0
 10
0.452933
 20
101.69
 11
0.875
 21
101.516
  0
LINE
  8
0
 10
0.875
 20
101.516
 11
1.23744
 21
101.237
  0
LINE
  8
0
 10
1.23744
 20
101.237
 11
1.51554
 21
100.875
  0
LINE
  8
0
 10
1.51554
 20
100.875
 11
1.69037
 21
100.453
  0
LINE
  8
0
 10
1.69037
 20
100.453
 11
1.75
 21
100
  0
LINE
  8
0
 10
1.75
 20
100
 11
1.69037
 21
99.5471
  0
LINE
  8
0
 10
1.69037
 20
99.5471
 11
1.51554
 21
99.125
  0
LINE
  8
0
 10
1.51554
 20
99.125
 11
1.23744
 21
98.7626
  0
LINE
  8
0
 10
1.23744
 20
98.7626
 11
0.875
 21
98.4845
  0
LINE
  8
0
 10
0.875
 20
98.4845
 11
0.452933
 21
98.3096
  0
LINE
  8
0
 10
0.452933
 20
98.3096
 11
0
 21
98.25
  0
LINE
  8
0
 10
0
 20
98.25
 11
-0.452933
 21
98.3096
  0
LINE
  8
0
 10
-0.452933
 20
98.3096
 11
-0.875
 21
98.4845
  0
LINE
  8
0
 10
-0.875
 20
98.4845
 11
-1.23744
 21
98.7626
  0
LINE
  8
0
 10
-1.23744
 20
98.7626
 11
-1.51554
 21
99.125
  0
LINE
  8
0
 10
-1.51554
 20
99.125
 11
-1.69037
 21
99.5471
  0
LINE
  8
0
 10
-1.69037
 20
99.5471
 11
-1.75
 21
100
  0
LINE
  8
0
 10
18.25
 20
-100
 11
18.3096
 21
-99.5471
  0
LINE
  8
0
 10
18.3096
 20
-99.5471
 11
18.4845
 21
-99.125
  0
LINE
  8
0
 10
18.4845
 20
-99.125
 11
18.7626
 21
-98.7626
  0
LINE
  8
0
 10
18.7626
 20
-98.7626
 11
19.125
 21
-98.4845
  0
LINE
  8
0
 10
19.125
 20
-98.4845
 11
19.5471
 21
-98.3096
  0
LINE
  8
0
 10
19.5471
 20
-98.3096
 11
20
 21
-98.25
  0
LINE
  8
0
 10
20
 20
-98.25
 11
20.4529
 21
-98.3096
  0
LINE
  8
0
 10
20.4529
 20
-98.3096
 11
20.875
 21
-98.4845
  0
LINE
  8
0
 10
20.875
 20
-98.4845
 11
21.2374
 21
-98.7626
  0
LINE
  8
0
 10
21.2374
 20
-98.7626
 11
21.5155
 21
-99.125
  0
LINE
  8
0
 10
21.5155
 20
-99.125
 11
21.6904
 21
-99.5471
  0
LINE
  8
0
 10
21.6904
 20
-99.5471
 11
21.75
 21
-100
  0
LINE
  8
0
 10
21.75
 20
-100
 11
21.6904
 21
-100.453
  0
LINE
  8
0
 10
21.6904
 20
-100.453
 11
21.5155
 21
-100.875
  0
LINE
  8
0
 10
21.5155
 20
-100.875
 11
21.2374
 21
-101.237
  0
LINE
  8
0
 10
21.2374
 20
-101.237
 11
20.875
 21
-101.516
  0
LINE
  8
0
 10
20.875
 20
-101.516
 11
20.4529
 21
-101.69
  0
LINE
  8
0
 10
20.4529
 20
-101.69
 11
20
 21
-101.75
  0
LINE
  8
0
 10
20
 20
-101.75
 11
19.5471
 21
-101.69
  0
LINE
  8
0
 10
19.5471
 20
-101.69
 11
19.125
 21
-101.516
  0
LINE
  8
0
 10
19.125
 20
-101.516
 11
18.7626
 21
-101.237
  0
LINE
  8
0
 10
18.7626
 20
-101.237
 11
18.4845
 21
-100.875
  0
LINE
  8
0
 10
18.4845
 20
-100.875
 11
18.3096
 21
-100.453
  0
LINE
  8
0
 10
18.3096
 20
-100.453
 11
18.25
 21
-100
  0
LINE
  8
0
 10
18.25
 20
-80
 11
18.3096
 21
-79.5471
  0
LINE
  8
0
 10
18.3096
 20
-79.5471
 11
18.4845
 21
-79.125
  0
LINE
  8
0
 10
18.4845
 20
-79.125
 11
18.7626
 21
-78.7626
  0
LINE
  8
0
 10
18.7626
 20
-78.7626
 11
19.125
 21
-78.4845
  0
LINE
  8
0
 10
19.125
 20
-78.4845
 11
19.5471
 21
-78.3096
  0
LINE
  8
0
 10
19.5471
 20
-78.3096
 11
20
 21
-78.25
  0
LINE
  8
0
 10
20
 20
-78.25
 11
20.4529
 21
-78.3096
  0
LINE
  8
0
 10
20.4529
 20
-78.3096
 11
20.875
 21
-78.4845
  0
LINE
  8
0
 10
20.875
 20
-78.4845
 11
21.2374
 21
-78.7626
  0
LINE
  8
0
 10
21.2374
 20
-78.7626
 11
21.5155
 21
-79.125
  0
LINE
  8
0
 10
21.5155
 20
-79.125
 11
21.6904
 21
-79.5471
  0
LINE
  8
0
 10
21.6904
 20
-79.5471
 11
21.75
 21
-80
  0
LINE
  8
0
 10
21.75
 20
-80
 11
21.6904
 21
-80.4529
  0
LINE
  8
0
 10
21.6904
 20
-80.4529
 11
21.5155
 21
-80.875
  0
LINE
  8
0
 10
21.5155
 20
-80.875
 11
21.2374
 21
-81.2374
  0
LINE
  8
0
 10
21.2374
 20
-81.2374
 11
20.875
 21
-81.5155
  0
LINE
  8
0
 10
20.875
 20
-81.5155
 11
20.4529
 21
-81.6904
  0
LINE
  8
0
 10
20.4529
 20
-81.6904
 11
20
 21
-81.75
  0
LINE
  8
0
 10
20
 20
-81.75
 11
19.5471
 21
-81.6904
  0
LINE
  8
0
 10
19.5471
 20
-81.6904
 11
19.125
 21
-81.5155
  0
LINE
  8
0
 10
19.125
 20
-81.5155
 11
18.7626
 21
-81.2374
  0
LINE
  8
0
 10
18.7626
 20
-81.2374
 11
18.4845
 21
-80.875
  0
LINE
  8
0
 10
18.4845
 20
-80.875
 11
18.3096
 21
-80.4529
  0
LINE
  8
0
 10
18.3096
 20
-80.4529
 11
18.25
 21
-80
  0
LINE
  8
0
 10
18.25
 20
-60
 11
18.3096
 21
-59.5471
  0
LINE
  8
0
 10
18.3096
 20
-59.5471
 11
18.4845
 21
-59.125
  0
LINE
  8
0
 10
18.4845
 20
-59.125
 11
18.7626
 21
-58.7626
  0
LINE
  8
0
 10
18.7626
 20
-58.7626
 11
19.125
 21
-58.4845
  0
LINE
  8
0
 10
19.125
 20
-58.4845
 11
19.5471
 21
-58.3096
  0
LINE
  8
0
 10
19.5471
 20
-58.3096
 11
20
 21
-58.25
  0
LINE
  8
0
 10
20
 20
-58.25
 11
20.4529
 21
-58.3096
  0
LINE
  8
0
 10
20.4529
 20
-58.3096
 11
20.875
 21
-58.4845
  0
LINE
  8
0
 10
20.875
 20
-58.4845
 11
21.2374
 21
-58.7626
  0
LINE
  8
0
 10
21.2374
 20
-58.7626
 11
21.5155
 21
-59.125
  0
LINE
  8
0
 10
21.5155
 20
-59.125
 11
21.6904
 21
-59.5471
  0
LINE
  8
0
 10
21.6904
 20
-59.5471
 11
21.75
 21
-60
  0
LINE
  8
0
 10
21.75
 20
-60
 11
21.6904
 21
-60.4529
  0
LINE
  8
0
 10
21.6904
 20
-60.4529
 11
21.5155
 21
-60.875
  0
LINE
  8
0
 10
21.5155
 20
-60.875
 11
21.2374
 21
-61.2374
  0
LINE
  8
0
 10
21.2374
 20
-61.2374
 11
20.875
 21
-61.5155
  0
LINE
  8
0
 10
20.875
 20
-61.5155
 11
20.4529
 21
-61.6904
  0
LINE
  8
0
 10
20.4529
 20
-61.6904
 11
20
 21
-61.75
  0
LINE
  8
0
 10
20
 20
-61.75
 11
19.5471
 21
-61.6904
  0
LINE
  8
0
 10
19.5471
 20
-61.6904
 11
19.125
 21
-61.5155
  0
LINE
  8
0
 10
19.125
 20
-61.5155
 11
18.7626
 21
-61.2374
  0
LINE
  8
0
 10
18.7626
 20
-61.2374
 11
18.4845
 21
-60.875
  0
LINE
  8
0
 10
18.4845
 20
-60.875
 11
18.3096
 21
-60.4529
  0
LINE
  8
0
 10
18.3096
 20
-60.4529
 11
18.25
 21
-60
  0
LINE
  8
0
 10
18.25
 20
-40
 11
18.3096
 21
-39.5471
  0
LINE
  8
0
 10
18.3096
 20
-39.5471
 11
18.4845
 21
-39.125
  0
LINE
  8
0
 10
18.4845
 20
-39.125
 11
18.7626
 21
-38.7626
  0
LINE
  8
0
 10
18.7626
 20
-38.7626
 11
19.125
 21
-38.4845
  0
LINE
  8
0
 10
19.125
 20
-38.4845
 11
19.5471
 21
-38.3096
  0
LINE
  8
0
 10
19.5471
 20
-38.3096
 11
20
 21
-38.25
  0
LINE
  8
0
 10
20
 20
-38.25
 11
20.4529
 21
-38.3096
  0
LINE
  8
0
 10
20.4529
 20
-38.3096
 11
20.875
 21
-38.4845
  0
LINE
  8
0
 10
20.875
 20
-38.4845
 11
21.2374
 21
-38.7626
  0
LINE
  8
0
 10
21.2374
 20
-38.7626
 11
21.5155
 21
-39.125
  0
LINE
  8
0
 10
21.5155
 20
-39.125
 11
21.6904
 21
-39.5471
  0
LINE
  8
0
 10
21.6904
 20
-39.5471
 11
21.75
 21
-40
  0
LINE
  8
0
 10
21.75
 20
-40
 11
21.6904
 21
-40.4529
  0
LINE
  8
0
 10
21.6904
 20
-40.4529
 11
21.5155
 21
-40.875
  0
LINE
  8
0
 10
21.5155
 20
-40.875
 11
21.2374
 21
-41.2374
  0
LINE
  8
0
 10
21.2374
 20
-41.2374
 11
20.875
 21
-41.5155
  0
LINE
  8
0
 10
20.875
 20
-41.5155
 11
20.4529
 21
-41.6904
  0
LINE
  8
0
 10
20.4529
 20
-41.6904
 11
20
 21
-41.75
  0
LINE
  8
0
 10
20
 20
-41.75
 11
19.5471
 21
-41.6904
  0
LINE
  8
0
 10
19.5471
 20
-41.6904
 11
19.125
 21
-41.5155
  0
LINE
  8
0
 10
19.125
 20
-41.5155
 11
18.7626
 21
-41.2374
  0
LINE
  8
0
 10
18.7626
 20
-41.2374
 11
18.4845
 21
-40.875
  0
LINE
  8
0
 10
18.4845
 20
-40.875
 11
18.3096
 21
-40.4529
  0
LINE
  8
0
 10
18.3096
 20
-40.4529
 11
18.25
 21
-40
  0
LINE
  8
0
 10
18.25
 20
-20
 11
18.3096
 21
-19.5471
  0
LINE
  8
0
 10
18.3096
 20
-19.5471
 11
18.4845
 21
-19.125
  0
LINE
  8
0
 10
18.4845
 20
-19.125
 11
18.7626
 21
-18.7626
  0
LINE
  8
0
 10
18.7626
 20
-18.7626
 11
19.125
 21
-18.4845
  0
LINE
  8
0
 10
19.125
 20
-18.4845
 11
19.5471
 21
-18.3096
  0
LINE
  8
0
 10
19.5471
 20
-18.3096
 11
20
 21
-18.25
  0
LINE
  8
0
 10
20
 20
-18.25
 11
20.4529
 21
-18.3096
  0
LINE
  8
0
 10
20.4529
 20
-18.3096
 11
20.875
 21
-18.4845
  0
LINE
  8
0
 10
20.875
 20
-18.4845
 11
21.2374
 21
-18.7626
  0
LINE
  8
0
 10
21.2374
 20
-18.7626
 11
21.5155
 21
-19.125
  0
LINE
  8
0
 10
21.5155
 20
-19.125
 11
21.6904
 21
-19.5471
  0
LINE
  8
0
 10
21.6904
 20
-19.5471
 11
21.75
 21
-20
  0
LINE
  8
0
 10
21.75
 20
-20
 11
21.6904
 21
-20.4529
  0
LINE
  8
0
 10
21.6904
 20
-20.4529
 11
21.5155
 21
-20.875
  0
LINE
  8
0
 10
21.5155
 20
-20.875
 11
21.2374
 21
-21.2374
  0
LINE
  8
0
 10
21.2374
 20
-21.2374
 11
20.875
 21
-21.5155
  0
LINE
  8
0
 10
20.875
 20
-21.5155
 11
20.4529
 21
-21.6904
  0
LINE
  8
0
 10
20.4529
 20
-21.6904
 11
20
 21
-21.75
  0
LINE
  8
0
 10
20
 20
-21.75
 11
19.5471
 21
-21.6904
  0
LINE
  8
0
 10
19.5471
 20
-21.6904
 11
19.125
 21
-21.5155
  0
LINE
  8
0
 10
19.125
 20
-21.5155
 11
18.7626
 21
-21.2374
  0
LINE
  8
0
 10
18.7626
 20
-21.2374
 11
18.4845
 21
-20.875
  0
LINE
  8
0
 10
18.4845
 20
-20.875
 11
18.3096
 21
-20.4529
  0
LINE
  8
0
 10
18.3096
 20
-20.4529
 11
18.25
 21
-20
  0
LINE
  8
0
 10
18.25
 20
20
 11
18.3096
 21
20.4529
  0
LINE
  8
0
 10
18.3096
 20
20.4529
 11
18.4845
 21
20.875
  0
LINE
  8
0
 10
18.4845
 20
20.875
 11
18.7626
 21
21.2374
  0
LINE
  8
0
 10
18.7626
 20
21.2374
 11
19.125
 21
21.5155
  0
LINE
  8
0
 10
19.125
 20
21.5155
 11
19.5471
 21
21.6904
  0
LINE
  8
0
 10
19.5471
 20
21.6904
 11
20
 21
21.75
  0
LINE
  8
0
 10
20
 20
21.75
 11
20.4529
 21
21.6904
  0
LINE
  8
0
 10
20.4529
 20
21.6904
 11
20.875
 21
21.5155
  0
LINE
  8
0
 10
20.875
 20
21.5155
 11
21.2374
 21
21.2374
  0
LINE
  8
0
 10
21.2374
 20
21.2374
 11
21.5155
 21
20.875
  0
LINE
  8
0
 10
21.5155
 20
20.875
 11
21.6904
 21
20.4529
  0
LINE
  8
0
 10
21.6904
 20
20.4529
 11
21.75
 21
20
  0
LINE
  8
0
 10
21.75
 20
20
 11
21.6904
 21
19.5471
  0
LINE
  8
0
 10
21.6904
 20
19.5471
 11
21.5155
 21
19.125
  0
LINE
  8
0
 10
21.5155
 20
19.125
 11
21.2374
 21
18.7626
  0
LINE
  8
0
 10
21.2374
 20
18.7626
 11
20.875
 21
18.4845
  0
LINE
  8
0
 10
20.875
 20
18.4845
 11
20.4529
 21
18.3096
  0
LINE
  8
0
 10
20.4529
 20
18.3096
 11
20
 21
18.25
  0
LINE
  8
0
 10
20
 20
18.25
 11
19.5471
 21
18.3096
  0
LINE
  8
0
 10
19.5471
 20
18.3096
 11
19.125
 21
18.4845
  0
LINE
  8
0
 10
19.125
 20
18.4845
 11
18.7626
 21
18.7626
  0
LINE
  8
0
 10
18.7626
 20
18.7626
 11
18.4845
 21
19.125
  0
LINE
  8
0
 10
18.4845
 20
19.125
 11
18.3096
 21
19.5471
  0
LINE
  8
0
 10
18.3096
 20
19.5471
 11
18.25
 21
20
  0
LINE
  8
0
 10
18.25
 20
40
 11
18.3096
 21
40.4529
  0
LINE
  8
0
 10
18.3096
 20
40.4529
 11
18.4845
 21
40.875
  0
LINE
  8
0
 10
18.4845
 20
40.875
 11
18.7626
 21
41.2374
  0
LINE
  8
0
 10
18.7626
 20
41.2374
 11
19.125
 21
41.5155
  0
LINE
  8
0
 10
19.125
 20
41.5155
 11
19.5471
 21
41.6904
  0
LINE
  8
0
 10
19.5471
 20
41.6904
 11
20
 21
41.75
  0
LINE
  8
0
 10
20
 20
41.75
 11
20.4529
 21
41.6904
  0
LINE
  8
0
 10
20.4529
 20
41.6904
 11
20.875
 21
41.5155
  0
LINE
  8
0
 10
20.875
 20
41.5155
 11
21.2374
 21
41.2374
  0
LINE
  8
0
 10
21.2374
 20
41.2374
 11
21.5155
 21
40.875
  0
LINE
  8
0
 10
21.5155
 20
40.875
 11
21.6904
 21
40.4529
  0
LINE
  8
0
 10
21.6904
 20
40.4529
 11
21.75
 21
40
  0
LINE
  8
0
 10
21.75
 20
40
 11
21.6904
 21
39.5471
  0
LINE
  8
0
 10
21.6904
 20
39.5471
 11
21.5155
 21
39.125
  0
LINE
  8
0
 10
21.5155
 20
39.125
 11
21.2374
 21
38.7626
  0
LINE
  8
0
 10
21.2374
 20
38.7626
 11
20.875
 21
38.4845
  0
LINE
  8
0
 10
20.875
 20
38.4845
 11
20.4529
 21
38.3096
  0
LINE
  8
0
 10
20.4529
 20
38.3096
 11
20
 21
38.25
  0
LINE
  8
0
 10
20
 20
38.25
 11
19.5471
 21
38.3096
  0
LINE
  8
0
 10
19.5471
 20
38.3096
 11
19.125
 21
38.4845
  0
LINE
  8
0
 10
19.125
 20
38.4845
 11
18.7626
 21
38.7626
  0
LINE
  8
0
 10
18.7626
 20
38.7626
 11
18.4845
 21
39.125
  0
LINE
  8
0
 10
18.4845
 20
39.125
 11
18.3096
 21
39.5471
  0
LINE
  8
0
 10
18.3096
 20
39.5471
 11
18.25
 21
40
  0
LINE
  8
0
 10
18.25
 20
60
 11
18.3096
 21
60.4529
  0
LINE
  8
0
 10
18.3096
 20
60.4529
 11
18.4845
 21
60.875
  0
LINE
  8
0
 10
18.4845
 20
60.875
 11
18.7626
 21
61.2374
  0
LINE
  8
0
 10
18.7626
 20
61.2374
 11
19.125
 21
61.5155
  0
LINE
  8
0
 10
19.125
 20
61.5155
 11
19.5471
 21
61.6904
  0
LINE
  8
0
 10
19.5471
 20
61.6904
 11
20
 21
61.75
  0
LINE
  8
0
 10
20
 20
61.75
 11
20.4529
 21
61.6904
  0
LINE
  8
0
 10
20.4529
 20
61.6904
 11
20.875
 21
61.5155
  0
LINE
  8
0
 10
20.875
 20
61.5155
 11
21.2374
 21
61.2374
  0
LINE
  8
0
 10
21.2374
 20
61.2374
 11
21.5155
 21
60.875
  0
LINE
  8
0
 10
21.5155
 20
60.875
 11
21.6904
 21
60.4529
  0
LINE
  8
0
 10
21.6904
 20
60.4529
 11
21.75
 21
60
  0
LINE
  8
0
 10
21.75
 20
60
 11
21.6904
 21
59.5471
  0
LINE
  8
0
 10
21.6904
 20
59.5471
 11
21.5155
 21
59.125
  0
LINE
  8
0
 10
21.5155
 20
59.125
 11
21.2374
 21
58.7626
  0
LINE
  8
0
 10
21.2374
 20
58.7626
 11
20.875
 21
58.4845
  0
LINE
  8
0
 10
20.875
 20
58.4845
 11
20.4529
 21
58.3096
  0
LINE
  8
0
 10
20.4529
 20
58.3096
 11
20
 21
58.25
  0
LINE
  8
0
 10
20
 20
58.25
 11
19.5471
 21
58.3096
  0
LINE
  8
0
 10
19.5471
 20
58.3096
 11
19.125
 21
58.4845
  0
LINE
  8
0
 10
19.125
 20
58.4845
 11
18.7626
 21
58.7626
  0
LINE
  8
0
 10
18.7626
 20
58.7626
 11
18.4845
 21
59.125
  0
LINE
  8
0
 10
18.4845
 20
59.125
 11
18.3096
 21
59.5471
  0
LINE
  8
0
 10
18.3096
 20
59.5471
 11
18.25
 21
60
  0
LINE
  8
0
 10
18.25
 20
80
 11
18.3096
 21
80.4529
  0
LINE
  8
0
 10
18.3096
 20
80.4529
 11
18.4845
 21
80.875
  0
LINE
  8
0
 10
18.4845
 20
80.875
 11
18.7626
 21
81.2374
  0
LINE
  8
0
 10
18.7626
 20
81.2374
 11
19.125
 21
81.5155
  0
LINE
  8
0
 10
19.125
 20
81.5155
 11
19.5471
 21
81.6904
  0
LINE
  8
0
 10
19.5471
 20
81.6904
 11
20
 21
81.75
  0
LINE
  8
0
 10
20
 20
81.75
 11
20.4529
 21
81.6904
  0
LINE
  8
0
 10
20.4529
 20
81.6904
 11
20.875
 21
81.5155
  0
LINE
  8
0
 10
20.875
 20
81.5155
 11
21.2374
 21
81.2374
  0
LINE
  8
0
 10
21.2374
 20
81.2374
 11
21.5155
 21
80.875
  0
LINE
  8
0
 10
21.5155
 20
80.875
 11
21.6904
 21
80.4529
  0
LINE
  8
0
 10
21.6904
 20
80.4529
 11
21.75
 21
80
  0
LINE
  8
0
 10
21.75
 20
80
 11
21.6904
 21
79.5471
  0
LINE
  8
0
 10
21.6904
 20
79.5471
 11
21.5155
 21
79.125
  0
LINE
  8
0
 10
21.5155
 20
79.125
 11
21.2374
 21
78.7626
  0
LINE
  8
0
 10
21.2374
 20
78.7626
 11
20.875
 21
78.4845
  0
LINE
  8
0
 10
20.875
 20
78.4845
 11
20.4529
 21
78.3096
  0
LINE
  8
0
 10
20.4529
 20
78.3096
 11
20
 21
78.25
  0
LINE
  8
0
 10
20
 20
78.25
 11
19.5471
 21
78.3096
  0
LINE
  8
0
 10
19.5471
 20
78.3096
 11
19.125
 21
78.4845
  0
LINE
  8
0
 10
19.125
 20
78.4845
 11
18.7626
 21
78.7626
  0
LINE
  8
0
 10
18.7626
 20
78.7626
 11
18.4845
 21
79.125
  0
LINE
  8
0
 10
18.4845
 20
79.125
 11
18.3096
 21
79.5471
  0
LINE
  8
0
 10
18.3096
 20
79.5471
 11
18.25
 21
80
  0
LINE
  8
0
 10
18.25
 20
100
 11
18.3096
 21
100.453
  0
LINE
  8
0
 10
18.3096
 20
100.453
 11
18.4845
 21
100.875
  0
LINE
  8
0
 10
18.4845
 20
100.875
 11
18.7626
 21
101.237
  0
LINE
  8
0
 10
18.7626
 20
101.237
 11
19.125
 21
101.516
  0
LINE
  8
0
 10
19.125
 20
101.516
 11
19.5471
 21
101.69
  0
LINE
  8
0
 10
19.5471
 20
101.69
 11
20
 21
101.75
  0
LINE
  8
0
 10
20
 20
101.75
 11
20.4529
 21
101.69
  0
LINE
  8
0
 10
20.4529
 20
101.69
 11
20.875
 21
101.516
  0
LINE
  8
0
 10
20.875
 20
101.516
 11
21.2374
 21
101.237
  0
LINE
  8
0
 10
21.2374
 20
101.237
 11
21.5155
 21
100.875
  0
LINE
  8
0
 10
21.5155
 20
100.875
 11
21.6904
 21
100.453
  0
LINE
  8
0
 10
21.6904
 20
100.453
 11
21.75
 21
100
  0
LINE
  8
0
 10
21.75
 20
100
 11
21.6904
 21
99.5471
  0
LINE
  8
0
 10
21.6904
 20
99.5471
 11
21.5155
 21
99.125
  0
LINE
  8
0
 10
21.5155
 20
99.125
 11
21.2374
 21
98.7626
  0
LINE
  8
0
 10
21.2374
 20
98.7626
 11
20.875
 21
98.4845
  0
LINE
  8
0
 10
20.875
 20
98.4845
 11
20.4529
 21
98.3096
  0
LINE
  8
0
 10
20.4529
 20
98.3096
 11
20
 21
98.25
  0
LINE
  8
0
 10
20
 20
98.25
 11
19.5471
 21
98.3096
  0
LINE
  8
0
 10
19.5471
 20
98.3096
 11
19.125
 21
98.4845
  0
LINE
  8
0
 10
19.125
 20
98.4845
 11
18.7626
 21
98.7626
  0
LINE
  8
0
 10
18.7626
 20
98.7626
 11
18.4845
 21
99.125
  0
LINE
  8
0
 10
18.4845
 20
99.125
 11
18.3096
 21
99.5471
  0
LINE
  8
0
 10
18.3096
 20
99.5471
 11
18.25
 21
100
  0
LINE
  8
0
 10
25.076
 20
95
 11
25.168
 21
95.6988
  0
LINE
  8
0
 10
25.168
 20
95.6988
 11
25.4377
 21
96.35
  0
LINE
  8
0
 10
25.4377
 20
96.35
 11
25.8668
 21
96.9092
  0
LINE
  8
0
 10
25.8668
 20
96.9092
 11
26.426
 21
97.3383
  0
LINE
  8
0
 10
26.426
 20
97.3383
 11
27.0772
 21
97.608
  0
LINE
  8
0
 10
27.0772
 20
97.608
 11
27.776
 21
97.7
  0
LINE
  8
0
 10
27.776
 20
97.7
 11
28.4748
 21
97.608
  0
LINE
  8
0
 10
28.4748
 20
97.608
 11
29.126
 21
97.3383
  0
LINE
  8
0
 10
29.126
 20
97.3383
 11
29.6852
 21
96.9092
  0
LINE
  8
0
 10
29.6852
 20
96.9092
 11
30.1143
 21
96.35
  0
LINE
  8
0
 10
30.1143
 20
96.35
 11
30.384
 21
95.6988
  0
LINE
  8
0
 10
30.384
 20
95.6988
 11
30.476
 21
95
  0
LINE
  8
0
 10
30.476
 20
95
 11
30.384
 21
94.3012
  0
LINE
  8
0
 10
30.384
 20
94.3012
 11
30.1143
 21
93.65
  0
LINE
  8
0
 10
30.1143
 20
93.65
 11
29.6852
 21
93.0908
  0
LINE
  8
0
 10
29.6852
 20
93.0908
 11
29.126
 21
92.6617
  0
LINE
  8
0
 10
29.126
 20
92.6617
 11
28.4748
 21
92.392
  0
LINE
  8
0
 10
28.4748
 20
92.392
 11
27.776
 21
92.3
  0
LINE
  8
0
 10
27.776
 20
92.3
 11
27.0772
 21
92.392
  0
LINE
  8
0
 10
27.0772
 20
92.392
 11
26.426
 21
92.6617
  0
LINE
  8
0
 10
26.426
 20
92.6617
 11
25.8668
 21
93.0908
  0
LINE
  8
0
 10
25.8668
 20
93.0908
 11
25.4377
 21
93.65
  0
LINE
  8
0
 10
25.4377
 20
93.65
 11
25.168
 21
94.3012
  0
LINE
  8
0
 10
25.168
 20
94.3012
 11
25.076
 21
95
  0
LINE
  8
0
 10
29.05
 20
25.225
 11
29.142
 21
25.9238
  0
LINE
  8
0
 10
29.142
 20
25.9238
 11
29.4117
 21
26.575
  0
LINE
  8
0
 10
29.4117
 20
26.575
 11
29.8408
 21
27.1342
  0
LINE
  8
0
 10
29.8408
 20
27.1342
 11
30.4
 21
27.5633
  0
LINE
  8
0
 10
30.4
 20
27.5633
 11
31.0512
 21
27.833
  0
LINE
  8
0
 10
31.0512
 20
27.833
 11
31.75
 21
27.925
  0
LINE
  8
0
 10
31.75
 20
27.925
 11
32.4488
 21
27.833
  0
LINE
  8
0
 10
32.4488
 20
27.833
 11
33.1
 21
27.5633
  0
LINE
  8
0
 10
33.1
 20
27.5633
 11
33.6592
 21
27.1342
  0
LINE
  8
0
 10
33.6592
 20
27.1342
 11
34.0883
 21
26.575
  0
LINE
  8
0
 10
34.0883
 20
26.575
 11
34.358
 21
25.9238
  0
LINE
  8
0
 10
34.358
 20
25.9238
 11
34.45
 21
25.225
  0
LINE
  8
0
 10
34.45
 20
25.225
 11
34.358
 21
24.5262
  0
LINE
  8
0
 10
34.358
 20
24.5262
 11
34.0883
 21
23.875
  0
LINE
  8
0
 10
34.0883
 20
23.875
 11
33.6592
 21
23.3158
  0
LINE
  8
0
 10
33.6592
 20
23.3158
 11
33.1
 21
22.8867
  0
LINE
  8
0
 10
33.1
 20
22.8867
 11
32.4488
 21
22.617
  0
LINE
  8
0
 10
32.4488
 20
22.617
 11
31.75
 21
22.525
  0
LINE
  8
0
 10
31.75
 20
22.525
 11
31.0512
 21
22.617
  0
LINE
  8
0
 10
31.0512
 20
22.617
 11
30.4
 21
22.8867
  0
LINE
  8
0
 10
30.4
 20
22.8867
 11
29.8408
 21
23.3158
  0
LINE
  8
0
 10
29.8408
 20
23.3158
 11
29.4117
 21
23.875
  0
LINE
  8
0
 10
29.4117
 20
23.875
 11
29.142
 21
24.5262
  0
LINE
  8
0
 10
29.142
 20
24.5262
 11
29.05
 21
25.225
  0
LINE
  8
0
 10
33.65
 20
-85
 11
33.696
 21
-84.6506
  0
LINE
  8
0
 10
33.696
 20
-84.6506
 11
33.8309
 21
-84.325
  0
LINE
  8
0
 10
33.8309
 20
-84.325
 11
34.0454
 21
-84.0454
  0
LINE
  8
0
 10
34.0454
 20
-84.0454
 11
34.325
 21
-83.8309
  0
LINE
  8
0
 10
34.325
 20
-83.8309
 11
34.6506
 21
-83.696
  0
LINE
  8
0
 10
34.6506
 20
-83.696
 11
35
 21
-83.65
  0
LINE
  8
0
 10
35
 20
-83.65
 11
35.3494
 21
-83.696
  0
LINE
  8
0
 10
35.3494
 20
-83.696
 11
35.675
 21
-83.8309
  0
LINE
  8
0
 10
35.675
 20
-83.8309
 11
35.9546
 21
-84.0454
  0
LINE
  8
0
 10
35.9546
 20
-84.0454
 11
36.1691
 21
-84.325
  0
LINE
  8
0
 10
36.1691
 20
-84.325
 11
36.304
 21
-84.6506
  0
LINE
  8
0
 10
36.304
 20
-84.6506
 11
36.35
 21
-85
  0
LINE
  8
0
 10
36.35
 20
-85
 11
36.304
 21
-85.3494
  0
LINE
  8
0
 10
36.304
 20
-85.3494
 11
36.1691
 21
-85.675
  0
LINE
  8
0
 10
36.1691
 20
-85.675
 11
35.9546
 21
-85.9546
  0
LINE
  8
0
 10
35.9546
 20
-85.9546
 11
35.675
 21
-86.1691
  0
LINE
  8
0
 10
35.675
 20
-86.1691
 11
35.3494
 21
-86.304
  0
LINE
  8
0
 10
35.3494
 20
-86.304
 11
35
 21
-86.35
  0
LINE
  8
0
 10
35
 20
-86.35
 11
34.6506
 21
-86.304
  0
LINE
  8
0
 10
34.6506
 20
-86.304
 11
34.325
 21
-86.1691
  0
LINE
  8
0
 10
34.325
 20
-86.1691
 11
34.0454
 21
-85.9546
  0
LINE
  8
0
 10
34.0454
 20
-85.9546
 11
33.8309
 21
-85.675
  0
LINE
  8
0
 10
33.8309
 20
-85.675
 11
33.696
 21
-85.3494
  0
LINE
  8
0
 10
33.696
 20
-85.3494
 11
33.65
 21
-85
  0
LINE
  8
0
 10
33.65
 20
-36
 11
33.696
 21
-35.6506
  0
LINE
  8
0
 10
33.696
 20
-35.6506
 11
33.8309
 21
-35.325
  0
LINE
  8
0
 10
33.8309
 20
-35.325
 11
34.0454
 21
-35.0454
  0
LINE
  8
0
 10
34.0454
 20
-35.0454
 11
34.325
 21
-34.8309
  0
LINE
  8
0
 10
34.325
 20
-34.8309
 11
34.6506
 21
-34.696
  0
LINE
  8
0
 10
34.6506
 20
-34.696
 11
35
 21
-34.65
  0
LINE
  8
0
 10
35
 20
-34.65
 11
35.3494
 21
-34.696
  0
LINE
  8
0
 10
35.3494
 20
-34.696
 11
35.675
 21
-34.8309
  0
LINE
  8
0
 10
35.675
 20
-34.8309
 11
35.9546
 21
-35.0454
  0
LINE
  8
0
 10
35.9546
 20
-35.0454
 11
36.1691
 21
-35.325
  0
LINE
  8
0
 10
36.1691
 20
-35.325
 11
36.304
 21
-35.6506
  0
LINE
  8
0
 10
36.304
 20
-35.6506
 11
36.35
 21
-36
  0
LINE
  8
0
 10
36.35
 20
-36
 11
36.304
 21
-36.3494
  0
LINE
  8
0
 10
36.304
 20
-36.3494
 11
36.1691
 21
-36.675
  0
LINE
  8
0
 10
36.1691
 20
-36.675
 11
35.9546
 21
-36.9546
  0
LINE
  8
0
 10
35.9546
 20
-36.9546
 11
35.675
 21
-37.1691
  0
LINE
  8
0
 10
35.675
 20
-37.1691
 11
35.3494
 21
-37.304
  0
LINE
  8
0
 10
35.3494
 20
-37.304
 11
35
 21
-37.35
  0
LINE
  8
0
 10
35
 20
-37.35
 11
34.6506
 21
-37.304
  0
LINE
  8
0
 10
34.6506
 20
-37.304
 11
34.325
 21
-37.1691
  0
LINE
  8
0
 10
34.325
 20
-37.1691
 11
34.0454
 21
-36.9546
  0
LINE
  8
0
 10
34.0454
 20
-36.9546
 11
33.8309
 21
-36.675
  0
LINE
  8
0
 10
33.8309
 20
-36.675
 11
33.696
 21
-36.3494
  0
LINE
  8
0
 10
33.696
 20
-36.3494
 11
33.65
 21
-36
  0
LINE
  8
0
 10
38.25
 20
-80
 11
38.3096
 21
-79.5471
  0
LINE
  8
0
 10
38.3096
 20
-79.5471
 11
38.4845
 21
-79.125
  0
LINE
  8
0
 10
38.4845
 20
-79.125
 11
38.7626
 21
-78.7626
  0
LINE
  8
0
 10
38.7626
 20
-78.7626
 11
39.125
 21
-78.4845
  0
LINE
  8
0
 10
39.125
 20
-78.4845
 11
39.5471
 21
-78.3096
  0
LINE
  8
0
 10
39.5471
 20
-78.3096
 11
40
 21
-78.25
  0
LINE
  8
0
 10
40
 20
-78.25
 11
40.4529
 21
-78.3096
  0
LINE
  8
0
 10
40.4529
 20
-78.3096
 11
40.875
 21
-78.4845
  0
LINE
  8
0
 10
40.875
 20
-78.4845
 11
41.2374
 21
-78.7626
  0
LINE
  8
0
 10
41.2374
 20
-78.7626
 11
41.5155
 21
-79.125
  0
LINE
  8
0
 10
41.5155
 20
-79.125
 11
41.6904
 21
-79.5471
  0
LINE
  8
0
 10
41.6904
 20
-79.5471
 11
41.75
 21
-80
  0
LINE
  8
0
 10
41.75
 20
-80
 11
41.6904
 21
-80.4529
  0
LINE
  8
0
 10
41.6904
 20
-80.4529
 11
41.5155
 21
-80.875
  0
LINE
  8
0
 10
41.5155
 20
-80.875
 11
41.2374
 21
-81.2374
  0
LINE
  8
0
 10
41.2374
 20
-81.2374
 11
40.875
 21
-81.5155
  0
LINE
  8
0
 10
40.875
 20
-81.5155
 11
40.4529
 21
-81.6904
  0
LINE
  8
0
 10
40.4529
 20
-81.6904
 11
40
 21
-81.75
  0
LINE
  8
0
 10
40
 20
-81.75
 11
39.5471
 21
-81.6904
  0
LINE
  8
0
 10
39.5471
 20
-81.6904
 11
39.125
 21
-81.5155
  0
LINE
  8
0
 10
39.125
 20
-81.5155
 11
38.7626
 21
-81.2374
  0
LINE
  8
0
 10
38.7626
 20
-81.2374
 11
38.4845
 21
-80.875
  0
LINE
  8
0
 10
38.4845
 20
-80.875
 11
38.3096
 21
-80.4529
  0
LINE
  8
0
 10
38.3096
 20
-80.4529
 11
38.25
 21
-80
  0
LINE
  8
0
 10
38.25
 20
-60
 11
38.3096
 21
-59.5471
  0
LINE
  8
0
 10
38.3096
 20
-59.5471
 11
38.4845
 21
-59.125
  0
LINE
  8
0
 10
38.4845
 20
-59.125
 11
38.7626
 21
-58.7626
  0
LINE
  8
0
 10
38.7626
 20
-58.7626
 11
39.125
 21
-58.4845
  0
LINE
  8
0
 10
39.125
 20
-58.4845
 11
39.5471
 21
-58.3096
  0
LINE
  8
0
 10
39.5471
 20
-58.3096
 11
40
 21
-58.25
  0
LINE
  8
0
 10
40
 20
-58.25
 11
40.4529
 21
-58.3096
  0
LINE
  8
0
 10
40.4529
 20
-58.3096
 11
40.875
 21
-58.4845
  0
LINE
  8
0
 10
40.875
 20
-58.4845
 11
41.2374
 21
-58.7626
  0
LINE
  8
0
 10
41.2374
 20
-58.7626
 11
41.5155
 21
-59.125
  0
LINE
  8
0
 10
41.5155
 20
-59.125
 11
41.6904
 21
-59.5471
  0
LINE
  8
0
 10
41.6904
 20
-59.5471
 11
41.75
 21
-60
  0
LINE
  8
0
 10
41.75
 20
-60
 11
41.6904
 21
-60.4529
  0
LINE
  8
0
 10
41.6904
 20
-60.4529
 11
41.5155
 21
-60.875
  0
LINE
  8
0
 10
41.5155
 20
-60.875
 11
41.2374
 21
-61.2374
  0
LINE
  8
0
 10
41.2374
 20
-61.2374
 11
40.875
 21
-61.5155
  0
LINE
  8
0
 10
40.875
 20
-61.5155
 11
40.4529
 21
-61.6904
  0
LINE
  8
0
 10
40.4529
 20
-61.6904
 11
40
 21
-61.75
  0
LINE
  8
0
 10
40
 20
-61.75
 11
39.5471
 21
-61.6904
  0
LINE
  8
0
 10
39.5471
 20
-61.6904
 11
39.125
 21
-61.5155
  0
LINE
  8
0
 10
39.125
 20
-61.5155
 11
38.7626
 21
-61.2374
  0
LINE
  8
0
 10
38.7626
 20
-61.2374
 11
38.4845
 21
-60.875
  0
LINE
  8
0
 10
38.4845
 20
-60.875
 11
38.3096
 21
-60.4529
  0
LINE
  8
0
 10
38.3096
 20
-60.4529
 11
38.25
 21
-60
  0
LINE
  8
0
 10
38.25
 20
-40
 11
38.3096
 21
-39.5471
  0
LINE
  8
0
 10
38.3096
 20
-39.5471
 11
38.4845
 21
-39.125
  0
LINE
  8
0
 10
38.4845
 20
-39.125
 11
38.7626
 21
-38.7626
  0
LINE
  8
0
 10
38.7626
 20
-38.7626
 11
39.125
 21
-38.4845
  0
LINE
  8
0
 10
39.125
 20
-38.4845
 11
39.5471
 21
-38.3096
  0
LINE
  8
0
 10
39.5471
 20
-38.3096
 11
40
 21
-38.25
  0
LINE
  8
0
 10
40
 20
-38.25
 11
40.4529
 21
-38.3096
  0
LINE
  8
0
 10
40.4529
 20
-38.3096
 11
40.875
 21
-38.4845
  0
LINE
  8
0
 10
40.875
 20
-38.4845
 11
41.2374
 21
-38.7626
  0
LINE
  8
0
 10
41.2374
 20
-38.7626
 11
41.5155
 21
-39.125
  0
LINE
  8
0
 10
41.5155
 20
-39.125
 11
41.6904
 21
-39.5471
  0
LINE
  8
0
 10
41.6904
 20
-39.5471
 11
41.75
 21
-40
  0
LINE
  8
0
 10
41.75
 20
-40
 11
41.6904
 21
-40.4529
  0
LINE
  8
0
 10
41.6904
 20
-40.4529
 11
41.5155
 21
-40.875
  0
LINE
  8
0
 10
41.5155
 20
-40.875
 11
41.2374
 21
-41.2374
  0
LINE
  8
0
 10
41.2374
 20
-41.2374
 11
40.875
 21
-41.5155
  0
LINE
  8
0
 10
40.875
 20
-41.5155
 11
40.4529
 21
-41.6904
  0
LINE
  8
0
 10
40.4529
 20
-41.6904
 11
40
 21
-41.75
  0
LINE
  8
0
 10
40
 20
-41.75
 11
39.5471
 21
-41.6904
  0
LINE
  8
0
 10
39.5471
 20
-41.6904
 11
39.125
 21
-41.5155
  0
LINE
  8
0
 10
39.125
 20
-41.5155
 11
38.7626
 21
-41.2374
  0
LINE
  8
0
 10
38.7626
 20
-41.2374
 11
38.4845
 21
-40.875
  0
LINE
  8
0
 10
38.4845
 20
-40.875
 11
38.3096
 21
-40.4529
  0
LINE
  8
0
 10
38.3096
 20
-40.4529
 11
38.25
 21
-40
  0
LINE
  8
0
 10
38.25
 20
-20
 11
38.3096
 21
-19.5471
  0
LINE
  8
0
 10
38.3096
 20
-19.5471
 11
38.4845
 21
-19.125
  0
LINE
  8
0
 10
38.4845
 20
-19.125
 11
38.7626
 21
-18.7626
  0
LINE
  8
0
 10
38.7626
 20
-18.7626
 11
39.125
 21
-18.4845
  0
LINE
  8
0
 10
39.125
 20
-18.4845
 11
39.5471
 21
-18.3096
  0
LINE
  8
0
 10
39.5471
 20
-18.3096
 11
40
 21
-18.25
  0
LINE
  8
0
 10
40
 20
-18.25
 11
40.4529
 21
-18.3096
  0
LINE
  8
0
 10
40.4529
 20
-18.3096
 11
40.875
 21
-18.4845
  0
LINE
  8
0
 10
40.875
 20
-18.4845
 11
41.2374
 21
-18.7626
  0
LINE
  8
0
 10
41.2374
 20
-18.7626
 11
41.5155
 21
-19.125
  0
LINE
  8
0
 10
41.5155
 20
-19.125
 11
41.6904
 21
-19.5471
  0
LINE
  8
0
 10
41.6904
 20
-19.5471
 11
41.75
 21
-20
  0
LINE
  8
0
 10
41.75
 20
-20
 11
41.6904
 21
-20.4529
  0
LINE
  8
0
 10
41.6904
 20
-20.4529
 11
41.5155
 21
-20.875
  0
LINE
  8
0
 10
41.5155
 20
-20.875
 11
41.2374
 21
-21.2374
  0
LINE
  8
0
 10
41.2374
 20
-21.2374
 11
40.875
 21
-21.5155
  0
LINE
  8
0
 10
40.875
 20
-21.5155
 11
40.4529
 21
-21.6904
  0
LINE
  8
0
 10
40.4529
 20
-21.6904
 11
40
 21
-21.75
  0
LINE
  8
0
 10
40
 20
-21.75
 11
39.5471
 21
-21.6904
  0
LINE
  8
0
 10
39.5471
 20
-21.6904
 11
39.125
 21
-21.5155
  0
LINE
  8
0
 10
39.125
 20
-21.5155
 11
38.7626
 21
-21.2374
  0
LINE
  8
0
 10
38.7626
 20
-21.2374
 11
38.4845
 21
-20.875
  0
LINE
  8
0
 10
38.4845
 20
-20.875
 11
38.3096
 21
-20.4529
  0
LINE
  8
0
 10
38.3096
 20
-20.4529
 11
38.25
 21
-20
  0
LINE
  8
0
 10
38.25
 20
0
 11
38.3096
 21
0.452933
  0
LINE
  8
0
 10
38.3096
 20
0.452933
 11
38.4845
 21
0.875
  0
LINE
  8
0
 10
38.4845
 20
0.875
 11
38.7626
 21
1.23744
  0
LINE
  8
0
 10
38.7626
 20
1.23744
 11
39.125
 21
1.51554
  0
LINE
  8
0
 10
39.125
 20
1.51554
 11
39.5471
 21
1.69037
  0
LINE
  8
0
 10
39.5471
 20
1.69037
 11
40
 21
1.75
  0
LINE
  8
0
 10
40
 20
1.75
 11
40.4529
 21
1.69037
  0
LINE
  8
0
 10
40.4529
 20
1.69037
 11
40.875
 21
1.51554
  0
LINE
  8
0
 10
40.875
 20
1.51554
 11
41.2374
 21
1.23744
  0
LINE
  8
0
 10
41.2374
 20
1.23744
 11
41.5155
 21
0.875
  0
LINE
  8
0
 10
41.5155
 20
0.875
 11
41.6904
 21
0.452933
  0
LINE
  8
0
 10
41.6904
 20
0.452933
 11
41.75
 21
0
  0
LINE
  8
0
 10
41.75
 20
0
 11
41.6904
 21
-0.452933
  0
LINE
  8
0
 10
41.6904
 20
-0.452933
 11
41.5155
 21
-0.875
  0
LINE
  8
0
 10
41.5155
 20
-0.875
 11
41.2374
 21
-1.23744
  0
LINE
  8
0
 10
41.2374
 20
-1.23744
 11
40.875
 21
-1.51554
  0
LINE
  8
0
 10
40.875
 20
-1.51554
 11
40.4529
 21
-1.69037
  0
LINE
  8
0
 10
40.4529
 20
-1.69037
 11
40
 21
-1.75
  0
LINE
  8
0
 10
40
 20
-1.75
 11
39.5471
 21
-1.69037
  0
LINE
  8
0
 10
39.5471
 20
-1.69037
 11
39.125
 21
-1.51554
  0
LINE
  8
0
 10
39.125
 20
-1.51554
 11
38.7626
 21
-1.23744
  0
LINE
  8
0
 10
38.7626
 20
-1.23744
 11
38.4845
 21
-0.875
  0
LINE
  8
0
 10
38.4845
 20
-0.875
 11
38.3096
 21
-0.452933
  0
LINE
  8
0
 10
38.3096
 20
-0.452933
 11
38.25
 21
0
  0
LINE
  8
0
 10
38.25
 20
20
 11
38.3096
 21
20.4529
  0
LINE
  8
0
 10
38.3096
 20
20.4529
 11
38.4845
 21
20.875
  0
LINE
  8
0
 10
38.4845
 20
20.875
 11
38.7626
 21
21.2374
  0
LINE
  8
0
 10
38.7626
 20
21.2374
 11
39.125
 21
21.5155
  0
LINE
  8
0
 10
39.125
 20
21.5155
 11
39.5471
 21
21.6904
  0
LINE
  8
0
 10
39.5471
 20
21.6904
 11
40
 21
21.75
  0
LINE
  8
0
 10
40
 20
21.75
 11
40.4529
 21
21.6904
  0
LINE
  8
0
 10
40.4529
 20
21.6904
 11
40.875
 21
21.5155
  0
LINE
  8
0
 10
40.875
 20
21.5155
 11
41.2374
 21
21.2374
  0
LINE
  8
0
 10
41.2374
 20
21.2374
 11
41.5155
 21
20.875
  0
LINE
  8
0
 10
41.5155
 20
20.875
 11
41.6904
 21
20.4529
  0
LINE
  8
0
 10
41.6904
 20
20.4529
 11
41.75
 21
20
  0
LINE
  8
0
 10
41.75
 20
20
 11
41.6904
 21
19.5471
  0
LINE
  8
0
 10
41.6904
 20
19.5471
 11
41.5155
 21
19.125
  0
LINE
  8
0
 10
41.5155
 20
19.125
 11
41.2374
 21
18.7626
  0
LINE
  8
0
 10
41.2374
 20
18.7626
 11
40.875
 21
18.4845
  0
LINE
  8
0
 10
40.875
 20
18.4845
 11
40.4529
 21
18.3096
  0
LINE
  8
0
 10
40.4529
 20
18.3096
 11
40
 21
18.25
  0
LINE
  8
0
 10
40
 20
18.25
 11
39.5471
 21
18.3096
  0
LINE
  8
0
 10
39.5471
 20
18.3096
 11
39.125
 21
18.4845
  0
LINE
  8
0
 10
39.125
 20
18.4845
 11
38.7626
 21
18.7626
  0
LINE
  8
0
 10
38.7626
 20
18.7626
 11
38.4845
 21
19.125
  0
LINE
  8
0
 10
38.4845
 20
19.125
 11
38.3096
 21
19.5471
  0
LINE
  8
0
 10
38.3096
 20
19.5471
 11
38.25
 21
20
  0
LINE
  8
0
 10
38.25
 20
40
 11
38.3096
 21
40.4529
  0
LINE
  8
0
 10
38.3096
 20
40.4529
 11
38.4845
 21
40.875
  0
LINE
  8
0
 10
38.4845
 20
40.875
 11
38.7626
 21
41.2374
  0
LINE
  8
0
 10
38.7626
 20
41.2374
 11
39.125
 21
41.5155
  0
LINE
  8
0
 10
39.125
 20
41.5155
 11
39.5471
 21
41.6904
  0
LINE
  8
0
 10
39.5471
 20
41.6904
 11
40
 21
41.75
  0
LINE
  8
0
 10
40
 20
41.75
 11
40.4529
 21
41.6904
  0
LINE
  8
0
 10
40.4529
 20
41.6904
 11
40.875
 21
41.5155
  0
LINE
  8
0
 10
40.875
 20
41.5155
 11
41.2374
 21
41.2374
  0
LINE
  8
0
 10
41.2374
 20
41.2374
 11
41.5155
 21
40.875
  0
LINE
  8
0
 10
41.5155
 20
40.875
 11
41.6904
 21
40.4529
  0
LINE
  8
0
 10
41.6904
 20
40.4529
 11
41.75
 21
40
  0
LINE
  8
0
 10
41.75
 20
40
 11
41.6904
 21
39.5471
  0
LINE
  8
0
 10
41.6904
 20
39.5471
 11
41.5155
 21
39.125
  0
LINE
  8
0
 10
41.5155
 20
39.125
 11
41.2374
 21
38.7626
  0
LINE
  8
0
 10
41.2374
 20
38.7626
 11
40.875
 21
38.4845
  0
LINE
  8
0
 10
40.875
 20
38.4845
 11
40.4529
 21
38.3096
  0
LINE
  8
0
 10
40.4529
 20
38.3096
 11
40
 21
38.25
  0
LINE
  8
0
 10
40
 20
38.25
 11
39.5471
 21
38.3096
  0
LINE
  8
0
 10
39.5471
 20
38.3096
 11
39.125
 21
38.4845
  0
LINE
  8
0
 10
39.125
 20
38.4845
 11
38.7626
 21
38.7626
  0
LINE
  8
0
 10
38.7626
 20
38.7626
 11
38.4845
 21
39.125
  0
LINE
  8
0
 10
38.4845
 20
39.125
 11
38.3096
 21
39.5471
  0
LINE
  8
0
 10
38.3096
 20
39.5471
 11
38.25
 21
40
  0
LINE
  8
0
 10
38.25
 20
60
 11
38.3096
 21
60.4529
  0
LINE
  8
0
 10
38.3096
 20
60.4529
 11
38.4845
 21
60.875
  0
LINE
  8
0
 10
38.4845
 20
60.875
 11
38.7626
 21
61.2374
  0
LINE
  8
0
 10
38.7626
 20
61.2374
 11
39.125
 21
61.5155
  0
LINE
  8
0
 10
39.125
 20
61.5155
 11
39.5471
 21
61.6904
  0
LINE
  8
0
 10
39.5471
 20
61.6904
 11
40
 21
61.75
  0
LINE
  8
0
 10
40
 20
61.75
 11
40.4529
 21
61.6904
  0
LINE
  8
0
 10
40.4529
 20
61.6904
 11
40.875
 21
61.5155
  0
LINE
  8
0
 10
40.875
 20
61.5155
 11
41.2374
 21
61.2374
  0
LINE
  8
0
 10
41.2374
 20
61.2374
 11
41.5155
 21
60.875
  0
LINE
  8
0
 10
41.5155
 20
60.875
 11
41.6904
 21
60.4529
  0
LINE
  8
0
 10
41.6904
 20
60.4529
 11
41.75
 21
60
  0
LINE
  8
0
 10
41.75
 20
60
 11
41.6904
 21
59.5471
  0
LINE
  8
0
 10
41.6904
 20
59.5471
 11
41.5155
 21
59.125
  0
LINE
  8
0
 10
41.5155
 20
59.125
 11
41.2374
 21
58.7626
  0
LINE
  8
0
 10
41.2374
 20
58.7626
 11
40.875
 21
58.4845
  0
LINE
  8
0
 10
40.875
 20
58.4845
 11
40.4529
 21
58.3096
  0
LINE
  8
0
 10
40.4529
 20
58.3096
 11
40
 21
58.25
  0
LINE
  8
0
 10
40
 20
58.25
 11
39.5471
 21
58.3096
  0
LINE
  8
0
 10
39.5471
 20
58.3096
 11
39.125
 21
58.4845
  0
LINE
  8
0
 10
39.125
 20
58.4845
 11
38.7626
 21
58.7626
  0
LINE
  8
0
 10
38.7626
 20
58.7626
 11
38.4845
 21
59.125
  0
LINE
  8
0
 10
38.4845
 20
59.125
 11
38.3096
 21
59.5471
  0
LINE
  8
0
 10
38.3096
 20
59.5471
 11
38.25
 21
60
  0
LINE
  8
0
 10
38.25
 20
80
 11
38.3096
 21
80.4529
  0
LINE
  8
0
 10
38.3096
 20
80.4529
 11
38.4845
 21
80.875
  0
LINE
  8
0
 10
38.4845
 20
80.875
 11
38.7626
 21
81.2374
  0
LINE
  8
0
 10
38.7626
 20
81.2374
 11
39.125
 21
81.5155
  0
LINE
  8
0
 10
39.125
 20
81.5155
 11
39.5471
 21
81.6904
  0
LINE
  8
0
 10
39.5471
 20
81.6904
 11
40
 21
81.75
  0
LINE
  8
0
 10
40
 20
81.75
 11
40.4529
 21
81.6904
  0
LINE
  8
0
 10
40.4529
 20
81.6904
 11
40.875
 21
81.5155
  0
LINE
  8
0
 10
40.875
 20
81.5155
 11
41.2374
 21
81.2374
  0
LINE
  8
0
 10
41.2374
 20
81.2374
 11
41.5155
 21
80.875
  0
LINE
  8
0
 10
41.5155
 20
80.875
 11
41.6904
 21
80.4529
  0
LINE
  8
0
 10
41.6904
 20
80.4529
 11
41.75
 21
80
  0
LINE
  8
0
 10
41.75
 20
80
 11
41.6904
 21
79.5471
  0
LINE
  8
0
 10
41.6904
 20
79.5471
 11
41.5155
 21
79.125
  0
LINE
  8
0
 10
41.5155
 20
79.125
 11
41.2374
 21
78.7626
  0
LINE
  8
0
 10
41.2374
 20
78.7626
 11
40.875
 21
78.4845
  0
LINE
  8
0
 10
40.875
 20
78.4845
 11
40.4529
 21
78.3096
  0
LINE
  8
0
 10
40.4529
 20
78.3096
 11
40
 21
78.25
  0
LINE
  8
0
 10
40
 20
78.25
 11
39.5471
 21
78.3096
  0
LINE
  8
0
 10
39.5471
 20
78.3096
 11
39.125
 21
78.4845
  0
LINE
  8
0
 10
39.125
 20
78.4845
 11
38.7626
 21
78.7626
  0
LINE
  8
0
 10
38.7626
 20
78.7626
 11
38.4845
 21
79.125
  0
LINE
  8
0
 10
38.4845
 20
79.125
 11
38.3096
 21
79.5471
  0
LINE
  8
0
 10
38.3096
 20
79.5471
 11
38.25
 21
80
  0
LINE
  8
0
 10
57.532
 20
57.3205
 11
57.5917
 21
57.7734
  0
LINE
  8
0
 10
57.5917
 20
57.7734
 11
57.7665
 21
58.1955
  0
LINE
  8
0
 10
57.7665
 20
58.1955
 11
58.0446
 21
58.5579
  0
LINE
  8
0
 10
58.0446
 20
58.5579
 11
58.407
 21
58.8361
  0
LINE
  8
0
 10
58.407
 20
58.8361
 11
58.8291
 21
59.0109
  0
LINE
  8
0
 10
58.8291
 20
59.0109
 11
59.282
 21
59.0705
  0
LINE
  8
0
 10
59.282
 20
59.0705
 11
59.735
 21
59.0109
  0
LINE
  8
0
 10
59.735
 20
59.0109
 11
60.157
 21
58.8361
  0
LINE
  8
0
 10
60.157
 20
58.8361
 11
60.5195
 21
58.5579
  0
LINE
  8
0
 10
60.5195
 20
58.5579
 11
60.7976
 21
58.1955
  0
LINE
  8
0
 10
60.7976
 20
58.1955
 11
60.9724
 21
57.7734
  0
LINE
  8
0
 10
60.9724
 20
57.7734
 11
61.032
 21
57.3205
  0
LINE
  8
0
 10
61.032
 20
57.3205
 11
60.9724
 21
56.8676
  0
LINE
  8
0
 10
60.9724
 20
56.8676
 11
60.7976
 21
56.4455
  0
LINE
  8
0
 10
60.7976
 20
56.4455
 11
60.5195
 21
56.0831
  0
LINE
  8
0
 10
60.5195
 20
56.0831
 11
60.157
 21
55.805
  0
LINE
  8
0
 10
60.157
 20
55.805
 11
59.735
 21
55.6301
  0
LINE
  8
0
 10
59.735
 20
55.6301
 11
59.282
 21
55.5705
  0
LINE
  8
0
 10
59.282
 20
55.5705
 11
58.8291
 21
55.6301
  0
LINE
  8
0
 10
58.8291
 20
55.6301
 11
58.407
 21
55.805
  0
LINE
  8
0
 10
58.407
 20
55.805
 11
58.0446
 21
56.0831
  0
LINE
  8
0
 10
58.0446
 20
56.0831
 11
57.7665
 21
56.4455
  0
LINE
  8
0
 10
57.7665
 20
56.4455
 11
57.5917
 21
56.8676
  0
LINE
  8
0
 10
57.5917
 20
56.8676
 11
57.532
 21
57.3205
  0
LINE
  8
0
 10
58.25
 20
-80
 11
58.3096
 21
-79.5471
  0
LINE
  8
0
 10
58.3096
 20
-79.5471
 11
58.4845
 21
-79.125
  0
LINE
  8
0
 10
58.4845
 20
-79.125
 11
58.7626
 21
-78.7626
  0
LINE
  8
0
 10
58.7626
 20
-78.7626
 11
59.125
 21
-78.4845
  0
LINE
  8
0
 10
59.125
 20
-78.4845
 11
59.5471
 21
-78.3096
  0
LINE
  8
0
 10
59.5471
 20
-78.3096
 11
60
 21
-78.25
  0
LINE
  8
0
 10
60
 20
-78.25
 11
60.4529
 21
-78.3096
  0
LINE
  8
0
 10
60.4529
 20
-78.3096
 11
60.875
 21
-78.4845
  0
LINE
  8
0
 10
60.875
 20
-78.4845
 11
61.2374
 21
-78.7626
  0
LINE
  8
0
 10
61.2374
 20
-78.7626
 11
61.5155
 21
-79.125
  0
LINE
  8
0
 10
61.5155
 20
-79.125
 11
61.6904
 21
-79.5471
  0
LINE
  8
0
 10
61.6904
 20
-79.5471
 11
61.75
 21
-80
  0
LINE
  8
0
 10
61.75
 20
-80
 11
61.6904
 21
-80.4529
  0
LINE
  8
0
 10
61.6904
 20
-80.4529
 11
61.5155
 21
-80.875
  0
LINE
  8
0
 10
61.5155
 20
-80.875
 11
61.2374
 21
-81.2374
  0
LINE
  8
0
 10
61.2374
 20
-81.2374
 11
60.875
 21
-81.5155
  0
LINE
  8
0
 10
60.875
 20
-81.5155
 11
60.4529
 21
-81.6904
  0
LINE
  8
0
 10
60.4529
 20
-81.6904
 11
60
 21
-81.75
  0
LINE
  8
0
 10
60
 20
-81.75
 11
59.5471
 21
-81.6904
  0
LINE
  8
0
 10
59.5471
 20
-81.6904
 11
59.125
 21
-81.5155
  0
LINE
  8
0
 10
59.125
 20
-81.5155
 11
58.7626
 21
-81.2374
  0
LINE
  8
0
 10
58.7626
 20
-81.2374
 11
58.4845
 21
-80.875
  0
LINE
  8
0
 10
58.4845
 20
-80.875
 11
58.3096
 21
-80.4529
  0
LINE
  8
0
 10
58.3096
 20
-80.4529
 11
58.25
 21
-80
  0
LINE
  8
0
 10
58.25
 20
-60
 11
58.3096
 21
-59.5471
  0
LINE
  8
0
 10
58.3096
 20
-59.5471
 11
58.4845
 21
-59.125
  0
LINE
  8
0
 10
58.4845
 20
-59.125
 11
58.7626
 21
-58.7626
  0
LINE
  8
0
 10
58.7626
 20
-58.7626
 11
59.125
 21
-58.4845
  0
LINE
  8
0
 10
59.125
 20
-58.4845
 11
59.5471
 21
-58.3096
  0
LINE
  8
0
 10
59.5471
 20
-58.3096
 11
60
 21
-58.25
  0
LINE
  8
0
 10
60
 20
-58.25
 11
60.4529
 21
-58.3096
  0
LINE
  8
0
 10
60.4529
 20
-58.3096
 11
60.875
 21
-58.4845
  0
LINE
  8
0
 10
60.875
 20
-58.4845
 11
61.2374
 21
-58.7626
  0
LINE
  8
0
 10
61.2374
 20
-58.7626
 11
61.5155
 21
-59.125
  0
LINE
  8
0
 10
61.5155
 20
-59.125
 11
61.6904
 21
-59.5471
  0
LINE
  8
0
 10
61.6904
 20
-59.5471
 11
61.75
 21
-60
  0
LINE
  8
0
 10
61.75
 20
-60
 11
61.6904
 21
-60.4529
  0
LINE
  8
0
 10
61.6904
 20
-60.4529
 11
61.5155
 21
-60.875
  0
LINE
  8
0
 10
61.5155
 20
-60.875
 11
61.2374
 21
-61.2374
  0
LINE
  8
0
 10
61.2374
 20
-61.2374
 11
60.875
 21
-61.5155
  0
LINE
  8
0
 10
60.875
 20
-61.5155
 11
60.4529
 21
-61.6904
  0
LINE
  8
0
 10
60.4529
 20
-61.6904
 11
60
 21
-61.75
  0
LINE
  8
0
 10
60
 20
-61.75
 11
59.5471
 21
-61.6904
  0
LINE
  8
0
 10
59.5471
 20
-61.6904
 11
59.125
 21
-61.5155
  0
LINE
  8
0
 10
59.125
 20
-61.5155
 11
58.7626
 21
-61.2374
  0
LINE
  8
0
 10
58.7626
 20
-61.2374
 11
58.4845
 21
-60.875
  0
LINE
  8
0
 10
58.4845
 20
-60.875
 11
58.3096
 21
-60.4529
  0
LINE
  8
0
 10
58.3096
 20
-60.4529
 11
58.25
 21
-60
  0
LINE
  8
0
 10
58.25
 20
-40
 11
58.3096
 21
-39.5471
  0
LINE
  8
0
 10
58.3096
 20
-39.5471
 11
58.4845
 21
-39.125
  0
LINE
  8
0
 10
58.4845
 20
-39.125
 11
58.7626
 21
-38.7626
  0
LINE
  8
0
 10
58.7626
 20
-38.7626
 11
59.125
 21
-38.4845
  0
LINE
  8
0
 10
59.125
 20
-38.4845
 11
59.5471
 21
-38.3096
  0
LINE
  8
0
 10
59.5471
 20
-38.3096
 11
60
 21
-38.25
  0
LINE
  8
0
 10
60
 20
-38.25
 11
60.4529
 21
-38.3096
  0
LINE
  8
0
 10
60.4529
 20
-38.3096
 11
60.875
 21
-38.4845
  0
LINE
  8
0
 10
60.875
 20
-38.4845
 11
61.2374
 21
-38.7626
  0
LINE
  8
0
 10
61.2374
 20
-38.7626
 11
61.5155
 21
-39.125
  0
LINE
  8
0
 10
61.5155
 20
-39.125
 11
61.6904
 21
-39.5471
  0
LINE
  8
0
 10
61.6904
 20
-39.5471
 11
61.75
 21
-40
  0
LINE
  8
0
 10
61.75
 20
-40
 11
61.6904
 21
-40.4529
  0
LINE
  8
0
 10
61.6904
 20
-40.4529
 11
61.5155
 21
-40.875
  0
LINE
  8
0
 10
61.5155
 20
-40.875
 11
61.2374
 21
-41.2374
  0
LINE
  8
0
 10
61.2374
 20
-41.2374
 11
60.875
 21
-41.5155
  0
LINE
  8
0
 10
60.875
 20
-41.5155
 11
60.4529
 21
-41.6904
  0
LINE
  8
0
 10
60.4529
 20
-41.6904
 11
60
 21
-41.75
  0
LINE
  8
0
 10
60
 20
-41.75
 11
59.5471
 21
-41.6904
  0
LINE
  8
0
 10
59.5471
 20
-41.6904
 11
59.125
 21
-41.5155
  0
LINE
  8
0
 10
59.125
 20
-41.5155
 11
58.7626
 21
-41.2374
  0
LINE
  8
0
 10
58.7626
 20
-41.2374
 11
58.4845
 21
-40.875
  0
LINE
  8
0
 10
58.4845
 20
-40.875
 11
58.3096
 21
-40.4529
  0
LINE
  8
0
 10
58.3096
 20
-40.4529
 11
58.25
 21
-40
  0
LINE
  8
0
 10
58.25
 20
-20
 11
58.3096
 21
-19.5471
  0
LINE
  8
0
 10
58.3096
 20
-19.5471
 11
58.4845
 21
-19.125
  0
LINE
  8
0
 10
58.4845
 20
-19.125
 11
58.7626
 21
-18.7626
  0
LINE
  8
0
 10
58.7626
 20
-18.7626
 11
59.125
 21
-18.4845
  0
LINE
  8
0
 10
59.125
 20
-18.4845
 11
59.5471
 21
-18.3096
  0
LINE
  8
0
 10
59.5471
 20
-18.3096
 11
60
 21
-18.25
  0
LINE
  8
0
 10
60
 20
-18.25
 11
60.4529
 21
-18.3096
  0
LINE
  8
0
 10
60.4529
 20
-18.3096
 11
60.875
 21
-18.4845
  0
LINE
  8
0
 10
60.875
 20
-18.4845
 11
61.2374
 21
-18.7626
  0
LINE
  8
0
 10
61.2374
 20
-18.7626
 11
61.5155
 21
-19.125
  0
LINE
  8
0
 10
61.5155
 20
-19.125
 11
61.6904
 21
-19.5471
  0
LINE
  8
0
 10
61.6904
 20
-19.5471
 11
61.75
 21
-20
  0
LINE
  8
0
 10
61.75
 20
-20
 11
61.6904
 21
-20.4529
  0
LINE
  8
0
 10
61.6904
 20
-20.4529
 11
61.5155
 21
-20.875
  0
LINE
  8
0
 10
61.5155
 20
-20.875
 11
61.2374
 21
-21.2374
  0
LINE
  8
0
 10
61.2374
 20
-21.2374
 11
60.875
 21
-21.5155
  0
LINE
  8
0
 10
60.875
 20
-21.5155
 11
60.4529
 21
-21.6904
  0
LINE
  8
0
 10
60.4529
 20
-21.6904
 11
60
 21
-21.75
  0
LINE
  8
0
 10
60
 20
-21.75
 11
59.5471
 21
-21.6904
  0
LINE
  8
0
 10
59.5471
 20
-21.6904
 11
59.125
 21
-21.5155
  0
LINE
  8
0
 10
59.125
 20
-21.5155
 11
58.7626
 21
-21.2374
  0
LINE
  8
0
 10
58.7626
 20
-21.2374
 11
58.4845
 21
-20.875
  0
LINE
  8
0
 10
58.4845
 20
-20.875
 11
58.3096
 21
-20.4529
  0
LINE
  8
0
 10
58.3096
 20
-20.4529
 11
58.25
 21
-20
  0
LINE
  8
0
 10
58.25
 20
0
 11
58.3096
 21
0.452933
  0
LINE
  8
0
 10
58.3096
 20
0.452933
 11
58.4845
 21
0.875
  0
LINE
  8
0
 10
58.4845
 20
0.875
 11
58.7626
 21
1.23744
  0
LINE
  8
0
 10
58.7626
 20
1.23744
 11
59.125
 21
1.51554
  0
LINE
  8
0
 10
59.125
 20
1.51554
 11
59.5471
 21
1.69037
  0
LINE
  8
0
 10
59.5471
 20
1.69037
 11
60
 21
1.75
  0
LINE
  8
0
 10
60
 20
1.75
 11
60.4529
 21
1.69037
  0
LINE
  8
0
 10
60.4529
 20
1.69037
 11
60.875
 21
1.51554
  0
LINE
  8
0
 10
60.875
 20
1.51554
 11
61.2374
 21
1.23744
  0
LINE
  8
0
 10
61.2374
 20
1.23744
 11
61.5155
 21
0.875
  0
LINE
  8
0
 10
61.5155
 20
0.875
 11
61.6904
 21
0.452933
  0
LINE
  8
0
 10
61.6904
 20
0.452933
 11
61.75
 21
0
  0
LINE
  8
0
 10
61.75
 20
0
 11
61.6904
 21
-0.452933
  0
LINE
  8
0
 10
61.6904
 20
-0.452933
 11
61.5155
 21
-0.875
  0
LINE
  8
0
 10
61.5155
 20
-0.875
 11
61.2374
 21
-1.23744
  0
LINE
  8
0
 10
61.2374
 20
-1.23744
 11
60.875
 21
-1.51554
  0
LINE
  8
0
 10
60.875
 20
-1.51554
 11
60.4529
 21
-1.69037
  0
LINE
  8
0
 10
60.4529
 20
-1.69037
 11
60
 21
-1.75
  0
LINE
  8
0
 10
60
 20
-1.75
 11
59.5471
 21
-1.69037
  0
LINE
  8
0
 10
59.5471
 20
-1.69037
 11
59.125
 21
-1.51554
  0
LINE
  8
0
 10
59.125
 20
-1.51554
 11
58.7626
 21
-1.23744
  0
LINE
  8
0
 10
58.7626
 20
-1.23744
 11
58.4845
 21
-0.875
  0
LINE
  8
0
 10
58.4845
 20
-0.875
 11
58.3096
 21
-0.452933
  0
LINE
  8
0
 10
58.3096
 20
-0.452933
 11
58.25
 21
0
  0
LINE
  8
0
 10
58.25
 20
20
 11
58.3096
 21
20.4529
  0
LINE
  8
0
 10
58.3096
 20
20.4529
 11
58.4845
 21
20.875
  0
LINE
  8
0
 10
58.4845
 20
20.875
 11
58.7626
 21
21.2374
  0
LINE
  8
0
 10
58.7626
 20
21.2374
 11
59.125
 21
21.5155
  0
LINE
  8
0
 10
59.125
 20
21.5155
 11
59.5471
 21
21.6904
  0
LINE
  8
0
 10
59.5471
 20
21.6904
 11
60
 21
21.75
  0
LINE
  8
0
 10
60
 20
21.75
 11
60.4529
 21
21.6904
  0
LINE
  8
0
 10
60.4529
 20
21.6904
 11
60.875
 21
21.5155
  0
LINE
  8
0
 10
60.875
 20
21.5155
 11
61.2374
 21
21.2374
  0
LINE
  8
0
 10
61.2374
 20
21.2374
 11
61.5155
 21
20.875
  0
LINE
  8
0
 10
61.5155
 20
20.875
 11
61.6904
 21
20.4529
  0
LINE
  8
0
 10
61.6904
 20
20.4529
 11
61.75
 21
20
  0
LINE
  8
0
 10
61.75
 20
20
 11
61.6904
 21
19.5471
  0
LINE
  8
0
 10
61.6904
 20
19.5471
 11
61.5155
 21
19.125
  0
LINE
  8
0
 10
61.5155
 20
19.125
 11
61.2374
 21
18.7626
  0
LINE
  8
0
 10
61.2374
 20
18.7626
 11
60.875
 21
18.4845
  0
LINE
  8
0
 10
60.875
 20
18.4845
 11
60.4529
 21
18.3096
  0
LINE
  8
0
 10
60.4529
 20
18.3096
 11
60
 21
18.25
  0
LINE
  8
0
 10
60
 20
18.25
 11
59.5471
 21
18.3096
  0
LINE
  8
0
 10
59.5471
 20
18.3096
 11
59.125
 21
18.4845
  0
LINE
  8
0
 10
59.125
 20
18.4845
 11
58.7626
 21
18.7626
  0
LINE
  8
0
 10
58.7626
 20
18.7626
 11
58.4845
 21
19.125
  0
LINE
  8
0
 10
58.4845
 20
19.125
 11
58.3096
 21
19.5471
  0
LINE
  8
0
 10
58.3096
 20
19.5471
 11
58.25
 21
20
  0
LINE
  8
0
 10
58.25
 20
80
 11
58.3096
 21
80.4529
  0
LINE
  8
0
 10
58.3096
 20
80.4529
 11
58.4845
 21
80.875
  0
LINE
  8
0
 10
58.4845
 20
80.875
 11
58.7626
 21
81.2374
  0
LINE
  8
0
 10
58.7626
 20
81.2374
 11
59.125
 21
81.5155
  0
LINE
  8
0
 10
59.125
 20
81.5155
 11
59.5471
 21
81.6904
  0
LINE
  8
0
 10
59.5471
 20
81.6904
 11
60
 21
81.75
  0
LINE
  8
0
 10
60
 20
81.75
 11
60.4529
 21
81.6904
  0
LINE
  8
0
 10
60.4529
 20
81.6904
 11
60.875
 21
81.5155
  0
LINE
  8
0
 10
60.875
 20
81.5155
 11
61.2374
 21
81.2374
  0
LINE
  8
0
 10
61.2374
 20
81.2374
 11
61.5155
 21
80.875
  0
LINE
  8
0
 10
61.5155
 20
80.875
 11
61.6904
 21
80.4529
  0
LINE
  8
0
 10
61.6904
 20
80.4529
 11
61.75
 21
80
  0
LINE
  8
0
 10
61.75
 20
80
 11
61.6904
 21
79.5471
  0
LINE
  8
0
 10
61.6904
 20
79.5471
 11
61.5155
 21
79.125
  0
LINE
  8
0
 10
61.5155
 20
79.125
 11
61.2374
 21
78.7626
  0
LINE
  8
0
 10
61.2374
 20
78.7626
 11
60.875
 21
78.4845
  0
LINE
  8
0
 10
60.875
 20
78.4845
 11
60.4529
 21
78.3096
  0
LINE
  8
0
 10
60.4529
 20
78.3096
 11
60
 21
78.25
  0
LINE
  8
0
 10
60
 20
78.25
 11
59.5471
 21
78.3096
  0
LINE
  8
0
 10
59.5471
 20
78.3096
 11
59.125
 21
78.4845
  0
LINE
  8
0
 10
59.125
 20
78.4845
 11
58.7626
 21
78.7626
  0
LINE
  8
0
 10
58.7626
 20
78.7626
 11
58.4845
 21
79.125
  0
LINE
  8
0
 10
58.4845
 20
79.125
 11
58.3096
 21
79.5471
  0
LINE
  8
0
 10
58.3096
 20
79.5471
 11
58.25
 21
80
  0
LINE
  8
0
 10
67.532
 20
40
 11
67.5917
 21
40.4529
  0
LINE
  8
0
 10
67.5917
 20
40.4529
 11
67.7665
 21
40.875
  0
LINE
  8
0
 10
67.7665
 20
40.875
 11
68.0446
 21
41.2374
  0
LINE
  8
0
 10
68.0446
 20
41.2374
 11
68.407
 21
41.5155
  0
LINE
  8
0
 10
68.407
 20
41.5155
 11
68.8291
 21
41.6904
  0
LINE
  8
0
 10
68.8291
 20
41.6904
 11
69.282
 21
41.75
  0
LINE
  8
0
 10
69.282
 20
41.75
 11
69.735
 21
41.6904
  0
LINE
  8
0
 10
69.735
 20
41.6904
 11
70.157
 21
41.5155
  0
LINE
  8
0
 10
70.157
 20
41.5155
 11
70.5195
 21
41.2374
  0
LINE
  8
0
 10
70.5195
 20
41.2374
 11
70.7976
 21
40.875
  0
LINE
  8
0
 10
70.7976
 20
40.875
 11
70.9724
 21
40.4529
  0
LINE
  8
0
 10
70.9724
 20
40.4529
 11
71.032
 21
40
  0
LINE
  8
0
 10
71.032
 20
40
 11
70.9724
 21
39.5471
  0
LINE
  8
0
 10
70.9724
 20
39.5471
 11
70.7976
 21
39.125
  0
LINE
  8
0
 10
70.7976
 20
39.125
 11
70.5195
 21
38.7626
  0
LINE
  8
0
 10
70.5195
 20
38.7626
 11
70.157
 21
38.4845
  0
LINE
  8
0
 10
70.157
 20
38.4845
 11
69.735
 21
38.3096
  0
LINE
  8
0
 10
69.735
 20
38.3096
 11
69.282
 21
38.25
  0
LINE
  8
0
 10
69.282
 20
38.25
 11
68.8291
 21
38.3096
  0
LINE
  8
0
 10
68.8291
 20
38.3096
 11
68.407
 21
38.4845
  0
LINE
  8
0
 10
68.407
 20
38.4845
 11
68.0446
 21
38.7626
  0
LINE
  8
0
 10
68.0446
 20
38.7626
 11
67.7665
 21
39.125
  0
LINE
  8
0
 10
67.7665
 20
39.125
 11
67.5917
 21
39.5471
  0
LINE
  8
0
 10
67.5917
 20
39.5471
 11
67.532
 21
40
  0
LINE
  8
0
 10
74.8525
 20
67.3205
 11
74.9122
 21
67.7734
  0
LINE
  8
0
 10
74.9122
 20
67.7734
 11
75.087
 21
68.1955
  0
LINE
  8
0
 10
75.087
 20
68.1955
 11
75.3651
 21
68.5579
  0
LINE
  8
0
 10
75.3651
 20
68.5579
 11
75.7275
 21
68.8361
  0
LINE
  8
0
 10
75.7275
 20
68.8361
 11
76.1496
 21
69.0109
  0
LINE
  8
0
 10
76.1496
 20
69.0109
 11
76.6025
 21
69.0705
  0
LINE
  8
0
 10
76.6025
 20
69.0705
 11
77.0555
 21
69.0109
  0
LINE
  8
0
 10
77.0555
 20
69.0109
 11
77.4775
 21
68.8361
  0
LINE
  8
0
 10
77.4775
 20
68.8361
 11
77.84
 21
68.5579
  0
LINE
  8
0
 10
77.84
 20
68.5579
 11
78.1181
 21
68.1955
  0
LINE
  8
0
 10
78.1181
 20
68.1955
 11
78.2929
 21
67.7734
  0
LINE
  8
0
 10
78.2929
 20
67.7734
 11
78.3525
 21
67.3205
  0
LINE
  8
0
 10
78.3525
 20
67.3205
 11
78.2929
 21
66.8676
  0
LINE
  8
0
 10
78.2929
 20
66.8676
 11
78.1181
 21
66.4455
  0
LINE
  8
0
 10
78.1181
 20
66.4455
 11
77.84
 21
66.0831
  0
LINE
  8
0
 10
77.84
 20
66.0831
 11
77.4775
 21
65.805
  0
LINE
  8
0
 10
77.4775
 20
65.805
 11
77.0555
 21
65.6301
  0
LINE
  8
0
 10
77.0555
 20
65.6301
 11
76.6025
 21
65.5705
  0
LINE
  8
0
 10
76.6025
 20
65.5705
 11
76.1496
 21
65.6301
  0
LINE
  8
0
 10
76.1496
 20
65.6301
 11
75.7275
 21
65.805
  0
LINE
  8
0
 10
75.7275
 20
65.805
 11
75.3651
 21
66.0831
  0
LINE
  8
0
 10
75.3651
 20
66.0831
 11
75.087
 21
66.4455
  0
LINE
  8
0
 10
75.087
 20
66.4455
 11
74.9122
 21
66.8676
  0
LINE
  8
0
 10
74.9122
 20
66.8676
 11
74.8525
 21
67.3205
  0
LINE
  8
0
 10
77.532
 20
22.6795
 11
77.5917
 21
23.1324
  0
LINE
  8
0
 10
77.5917
 20
23.1324
 11
77.7665
 21
23.5545
  0
LINE
  8
0
 10
77.7665
 20
23.5545
 11
78.0446
 21
23.9169
  0
LINE
  8
0
 10
78.0446
 20
23.9169
 11
78.407
 21
24.195
  0
LINE
  8
0
 10
78.407
 20
24.195
 11
78.8291
 21
24.3699
  0
LINE
  8
0
 10
78.8291
 20
24.3699
 11
79.282
 21
24.4295
  0
LINE
  8
0
 10
79.282
 20
24.4295
 11
79.735
 21
24.3699
  0
LINE
  8
0
 10
79.735
 20
24.3699
 11
80.157
 21
24.195
  0
LINE
  8
0
 10
80.157
 20
24.195
 11
80.5195
 21
23.9169
  0
LINE
  8
0
 10
80.5195
 20
23.9169
 11
80.7976
 21
23.5545
  0
LINE
  8
0
 10
80.7976
 20
23.5545
 11
80.9724
 21
23.1324
  0
LINE
  8
0
 10
80.9724
 20
23.1324
 11
81.032
 21
22.6795
  0
LINE
  8
0
 10
81.032
 20
22.6795
 11
80.9724
 21
22.2266
  0
LINE
  8
0
 10
80.9724
 20
22.2266
 11
80.7976
 21
21.8045
  0
LINE
  8
0
 10
80.7976
 20
21.8045
 11
80.5195
 21
21.4421
  0
LINE
  8
0
 10
80.5195
 20
21.4421
 11
80.157
 21
21.1639
  0
LINE
  8
0
 10
80.157
 20
21.1639
 11
79.735
 21
20.9891
  0
LINE
  8
0
 10
79.735
 20
20.9891
 11
79.282
 21
20.9295
  0
LINE
  8
0
 10
79.282
 20
20.9295
 11
78.8291
 21
20.9891
  0
LINE
  8
0
 10
78.8291
 20
20.9891
 11
78.407
 21
21.1639
  0
LINE
  8
0
 10
78.407
 20
21.1639
 11
78.0446
 21
21.4421
  0
LINE
  8
0
 10
78.0446
 20
21.4421
 11
77.7665
 21
21.8045
  0
LINE
  8
0
 10
77.7665
 20
21.8045
 11
77.5917
 21
22.2266
  0
LINE
  8
0
 10
77.5917
 20
22.2266
 11
77.532
 21
22.6795
  0
LINE
  8
0
 10
78.25
 20
-60
 11
78.3096
 21
-59.5471
  0
LINE
  8
0
 10
78.3096
 20
-59.5471
 11
78.4845
 21
-59.125
  0
LINE
  8
0
 10
78.4845
 20
-59.125
 11
78.7626
 21
-58.7626
  0
LINE
  8
0
 10
78.7626
 20
-58.7626
 11
79.125
 21
-58.4845
  0
LINE
  8
0
 10
79.125
 20
-58.4845
 11
79.5471
 21
-58.3096
  0
LINE
  8
0
 10
79.5471
 20
-58.3096
 11
80
 21
-58.25
  0
LINE
  8
0
 10
80
 20
-58.25
 11
80.4529
 21
-58.3096
  0
LINE
  8
0
 10
80.4529
 20
-58.3096
 11
80.875
 21
-58.4845
  0
LINE
  8
0
 10
80.875
 20
-58.4845
 11
81.2374
 21
-58.7626
  0
LINE
  8
0
 10
81.2374
 20
-58.7626
 11
81.5155
 21
-59.125
  0
LINE
  8
0
 10
81.5155
 20
-59.125
 11
81.6904
 21
-59.5471
  0
LINE
  8
0
 10
81.6904
 20
-59.5471
 11
81.75
 21
-60
  0
LINE
  8
0
 10
81.75
 20
-60
 11
81.6904
 21
-60.4529
  0
LINE
  8
0
 10
81.6904
 20
-60.4529
 11
81.5155
 21
-60.875
  0
LINE
  8
0
 10
81.5155
 20
-60.875
 11
81.2374
 21
-61.2374
  0
LINE
  8
0
 10
81.2374
 20
-61.2374
 11
80.875
 21
-61.5155
  0
LINE
  8
0
 10
80.875
 20
-61.5155
 11
80.4529
 21
-61.6904
  0
LINE
  8
0
 10
80.4529
 20
-61.6904
 11
80
 21
-61.75
  0
LINE
  8
0
 10
80
 20
-61.75
 11
79.5471
 21
-61.6904
  0
LINE
  8
0
 10
79.5471
 20
-61.6904
 11
79.125
 21
-61.5155
  0
LINE
  8
0
 10
79.125
 20
-61.5155
 11
78.7626
 21
-61.2374
  0
LINE
  8
0
 10
78.7626
 20
-61.2374
 11
78.4845
 21
-60.875
  0
LINE
  8
0
 10
78.4845
 20
-60.875
 11
78.3096
 21
-60.4529
  0
LINE
  8
0
 10
78.3096
 20
-60.4529
 11
78.25
 21
-60
  0
LINE
  8
0
 10
78.25
 20
-40
 11
78.3096
 21
-39.5471
  0
LINE
  8
0
 10
78.3096
 20
-39.5471
 11
78.4845
 21
-39.125
  0
LINE
  8
0
 10
78.4845
 20
-39.125
 11
78.7626
 21
-38.7626
  0
LINE
  8
0
 10
78.7626
 20
-38.7626
 11
79.125
 21
-38.4845
  0
LINE
  8
0
 10
79.125
 20
-38.4845
 11
79.5471
 21
-38.3096
  0
LINE
  8
0
 10
79.5471
 20
-38.3096
 11
80
 21
-38.25
  0
LINE
  8
0
 10
80
 20
-38.25
 11
80.4529
 21
-38.3096
  0
LINE
  8
0
 10
80.4529
 20
-38.3096
 11
80.875
 21
-38.4845
  0
LINE
  8
0
 10
80.875
 20
-38.4845
 11
81.2374
 21
-38.7626
  0
LINE
  8
0
 10
81.2374
 20
-38.7626
 11
81.5155
 21
-39.125
  0
LINE
  8
0
 10
81.5155
 20
-39.125
 11
81.6904
 21
-39.5471
  0
LINE
  8
0
 10
81.6904
 20
-39.5471
 11
81.75
 21
-40
  0
LINE
  8
0
 10
81.75
 20
-40
 11
81.6904
 21
-40.4529
  0
LINE
  8
0
 10
81.6904
 20
-40.4529
 11
81.5155
 21
-40.875
  0
LINE
  8
0
 10
81.5155
 20
-40.875
 11
81.2374
 21
-41.2374
  0
LINE
  8
0
 10
81.2374
 20
-41.2374
 11
80.875
 21
-41.5155
  0
LINE
  8
0
 10
80.875
 20
-41.5155
 11
80.4529
 21
-41.6904
  0
LINE
  8
0
 10
80.4529
 20
-41.6904
 11
80
 21
-41.75
  0
LINE
  8
0
 10
80
 20
-41.75
 11
79.5471
 21
-41.6904
  0
LINE
  8
0
 10
79.5471
 20
-41.6904
 11
79.125
 21
-41.5155
  0
LINE
  8
0
 10
79.125
 20
-41.5155
 11
78.7626
 21
-41.2374
  0
LINE
  8
0
 10
78.7626
 20
-41.2374
 11
78.4845
 21
-40.875
  0
LINE
  8
0
 10
78.4845
 20
-40.875
 11
78.3096
 21
-40.4529
  0
LINE
  8
0
 10
78.3096
 20
-40.4529
 11
78.25
 21
-40
  0
LINE
  8
0
 10
78.25
 20
-20
 11
78.3096
 21
-19.5471
  0
LINE
  8
0
 10
78.3096
 20
-19.5471
 11
78.4845
 21
-19.125
  0
LINE
  8
0
 10
78.4845
 20
-19.125
 11
78.7626
 21
-18.7626
  0
LINE
  8
0
 10
78.7626
 20
-18.7626
 11
79.125
 21
-18.4845
  0
LINE
  8
0
 10
79.125
 20
-18.4845
 11
79.5471
 21
-18.3096
  0
LINE
  8
0
 10
79.5471
 20
-18.3096
 11
80
 21
-18.25
  0
LINE
  8
0
 10
80
 20
-18.25
 11
80.4529
 21
-18.3096
  0
LINE
  8
0
 10
80.4529
 20
-18.3096
 11
80.875
 21
-18.4845
  0
LINE
  8
0
 10
80.875
 20
-18.4845
 11
81.2374
 21
-18.7626
  0
LINE
  8
0
 10
81.2374
 20
-18.7626
 11
81.5155
 21
-19.125
  0
LINE
  8
0
 10
81.5155
 20
-19.125
 11
81.6904
 21
-19.5471
  0
LINE
  8
0
 10
81.6904
 20
-19.5471
 11
81.75
 21
-20
  0
LINE
  8
0
 10
81.75
 20
-20
 11
81.6904
 21
-20.4529
  0
LINE
  8
0
 10
81.6904
 20
-20.4529
 11
81.5155
 21
-20.875
  0
LINE
  8
0
 10
81.5155
 20
-20.875
 11
81.2374
 21
-21.2374
  0
LINE
  8
0
 10
81.2374
 20
-21.2374
 11
80.875
 21
-21.5155
  0
LINE
  8
0
 10
80.875
 20
-21.5155
 11
80.4529
 21
-21.6904
  0
LINE
  8
0
 10
80.4529
 20
-21.6904
 11
80
 21
-21.75
  0
LINE
  8
0
 10
80
 20
-21.75
 11
79.5471
 21
-21.6904
  0
LINE
  8
0
 10
79.5471
 20
-21.6904
 11
79.125
 21
-21.5155
  0
LINE
  8
0
 10
79.125
 20
-21.5155
 11
78.7626
 21
-21.2374
  0
LINE
  8
0
 10
78.7626
 20
-21.2374
 11
78.4845
 21
-20.875
  0
LINE
  8
0
 10
78.4845
 20
-20.875
 11
78.3096
 21
-20.4529
  0
LINE
  8
0
 10
78.3096
 20
-20.4529
 11
78.25
 21
-20
  0
LINE
  8
0
 10
78.25
 20
0
 11
78.3096
 21
0.452933
  0
LINE
  8
0
 10
78.3096
 20
0.452933
 11
78.4845
 21
0.875
  0
LINE
  8
0
 10
78.4845
 20
0.875
 11
78.7626
 21
1.23744
  0
LINE
  8
0
 10
78.7626
 20
1.23744
 11
79.125
 21
1.51554
  0
LINE
  8
0
 10
79.125
 20
1.51554
 11
79.5471
 21
1.69037
  0
LINE
  8
0
 10
79.5471
 20
1.69037
 11
80
 21
1.75
  0
LINE
  8
0
 10
80
 20
1.75
 11
80.4529
 21
1.69037
  0
LINE
  8
0
 10
80.4529
 20
1.69037
 11
80.875
 21
1.51554
  0
LINE
  8
0
 10
80.875
 20
1.51554
 11
81.2374
 21
1.23744
  0
LINE
  8
0
 10
81.2374
 20
1.23744
 11
81.5155
 21
0.875
  0
LINE
  8
0
 10
81.5155
 20
0.875
 11
81.6904
 21
0.452933
  0
LINE
  8
0
 10
81.6904
 20
0.452933
 11
81.75
 21
0
  0
LINE
  8
0
 10
81.75
 20
0
 11
81.6904
 21
-0.452933
  0
LINE
  8
0
 10
81.6904
 20
-0.452933
 11
81.5155
 21
-0.875
  0
LINE
  8
0
 10
81.5155
 20
-0.875
 11
81.2374
 21
-1.23744
  0
LINE
  8
0
 10
81.2374
 20
-1.23744
 11
80.875
 21
-1.51554
  0
LINE
  8
0
 10
80.875
 20
-1.51554
 11
80.4529
 21
-1.69037
  0
LINE
  8
0
 10
80.4529
 20
-1.69037
 11
80
 21
-1.75
  0
LINE
  8
0
 10
80
 20
-1.75
 11
79.5471
 21
-1.69037
  0
LINE
  8
0
 10
79.5471
 20
-1.69037
 11
79.125
 21
-1.51554
  0
LINE
  8
0
 10
79.125
 20
-1.51554
 11
78.7626
 21
-1.23744
  0
LINE
  8
0
 10
78.7626
 20
-1.23744
 11
78.4845
 21
-0.875
  0
LINE
  8
0
 10
78.4845
 20
-0.875
 11
78.3096
 21
-0.452933
  0
LINE
  8
0
 10
78.3096
 20
-0.452933
 11
78.25
 21
0
  0
LINE
  8
0
 10
84.8525
 20
50
 11
84.9122
 21
50.4529
  0
LINE
  8
0
 10
84.9122
 20
50.4529
 11
85.087
 21
50.875
  0
LINE
  8
0
 10
85.087
 20
50.875
 11
85.3651
 21
51.2374
  0
LINE
  8
0
 10
85.3651
 20
51.2374
 11
85.7275
 21
51.5155
  0
LINE
  8
0
 10
85.7275
 20
51.5155
 11
86.1496
 21
51.6904
  0
LINE
  8
0
 10
86.1496
 20
51.6904
 11
86.6025
 21
51.75
  0
LINE
  8
0
 10
86.6025
 20
51.75
 11
87.0555
 21
51.6904
  0
LINE
  8
0
 10
87.0555
 20
51.6904
 11
87.4775
 21
51.5155
  0
LINE
  8
0
 10
87.4775
 20
51.5155
 11
87.84
 21
51.2374
  0
LINE
  8
0
 10
87.84
 20
51.2374
 11
88.1181
 21
50.875
  0
LINE
  8
0
 10
88.1181
 20
50.875
 11
88.2929
 21
50.4529
  0
LINE
  8
0
 10
88.2929
 20
50.4529
 11
88.3525
 21
50
  0
LINE
  8
0
 10
88.3525
 20
50
 11
88.2929
 21
49.5471
  0
LINE
  8
0
 10
88.2929
 20
49.5471
 11
88.1181
 21
49.125
  0
LINE
  8
0
 10
88.1181
 20
49.125
 11
87.84
 21
48.7626
  0
LINE
  8
0
 10
87.84
 20
48.7626
 11
87.4775
 21
48.4845
  0
LINE
  8
0
 10
87.4775
 20
48.4845
 11
87.0555
 21
48.3096
  0
LINE
  8
0
 10
87.0555
 20
48.3096
 11
86.6025
 21
48.25
  0
LINE
  8
0
 10
86.6025
 20
48.25
 11
86.1496
 21
48.3096
  0
LINE
  8
0
 10
86.1496
 20
48.3096
 11
85.7275
 21
48.4845
  0
LINE
  8
0
 10
85.7275
 20
48.4845
 11
85.3651
 21
48.7626
  0
LINE
  8
0
 10
85.3651
 20
48.7626
 11
85.087
 21
49.125
  0
LINE
  8
0
 10
85.087
 20
49.125
 11
84.9122
 21
49.5471
  0
LINE
  8
0
 10
84.9122
 20
49.5471
 11
84.8525
 21
50
  0
LINE
  8
0
 10
94.8525
 20
32.6795
 11
94.9122
 21
33.1324
  0
LINE
  8
0
 10
94.9122
 20
33.1324
 11
95.087
 21
33.5545
  0
LINE
  8
0
 10
95.087
 20
33.5545
 11
95.3651
 21
33.9169
  0
LINE
  8
0
 10
95.3651
 20
33.9169
 11
95.7275
 21
34.195
  0
LINE
  8
0
 10
95.7275
 20
34.195
 11
96.1496
 21
34.3699
  0
LINE
  8
0
 10
96.1496
 20
34.3699
 11
96.6025
 21
34.4295
  0
LINE
  8
0
 10
96.6025
 20
34.4295
 11
97.0555
 21
34.3699
  0
LINE
  8
0
 10
97.0555
 20
34.3699
 11
97.4775
 21
34.195
  0
LINE
  8
0
 10
97.4775
 20
34.195
 11
97.84
 21
33.9169
  0
LINE
  8
0
 10
97.84
 20
33.9169
 11
98.1181
 21
33.5545
  0
LINE
  8
0
 10
98.1181
 20
33.5545
 11
98.2929
 21
33.1324
  0
LINE
  8
0
 10
98.2929
 20
33.1324
 11
98.3525
 21
32.6795
  0
LINE
  8
0
 10
98.3525
 20
32.6795
 11
98.2929
 21
32.2266
  0
LINE
  8
0
 10
98.2929
 20
32.2266
 11
98.1181
 21
31.8045
  0
LINE
  8
0
 10
98.1181
 20
31.8045
 11
97.84
 21
31.4421
  0
LINE
  8
0
 10
97.84
 20
31.4421
 11
97.4775
 21
31.1639
  0
LINE
  8
0
 10
97.4775
 20
31.1639
 11
97.0555
 21
30.9891
  0
LINE
  8
0
 10
97.0555
 20
30.9891
 11
96.6025
 21
30.9295
  0
LINE
  8
0
 10
96.6025
 20
30.9295
 11
96.1496
 21
30.9891
  0
LINE
  8
0
 10
96.1496
 20
30.9891
 11
95.7275
 21
31.1639
  0
LINE
  8
0
 10
95.7275
 20
31.1639
 11
95.3651
 21
31.4421
  0
LINE
  8
0
 10
95.3651
 20
31.4421
 11
95.087
 21
31.8045
  0
LINE
  8
0
 10
95.087
 20
31.8045
 11
94.9122
 21
32.2266
  0
LINE
  8
0
 10
94.9122
 20
32.2266
 11
94.8525
 21
32.6795
  0
LINE
  8
0
 10
98.25
 20
-20
 11
98.3096
 21
-19.5471
  0
LINE
  8
0
 10
98.3096
 20
-19.5471
 11
98.4845
 21
-19.125
  0
LINE
  8
0
 10
98.4845
 20
-19.125
 11
98.7626
 21
-18.7626
  0
LINE
  8
0
 10
98.7626
 20
-18.7626
 11
99.125
 21
-18.4845
  0
LINE
  8
0
 10
99.125
 20
-18.4845
 11
99.5471
 21
-18.3096
  0
LINE
  8
0
 10
99.5471
 20
-18.3096
 11
100
 21
-18.25
  0
LINE
  8
0
 10
100
 20
-18.25
 11
100.453
 21
-18.3096
  0
LINE
  8
0
 10
100.453
 20
-18.3096
 11
100.875
 21
-18.4845
  0
LINE
  8
0
 10
100.875
 20
-18.4845
 11
101.237
 21
-18.7626
  0
LINE
  8
0
 10
101.237
 20
-18.7626
 11
101.516
 21
-19.125
  0
LINE
  8
0
 10
101.516
 20
-19.125
 11
101.69
 21
-19.5471
  0
LINE
  8
0
 10
101.69
 20
-19.5471
 11
101.75
 21
-20
  0
LINE
  8
0
 10
101.75
 20
-20
 11
101.69
 21
-20.4529
  0
LINE
  8
0
 10
101.69
 20
-20.4529
 11
101.516
 21
-20.875
  0
LINE
  8
0
 10
101.516
 20
-20.875
 11
101.237
 21
-21.2374
  0
LINE
  8
0
 10
101.237
 20
-21.2374
 11
100.875
 21
-21.5155
  0
LINE
  8
0
 10
100.875
 20
-21.5155
 11
100.453
 21
-21.6904
  0
LINE
  8
0
 10
100.453
 20
-21.6904
 11
100
 21
-21.75
  0
LINE
  8
0
 10
100
 20
-21.75
 11
99.5471
 21
-21.6904
  0
LINE
  8
0
 10
99.5471
 20
-21.6904
 11
99.125
 21
-21.5155
  0
LINE
  8
0
 10
99.125
 20
-21.5155
 11
98.7626
 21
-21.2374
  0
LINE
  8
0
 10
98.7626
 20
-21.2374
 11
98.4845
 21
-20.875
  0
LINE
  8
0
 10
98.4845
 20
-20.875
 11
98.3096
 21
-20.4529
  0
LINE
  8
0
 10
98.3096
 20
-20.4529
 11
98.25
 21
-20
  0
LINE
  8
0
 10
98.25
 20
0
 11
98.3096
 21
0.452933
  0
LINE
  8
0
 10
98.3096
 20
0.452933
 11
98.4845
 21
0.875
  0
LINE
  8
0
 10
98.4845
 20
0.875
 11
98.7626
 21
1.23744
  0
LINE
  8
0
 10
98.7626
 20
1.23744
 11
99.125
 21
1.51554
  0
LINE
  8
0
 10
99.125
 20
1.51554
 11
99.5471
 21
1.69037
  0
LINE
  8
0
 10
99.5471
 20
1.69037
 11
100
 21
1.75
  0
LINE
  8
0
 10
100
 20
1.75
 11
100.453
 21
1.69037
  0
LINE
  8
0
 10
100.453
 20
1.69037
 11
100.875
 21
1.51554
  0
LINE
  8
0
 10
100.875
 20
1.51554
 11
101.237
 21
1.23744
  0
LINE
  8
0
 10
101.237
 20
1.23744
 11
101.516
 21
0.875
  0
LINE
  8
0
 10
101.516
 20
0.875
 11
101.69
 21
0.452933
  0
LINE
  8
0
 10
101.69
 20
0.452933
 11
101.75
 21
0
  0
LINE
  8
0
 10
101.75
 20
0
 11
101.69
 21
-0.452933
  0
LINE
  8
0
 10
101.69
 20
-0.452933
 11
101.516
 21
-0.875
  0
LINE
  8
0
 10
101.516
 20
-0.875
 11
101.237
 21
-1.23744
  0
LINE
  8
0
 10
101.237
 20
-1.23744
 11
100.875
 21
-1.51554
  0
LINE
  8
0
 10
100.875
 20
-1.51554
 11
100.453
 21
-1.69037
  0
LINE
  8
0
 10
100.453
 20
-1.69037
 11
100
 21
-1.75
  0
LINE
  8
0
 10
100
 20
-1.75
 11
99.5471
 21
-1.69037
  0
LINE
  8
0
 10
99.5471
 20
-1.69037
 11
99.125
 21
-1.51554
  0
LINE
  8
0
 10
99.125
 20
-1.51554
 11
98.7626
 21
-1.23744
  0
LINE
  8
0
 10
98.7626
 20
-1.23744
 11
98.4845
 21
-0.875
  0
LINE
  8
0
 10
98.4845
 20
-0.875
 11
98.3096
 21
-0.452933
  0
LINE
  8
0
 10
98.3096
 20
-0.452933
 11
98.25
 21
0
  0
LINE
  8
0
 10
98.25
 20
20
 11
98.3096
 21
20.4529
  0
LINE
  8
0
 10
98.3096
 20
20.4529
 11
98.4845
 21
20.875
  0
LINE
  8
0
 10
98.4845
 20
20.875
 11
98.7626
 21
21.2374
  0
LINE
  8
0
 10
98.7626
 20
21.2374
 11
99.125
 21
21.5155
  0
LINE
  8
0
 10
99.125
 20
21.5155
 11
99.5471
 21
21.6904
  0
LINE
  8
0
 10
99.5471
 20
21.6904
 11
100
 21
21.75
  0
LINE
  8
0
 10
100
 20
21.75
 11
100.453
 21
21.6904
  0
LINE
  8
0
 10
100.453
 20
21.6904
 11
100.875
 21
21.5155
  0
LINE
  8
0
 10
100.875
 20
21.5155
 11
101.237
 21
21.2374
  0
LINE
  8
0
 10
101.237
 20
21.2374
 11
101.516
 21
20.875
  0
LINE
  8
0
 10
101.516
 20
20.875
 11
101.69
 21
20.4529
  0
LINE
  8
0
 10
101.69
 20
20.4529
 11
101.75
 21
20
  0
LINE
  8
0
 10
101.75
 20
20
 11
101.69
 21
19.5471
  0
LINE
  8
0
 10
101.69
 20
19.5471
 11
101.516
 21
19.125
  0
LINE
  8
0
 10
101.516
 20
19.125
 11
101.237
 21
18.7626
  0
LINE
  8
0
 10
101.237
 20
18.7626
 11
100.875
 21
18.4845
  0
LINE
  8
0
 10
100.875
 20
18.4845
 11
100.453
 21
18.3096
  0
LINE
  8
0
 10
100.453
 20
18.3096
 11
100
 21
18.25
  0
LINE
  8
0
 10
100
 20
18.25
 11
99.5471
 21
18.3096
  0
LINE
  8
0
 10
99.5471
 20
18.3096
 11
99.125
 21
18.4845
  0
LINE
  8
0
 10
99.125
 20
18.4845
 11
98.7626
 21
18.7626
  0
LINE
  8
0
 10
98.7626
 20
18.7626
 11
98.4845
 21
19.125
  0
LINE
  8
0
 10
98.4845
 20
19.125
 11
98.3096
 21
19.5471
  0
LINE
  8
0
 10
98.3096
 20
19.5471
 11
98.25
 21
20
  0
ENDSEC
  0
SECTION
  2
OBJECTS
  0
DICTIONARY
  0
ENDSEC
  0
EOF
