solid OpenSCAD_Model
  facet normal -0.9892 -0.146569 0
    outer loop
      vertex -18.2087 -19.8236 0
      vertex -18.2346 -19.6488 5
      vertex -18.2346 -19.6488 0
    endloop
  endfacet
  facet normal -0.9892 -0.146569 0
    outer loop
      vertex -18.2346 -19.6488 5
      vertex -18.2087 -19.8236 0
      vertex -18.2087 -19.8236 5
    endloop
  endfacet
  facet normal -0.998786 -0.0492599 0
    outer loop
      vertex -18.2 -20 0
      vertex -18.2087 -19.8236 5
      vertex -18.2087 -19.8236 0
    endloop
  endfacet
  facet normal -0.998786 -0.0492599 0
    outer loop
      vertex -18.2087 -19.8236 5
      vertex -18.2 -20 0
      vertex -18.2 -20 5
    endloop
  endfacet
  facet normal -0.970042 -0.242935 0
    outer loop
      vertex -18.2346 -19.6488 0
      vertex -18.2775 -19.4775 5
      vertex -18.2775 -19.4775 0
    endloop
  endfacet
  facet normal -0.970042 -0.242935 0
    outer loop
      vertex -18.2775 -19.4775 5
      vertex -18.2346 -19.6488 0
      vertex -18.2346 -19.6488 5
    endloop
  endfacet
  facet normal -0.998786 0.0492599 0
    outer loop
      vertex -18.2087 -20.1764 0
      vertex -18.2 -20 5
      vertex -18.2 -20 0
    endloop
  endfacet
  facet normal -0.998786 0.0492599 0
    outer loop
      vertex -18.2 -20 5
      vertex -18.2087 -20.1764 0
      vertex -18.2087 -20.1764 5
    endloop
  endfacet
  facet normal 0.0492599 -0.998786 0
    outer loop
      vertex -20.1764 -18.2087 0
      vertex -20 -18.2 5
      vertex -20.1764 -18.2087 5
    endloop
  endfacet
  facet normal 0.0492599 -0.998786 0
    outer loop
      vertex -20 -18.2 5
      vertex -20.1764 -18.2087 0
      vertex -20 -18.2 0
    endloop
  endfacet
  facet normal -0.94155 0.336874 0
    outer loop
      vertex -18.337 -20.6888 0
      vertex -18.2775 -20.5225 5
      vertex -18.2775 -20.5225 0
    endloop
  endfacet
  facet normal -0.94155 0.336874 0
    outer loop
      vertex -18.2775 -20.5225 5
      vertex -18.337 -20.6888 0
      vertex -18.337 -20.6888 5
    endloop
  endfacet
  facet normal 0.336874 -0.94155 0
    outer loop
      vertex -20.6888 -18.337 0
      vertex -20.5225 -18.2775 5
      vertex -20.6888 -18.337 5
    endloop
  endfacet
  facet normal 0.336874 -0.94155 0
    outer loop
      vertex -20.5225 -18.2775 5
      vertex -20.6888 -18.337 0
      vertex -20.5225 -18.2775 0
    endloop
  endfacet
  facet normal 0.90406 -0.427405 0
    outer loop
      vertex -21.663 -19.3112 5
      vertex -21.5875 -19.1515 0
      vertex -21.5875 -19.1515 5
    endloop
  endfacet
  facet normal 0.90406 -0.427405 0
    outer loop
      vertex -21.5875 -19.1515 0
      vertex -21.663 -19.3112 5
      vertex -21.663 -19.3112 0
    endloop
  endfacet
  facet normal -0.671432 -0.741066 0
    outer loop
      vertex -18.8581 -18.6086 0
      vertex -18.7272 -18.7272 5
      vertex -18.8581 -18.6086 5
    endloop
  endfacet
  facet normal -0.671432 -0.741066 -0
    outer loop
      vertex -18.7272 -18.7272 5
      vertex -18.8581 -18.6086 0
      vertex -18.7272 -18.7272 0
    endloop
  endfacet
  facet normal 0.671432 -0.741066 0
    outer loop
      vertex -21.2728 -18.7272 0
      vertex -21.1419 -18.6086 5
      vertex -21.2728 -18.7272 5
    endloop
  endfacet
  facet normal 0.671432 -0.741066 0
    outer loop
      vertex -21.1419 -18.6086 5
      vertex -21.2728 -18.7272 0
      vertex -21.1419 -18.6086 0
    endloop
  endfacet
  facet normal 0.242935 -0.970042 0
    outer loop
      vertex -20.5225 -18.2775 0
      vertex -20.3512 -18.2346 5
      vertex -20.5225 -18.2775 5
    endloop
  endfacet
  facet normal 0.242935 -0.970042 0
    outer loop
      vertex -20.3512 -18.2346 5
      vertex -20.5225 -18.2775 0
      vertex -20.3512 -18.2346 0
    endloop
  endfacet
  facet normal -0.146569 -0.9892 0
    outer loop
      vertex -19.8236 -18.2087 0
      vertex -19.6488 -18.2346 5
      vertex -19.8236 -18.2087 5
    endloop
  endfacet
  facet normal -0.146569 -0.9892 -0
    outer loop
      vertex -19.6488 -18.2346 5
      vertex -19.8236 -18.2087 0
      vertex -19.6488 -18.2346 0
    endloop
  endfacet
  facet normal -0.514496 -0.857493 0
    outer loop
      vertex -19.1515 -18.4125 0
      vertex -19 -18.5034 5
      vertex -19.1515 -18.4125 5
    endloop
  endfacet
  facet normal -0.514496 -0.857493 -0
    outer loop
      vertex -19 -18.5034 5
      vertex -19.1515 -18.4125 0
      vertex -19 -18.5034 0
    endloop
  endfacet
  facet normal -0.90406 0.427405 0
    outer loop
      vertex -18.4125 -20.8485 0
      vertex -18.337 -20.6888 5
      vertex -18.337 -20.6888 0
    endloop
  endfacet
  facet normal -0.90406 0.427405 0
    outer loop
      vertex -18.337 -20.6888 5
      vertex -18.4125 -20.8485 0
      vertex -18.4125 -20.8485 5
    endloop
  endfacet
  facet normal 0.803316 0.595552 0
    outer loop
      vertex -21.3914 -21.1419 5
      vertex -21.4966 -21 0
      vertex -21.4966 -21 5
    endloop
  endfacet
  facet normal 0.803316 0.595552 0
    outer loop
      vertex -21.4966 -21 0
      vertex -21.3914 -21.1419 5
      vertex -21.3914 -21.1419 0
    endloop
  endfacet
  facet normal 0.595552 -0.803316 0
    outer loop
      vertex -21.1419 -18.6086 0
      vertex -21 -18.5034 5
      vertex -21.1419 -18.6086 5
    endloop
  endfacet
  facet normal 0.595552 -0.803316 0
    outer loop
      vertex -21 -18.5034 5
      vertex -21.1419 -18.6086 0
      vertex -21 -18.5034 0
    endloop
  endfacet
  facet normal -0.9892 0.146569 0
    outer loop
      vertex -18.2346 -20.3512 0
      vertex -18.2087 -20.1764 5
      vertex -18.2087 -20.1764 0
    endloop
  endfacet
  facet normal -0.9892 0.146569 0
    outer loop
      vertex -18.2087 -20.1764 5
      vertex -18.2346 -20.3512 0
      vertex -18.2346 -20.3512 5
    endloop
  endfacet
  facet normal -0.0492599 0.998786 0
    outer loop
      vertex -19.8236 -21.7913 0
      vertex -20 -21.8 5
      vertex -19.8236 -21.7913 5
    endloop
  endfacet
  facet normal -0.0492599 0.998786 0
    outer loop
      vertex -20 -21.8 5
      vertex -19.8236 -21.7913 0
      vertex -20 -21.8 0
    endloop
  endfacet
  facet normal -0.242935 0.970042 0
    outer loop
      vertex -19.4775 -21.7225 0
      vertex -19.6488 -21.7654 5
      vertex -19.4775 -21.7225 5
    endloop
  endfacet
  facet normal -0.242935 0.970042 0
    outer loop
      vertex -19.6488 -21.7654 5
      vertex -19.4775 -21.7225 0
      vertex -19.6488 -21.7654 0
    endloop
  endfacet
  facet normal 0.595552 0.803316 -0
    outer loop
      vertex -21 -21.4966 0
      vertex -21.1419 -21.3914 5
      vertex -21 -21.4966 5
    endloop
  endfacet
  facet normal 0.595552 0.803316 0
    outer loop
      vertex -21.1419 -21.3914 5
      vertex -21 -21.4966 0
      vertex -21.1419 -21.3914 0
    endloop
  endfacet
  facet normal -0.514496 0.857493 0
    outer loop
      vertex -19 -21.4966 0
      vertex -19.1515 -21.5875 5
      vertex -19 -21.4966 5
    endloop
  endfacet
  facet normal -0.514496 0.857493 0
    outer loop
      vertex -19.1515 -21.5875 5
      vertex -19 -21.4966 0
      vertex -19.1515 -21.5875 0
    endloop
  endfacet
  facet normal 0.741066 0.671432 0
    outer loop
      vertex -21.2728 -21.2728 5
      vertex -21.3914 -21.1419 0
      vertex -21.3914 -21.1419 5
    endloop
  endfacet
  facet normal 0.741066 0.671432 0
    outer loop
      vertex -21.3914 -21.1419 0
      vertex -21.2728 -21.2728 5
      vertex -21.2728 -21.2728 0
    endloop
  endfacet
  facet normal 0.857493 0.514496 0
    outer loop
      vertex -21.4966 -21 5
      vertex -21.5875 -20.8485 0
      vertex -21.5875 -20.8485 5
    endloop
  endfacet
  facet normal 0.857493 0.514496 0
    outer loop
      vertex -21.5875 -20.8485 0
      vertex -21.4966 -21 5
      vertex -21.4966 -21 0
    endloop
  endfacet
  facet normal 0.0492599 0.998786 -0
    outer loop
      vertex -20 -21.8 0
      vertex -20.1764 -21.7913 5
      vertex -20 -21.8 5
    endloop
  endfacet
  facet normal 0.0492599 0.998786 0
    outer loop
      vertex -20.1764 -21.7913 5
      vertex -20 -21.8 0
      vertex -20.1764 -21.7913 0
    endloop
  endfacet
  facet normal -0.90406 -0.427405 0
    outer loop
      vertex -18.337 -19.3112 0
      vertex -18.4125 -19.1515 5
      vertex -18.4125 -19.1515 0
    endloop
  endfacet
  facet normal -0.90406 -0.427405 0
    outer loop
      vertex -18.4125 -19.1515 5
      vertex -18.337 -19.3112 0
      vertex -18.337 -19.3112 5
    endloop
  endfacet
  facet normal -0.741066 0.671432 0
    outer loop
      vertex -18.7272 -21.2728 0
      vertex -18.6086 -21.1419 5
      vertex -18.6086 -21.1419 0
    endloop
  endfacet
  facet normal -0.741066 0.671432 0
    outer loop
      vertex -18.6086 -21.1419 5
      vertex -18.7272 -21.2728 0
      vertex -18.7272 -21.2728 5
    endloop
  endfacet
  facet normal 0.9892 -0.146569 0
    outer loop
      vertex -21.7913 -19.8236 5
      vertex -21.7654 -19.6488 0
      vertex -21.7654 -19.6488 5
    endloop
  endfacet
  facet normal 0.9892 -0.146569 0
    outer loop
      vertex -21.7654 -19.6488 0
      vertex -21.7913 -19.8236 5
      vertex -21.7913 -19.8236 0
    endloop
  endfacet
  facet normal -0.803316 -0.595552 0
    outer loop
      vertex -18.5034 -19 0
      vertex -18.6086 -18.8581 5
      vertex -18.6086 -18.8581 0
    endloop
  endfacet
  facet normal -0.803316 -0.595552 0
    outer loop
      vertex -18.6086 -18.8581 5
      vertex -18.5034 -19 0
      vertex -18.5034 -19 5
    endloop
  endfacet
  facet normal -0.336874 -0.94155 0
    outer loop
      vertex -19.4775 -18.2775 0
      vertex -19.3112 -18.337 5
      vertex -19.4775 -18.2775 5
    endloop
  endfacet
  facet normal -0.336874 -0.94155 -0
    outer loop
      vertex -19.3112 -18.337 5
      vertex -19.4775 -18.2775 0
      vertex -19.3112 -18.337 0
    endloop
  endfacet
  facet normal -0.803316 0.595552 0
    outer loop
      vertex -18.6086 -21.1419 0
      vertex -18.5034 -21 5
      vertex -18.5034 -21 0
    endloop
  endfacet
  facet normal -0.803316 0.595552 0
    outer loop
      vertex -18.5034 -21 5
      vertex -18.6086 -21.1419 0
      vertex -18.6086 -21.1419 5
    endloop
  endfacet
  facet normal -0.427405 -0.90406 0
    outer loop
      vertex -19.3112 -18.337 0
      vertex -19.1515 -18.4125 5
      vertex -19.3112 -18.337 5
    endloop
  endfacet
  facet normal -0.427405 -0.90406 -0
    outer loop
      vertex -19.1515 -18.4125 5
      vertex -19.3112 -18.337 0
      vertex -19.1515 -18.4125 0
    endloop
  endfacet
  facet normal -0.94155 -0.336874 0
    outer loop
      vertex -18.2775 -19.4775 0
      vertex -18.337 -19.3112 5
      vertex -18.337 -19.3112 0
    endloop
  endfacet
  facet normal -0.94155 -0.336874 0
    outer loop
      vertex -18.337 -19.3112 5
      vertex -18.2775 -19.4775 0
      vertex -18.2775 -19.4775 5
    endloop
  endfacet
  facet normal 0.803316 -0.595552 0
    outer loop
      vertex -21.4966 -19 5
      vertex -21.3914 -18.8581 0
      vertex -21.3914 -18.8581 5
    endloop
  endfacet
  facet normal 0.803316 -0.595552 0
    outer loop
      vertex -21.3914 -18.8581 0
      vertex -21.4966 -19 5
      vertex -21.4966 -19 0
    endloop
  endfacet
  facet normal -0.741066 -0.671432 0
    outer loop
      vertex -18.6086 -18.8581 0
      vertex -18.7272 -18.7272 5
      vertex -18.7272 -18.7272 0
    endloop
  endfacet
  facet normal -0.741066 -0.671432 0
    outer loop
      vertex -18.7272 -18.7272 5
      vertex -18.6086 -18.8581 0
      vertex -18.6086 -18.8581 5
    endloop
  endfacet
  facet normal -0.146569 0.9892 0
    outer loop
      vertex -19.6488 -21.7654 0
      vertex -19.8236 -21.7913 5
      vertex -19.6488 -21.7654 5
    endloop
  endfacet
  facet normal -0.146569 0.9892 0
    outer loop
      vertex -19.8236 -21.7913 5
      vertex -19.6488 -21.7654 0
      vertex -19.8236 -21.7913 0
    endloop
  endfacet
  facet normal 0.242935 0.970042 -0
    outer loop
      vertex -20.3512 -21.7654 0
      vertex -20.5225 -21.7225 5
      vertex -20.3512 -21.7654 5
    endloop
  endfacet
  facet normal 0.242935 0.970042 0
    outer loop
      vertex -20.5225 -21.7225 5
      vertex -20.3512 -21.7654 0
      vertex -20.5225 -21.7225 0
    endloop
  endfacet
  facet normal -0.595552 -0.803316 0
    outer loop
      vertex -19 -18.5034 0
      vertex -18.8581 -18.6086 5
      vertex -19 -18.5034 5
    endloop
  endfacet
  facet normal -0.595552 -0.803316 -0
    outer loop
      vertex -18.8581 -18.6086 5
      vertex -19 -18.5034 0
      vertex -18.8581 -18.6086 0
    endloop
  endfacet
  facet normal -0.427405 0.90406 0
    outer loop
      vertex -19.1515 -21.5875 0
      vertex -19.3112 -21.663 5
      vertex -19.1515 -21.5875 5
    endloop
  endfacet
  facet normal -0.427405 0.90406 0
    outer loop
      vertex -19.3112 -21.663 5
      vertex -19.1515 -21.5875 0
      vertex -19.3112 -21.663 0
    endloop
  endfacet
  facet normal 0.146569 -0.9892 0
    outer loop
      vertex -20.3512 -18.2346 0
      vertex -20.1764 -18.2087 5
      vertex -20.3512 -18.2346 5
    endloop
  endfacet
  facet normal 0.146569 -0.9892 0
    outer loop
      vertex -20.1764 -18.2087 5
      vertex -20.3512 -18.2346 0
      vertex -20.1764 -18.2087 0
    endloop
  endfacet
  facet normal -0.970042 0.242935 0
    outer loop
      vertex -18.2775 -20.5225 0
      vertex -18.2346 -20.3512 5
      vertex -18.2346 -20.3512 0
    endloop
  endfacet
  facet normal -0.970042 0.242935 0
    outer loop
      vertex -18.2346 -20.3512 5
      vertex -18.2775 -20.5225 0
      vertex -18.2775 -20.5225 5
    endloop
  endfacet
  facet normal 0.427405 -0.90406 0
    outer loop
      vertex -20.8485 -18.4125 0
      vertex -20.6888 -18.337 5
      vertex -20.8485 -18.4125 5
    endloop
  endfacet
  facet normal 0.427405 -0.90406 0
    outer loop
      vertex -20.6888 -18.337 5
      vertex -20.8485 -18.4125 0
      vertex -20.6888 -18.337 0
    endloop
  endfacet
  facet normal 0.998786 -0.0492599 0
    outer loop
      vertex -21.8 -20 5
      vertex -21.7913 -19.8236 0
      vertex -21.7913 -19.8236 5
    endloop
  endfacet
  facet normal 0.998786 -0.0492599 0
    outer loop
      vertex -21.7913 -19.8236 0
      vertex -21.8 -20 5
      vertex -21.8 -20 0
    endloop
  endfacet
  facet normal -0.857493 -0.514496 0
    outer loop
      vertex -18.4125 -19.1515 0
      vertex -18.5034 -19 5
      vertex -18.5034 -19 0
    endloop
  endfacet
  facet normal -0.857493 -0.514496 0
    outer loop
      vertex -18.5034 -19 5
      vertex -18.4125 -19.1515 0
      vertex -18.4125 -19.1515 5
    endloop
  endfacet
  facet normal 0.146569 0.9892 -0
    outer loop
      vertex -20.1764 -21.7913 0
      vertex -20.3512 -21.7654 5
      vertex -20.1764 -21.7913 5
    endloop
  endfacet
  facet normal 0.146569 0.9892 0
    outer loop
      vertex -20.3512 -21.7654 5
      vertex -20.1764 -21.7913 0
      vertex -20.3512 -21.7654 0
    endloop
  endfacet
  facet normal 0.514496 -0.857493 0
    outer loop
      vertex -21 -18.5034 0
      vertex -20.8485 -18.4125 5
      vertex -21 -18.5034 5
    endloop
  endfacet
  facet normal 0.514496 -0.857493 0
    outer loop
      vertex -20.8485 -18.4125 5
      vertex -21 -18.5034 0
      vertex -20.8485 -18.4125 0
    endloop
  endfacet
  facet normal -0.242935 -0.970042 0
    outer loop
      vertex -19.6488 -18.2346 0
      vertex -19.4775 -18.2775 5
      vertex -19.6488 -18.2346 5
    endloop
  endfacet
  facet normal -0.242935 -0.970042 -0
    outer loop
      vertex -19.4775 -18.2775 5
      vertex -19.6488 -18.2346 0
      vertex -19.4775 -18.2775 0
    endloop
  endfacet
  facet normal 0.671432 0.741066 -0
    outer loop
      vertex -21.1419 -21.3914 0
      vertex -21.2728 -21.2728 5
      vertex -21.1419 -21.3914 5
    endloop
  endfacet
  facet normal 0.671432 0.741066 0
    outer loop
      vertex -21.2728 -21.2728 5
      vertex -21.1419 -21.3914 0
      vertex -21.2728 -21.2728 0
    endloop
  endfacet
  facet normal -0.336874 0.94155 0
    outer loop
      vertex -19.3112 -21.663 0
      vertex -19.4775 -21.7225 5
      vertex -19.3112 -21.663 5
    endloop
  endfacet
  facet normal -0.336874 0.94155 0
    outer loop
      vertex -19.4775 -21.7225 5
      vertex -19.3112 -21.663 0
      vertex -19.4775 -21.7225 0
    endloop
  endfacet
  facet normal 0.741066 -0.671432 0
    outer loop
      vertex -21.3914 -18.8581 5
      vertex -21.2728 -18.7272 0
      vertex -21.2728 -18.7272 5
    endloop
  endfacet
  facet normal 0.741066 -0.671432 0
    outer loop
      vertex -21.2728 -18.7272 0
      vertex -21.3914 -18.8581 5
      vertex -21.3914 -18.8581 0
    endloop
  endfacet
  facet normal -0.0492599 -0.998786 0
    outer loop
      vertex -20 -18.2 0
      vertex -19.8236 -18.2087 5
      vertex -20 -18.2 5
    endloop
  endfacet
  facet normal -0.0492599 -0.998786 -0
    outer loop
      vertex -19.8236 -18.2087 5
      vertex -20 -18.2 0
      vertex -19.8236 -18.2087 0
    endloop
  endfacet
  facet normal -0.857493 0.514496 0
    outer loop
      vertex -18.5034 -21 0
      vertex -18.4125 -20.8485 5
      vertex -18.4125 -20.8485 0
    endloop
  endfacet
  facet normal -0.857493 0.514496 0
    outer loop
      vertex -18.4125 -20.8485 5
      vertex -18.5034 -21 0
      vertex -18.5034 -21 5
    endloop
  endfacet
  facet normal 0.514496 0.857493 -0
    outer loop
      vertex -20.8485 -21.5875 0
      vertex -21 -21.4966 5
      vertex -20.8485 -21.5875 5
    endloop
  endfacet
  facet normal 0.514496 0.857493 0
    outer loop
      vertex -21 -21.4966 5
      vertex -20.8485 -21.5875 0
      vertex -21 -21.4966 0
    endloop
  endfacet
  facet normal -0.671432 0.741066 0
    outer loop
      vertex -18.7272 -21.2728 0
      vertex -18.8581 -21.3914 5
      vertex -18.7272 -21.2728 5
    endloop
  endfacet
  facet normal -0.671432 0.741066 0
    outer loop
      vertex -18.8581 -21.3914 5
      vertex -18.7272 -21.2728 0
      vertex -18.8581 -21.3914 0
    endloop
  endfacet
  facet normal 0.970042 0.242935 0
    outer loop
      vertex -21.7225 -20.5225 5
      vertex -21.7654 -20.3512 0
      vertex -21.7654 -20.3512 5
    endloop
  endfacet
  facet normal 0.970042 0.242935 0
    outer loop
      vertex -21.7654 -20.3512 0
      vertex -21.7225 -20.5225 5
      vertex -21.7225 -20.5225 0
    endloop
  endfacet
  facet normal 0.94155 0.336874 0
    outer loop
      vertex -21.663 -20.6888 5
      vertex -21.7225 -20.5225 0
      vertex -21.7225 -20.5225 5
    endloop
  endfacet
  facet normal 0.94155 0.336874 0
    outer loop
      vertex -21.7225 -20.5225 0
      vertex -21.663 -20.6888 5
      vertex -21.663 -20.6888 0
    endloop
  endfacet
  facet normal 0.9892 0.146569 0
    outer loop
      vertex -21.7654 -20.3512 5
      vertex -21.7913 -20.1764 0
      vertex -21.7913 -20.1764 5
    endloop
  endfacet
  facet normal 0.9892 0.146569 0
    outer loop
      vertex -21.7913 -20.1764 0
      vertex -21.7654 -20.3512 5
      vertex -21.7654 -20.3512 0
    endloop
  endfacet
  facet normal 0.90406 0.427405 0
    outer loop
      vertex -21.5875 -20.8485 5
      vertex -21.663 -20.6888 0
      vertex -21.663 -20.6888 5
    endloop
  endfacet
  facet normal 0.90406 0.427405 0
    outer loop
      vertex -21.663 -20.6888 0
      vertex -21.5875 -20.8485 5
      vertex -21.5875 -20.8485 0
    endloop
  endfacet
  facet normal -0.595552 0.803316 0
    outer loop
      vertex -18.8581 -21.3914 0
      vertex -19 -21.4966 5
      vertex -18.8581 -21.3914 5
    endloop
  endfacet
  facet normal -0.595552 0.803316 0
    outer loop
      vertex -19 -21.4966 5
      vertex -18.8581 -21.3914 0
      vertex -19 -21.4966 0
    endloop
  endfacet
  facet normal 0.336874 0.94155 -0
    outer loop
      vertex -20.5225 -21.7225 0
      vertex -20.6888 -21.663 5
      vertex -20.5225 -21.7225 5
    endloop
  endfacet
  facet normal 0.336874 0.94155 0
    outer loop
      vertex -20.6888 -21.663 5
      vertex -20.5225 -21.7225 0
      vertex -20.6888 -21.663 0
    endloop
  endfacet
  facet normal 0.94155 -0.336874 0
    outer loop
      vertex -21.7225 -19.4775 5
      vertex -21.663 -19.3112 0
      vertex -21.663 -19.3112 5
    endloop
  endfacet
  facet normal 0.94155 -0.336874 0
    outer loop
      vertex -21.663 -19.3112 0
      vertex -21.7225 -19.4775 5
      vertex -21.7225 -19.4775 0
    endloop
  endfacet
  facet normal 0.970042 -0.242935 0
    outer loop
      vertex -21.7654 -19.6488 5
      vertex -21.7225 -19.4775 0
      vertex -21.7225 -19.4775 5
    endloop
  endfacet
  facet normal 0.970042 -0.242935 0
    outer loop
      vertex -21.7225 -19.4775 0
      vertex -21.7654 -19.6488 5
      vertex -21.7654 -19.6488 0
    endloop
  endfacet
  facet normal 0.427405 0.90406 -0
    outer loop
      vertex -20.6888 -21.663 0
      vertex -20.8485 -21.5875 5
      vertex -20.6888 -21.663 5
    endloop
  endfacet
  facet normal 0.427405 0.90406 0
    outer loop
      vertex -20.8485 -21.5875 5
      vertex -20.6888 -21.663 0
      vertex -20.8485 -21.5875 0
    endloop
  endfacet
  facet normal 0.857493 -0.514496 0
    outer loop
      vertex -21.5875 -19.1515 5
      vertex -21.4966 -19 0
      vertex -21.4966 -19 5
    endloop
  endfacet
  facet normal 0.857493 -0.514496 0
    outer loop
      vertex -21.4966 -19 0
      vertex -21.5875 -19.1515 5
      vertex -21.5875 -19.1515 0
    endloop
  endfacet
  facet normal 0.998786 0.0492599 0
    outer loop
      vertex -21.7913 -20.1764 5
      vertex -21.8 -20 0
      vertex -21.8 -20 5
    endloop
  endfacet
  facet normal 0.998786 0.0492599 0
    outer loop
      vertex -21.8 -20 0
      vertex -21.7913 -20.1764 5
      vertex -21.7913 -20.1764 0
    endloop
  endfacet
  facet normal 0.941493 -0.337031 0
    outer loop
      vertex -23.1101 -19.0566 8
      vertex -23.0026 -18.7563 5
      vertex -23.0026 -18.7563 8
    endloop
  endfacet
  facet normal 0.941493 -0.337031 0
    outer loop
      vertex -23.0026 -18.7563 5
      vertex -23.1101 -19.0566 8
      vertex -23.1101 -19.0566 5
    endloop
  endfacet
  facet normal -0.98917 -0.146776 0
    outer loop
      vertex -16.7656 -19.6814 5
      vertex -16.8124 -19.366 8
      vertex -16.8124 -19.366 5
    endloop
  endfacet
  facet normal -0.98917 -0.146776 0
    outer loop
      vertex -16.8124 -19.366 8
      vertex -16.7656 -19.6814 5
      vertex -16.7656 -19.6814 8
    endloop
  endfacet
  facet normal -0.998803 -0.0489056 0
    outer loop
      vertex -16.75 -20 5
      vertex -16.7656 -19.6814 8
      vertex -16.7656 -19.6814 5
    endloop
  endfacet
  facet normal -0.998803 -0.0489056 0
    outer loop
      vertex -16.7656 -19.6814 8
      vertex -16.75 -20 5
      vertex -16.75 -20 8
    endloop
  endfacet
  facet normal -0.970032 -0.242978 0
    outer loop
      vertex -16.8124 -19.366 5
      vertex -16.8899 -19.0566 8
      vertex -16.8899 -19.0566 5
    endloop
  endfacet
  facet normal -0.970032 -0.242978 0
    outer loop
      vertex -16.8899 -19.0566 8
      vertex -16.8124 -19.366 5
      vertex -16.8124 -19.366 8
    endloop
  endfacet
  facet normal 0.427668 0.903936 -0
    outer loop
      vertex -21.2437 -23.0026 5
      vertex -21.532 -22.8662 8
      vertex -21.2437 -23.0026 8
    endloop
  endfacet
  facet normal 0.427668 0.903936 0
    outer loop
      vertex -21.532 -22.8662 8
      vertex -21.2437 -23.0026 5
      vertex -21.532 -22.8662 5
    endloop
  endfacet
  facet normal 0.0489056 -0.998803 0
    outer loop
      vertex -20.3186 -16.7656 5
      vertex -20 -16.75 8
      vertex -20.3186 -16.7656 8
    endloop
  endfacet
  facet normal 0.0489056 -0.998803 0
    outer loop
      vertex -20 -16.75 8
      vertex -20.3186 -16.7656 5
      vertex -20 -16.75 5
    endloop
  endfacet
  facet normal -0.857852 0.513896 0
    outer loop
      vertex -17.2977 -21.8056 5
      vertex -17.1338 -21.532 8
      vertex -17.1338 -21.532 5
    endloop
  endfacet
  facet normal -0.857852 0.513896 0
    outer loop
      vertex -17.1338 -21.532 8
      vertex -17.2977 -21.8056 5
      vertex -17.2977 -21.8056 8
    endloop
  endfacet
  facet normal -0.427668 0.903936 0
    outer loop
      vertex -18.468 -22.8662 5
      vertex -18.7563 -23.0026 8
      vertex -18.468 -22.8662 8
    endloop
  endfacet
  facet normal -0.427668 0.903936 0
    outer loop
      vertex -18.7563 -23.0026 8
      vertex -18.468 -22.8662 5
      vertex -18.7563 -23.0026 5
    endloop
  endfacet
  facet normal 0.337031 -0.941493 0
    outer loop
      vertex -21.2437 -16.9974 5
      vertex -20.9434 -16.8899 8
      vertex -21.2437 -16.9974 8
    endloop
  endfacet
  facet normal 0.337031 -0.941493 0
    outer loop
      vertex -20.9434 -16.8899 8
      vertex -21.2437 -16.9974 5
      vertex -20.9434 -16.8899 5
    endloop
  endfacet
  facet normal 0.595677 -0.803224 0
    outer loop
      vertex -22.0618 -17.4877 5
      vertex -21.8056 -17.2977 8
      vertex -22.0618 -17.4877 8
    endloop
  endfacet
  facet normal 0.595677 -0.803224 0
    outer loop
      vertex -21.8056 -17.2977 8
      vertex -22.0618 -17.4877 5
      vertex -21.8056 -17.2977 5
    endloop
  endfacet
  facet normal -0.941493 -0.337031 0
    outer loop
      vertex -16.8899 -19.0566 5
      vertex -16.9974 -18.7563 8
      vertex -16.9974 -18.7563 5
    endloop
  endfacet
  facet normal -0.941493 -0.337031 0
    outer loop
      vertex -16.9974 -18.7563 8
      vertex -16.8899 -19.0566 5
      vertex -16.8899 -19.0566 8
    endloop
  endfacet
  facet normal -0.0489056 -0.998803 0
    outer loop
      vertex -20 -16.75 5
      vertex -19.6814 -16.7656 8
      vertex -20 -16.75 8
    endloop
  endfacet
  facet normal -0.0489056 -0.998803 -0
    outer loop
      vertex -19.6814 -16.7656 8
      vertex -20 -16.75 5
      vertex -19.6814 -16.7656 5
    endloop
  endfacet
  facet normal -0.513896 0.857852 0
    outer loop
      vertex -18.1944 -22.7023 5
      vertex -18.468 -22.8662 8
      vertex -18.1944 -22.7023 8
    endloop
  endfacet
  facet normal -0.513896 0.857852 0
    outer loop
      vertex -18.468 -22.8662 8
      vertex -18.1944 -22.7023 5
      vertex -18.468 -22.8662 5
    endloop
  endfacet
  facet normal 0.146776 -0.98917 0
    outer loop
      vertex -20.634 -16.8124 5
      vertex -20.3186 -16.7656 8
      vertex -20.634 -16.8124 8
    endloop
  endfacet
  facet normal 0.146776 -0.98917 0
    outer loop
      vertex -20.3186 -16.7656 8
      vertex -20.634 -16.8124 5
      vertex -20.3186 -16.7656 5
    endloop
  endfacet
  facet normal -0.903936 -0.427668 0
    outer loop
      vertex -16.9974 -18.7563 5
      vertex -17.1338 -18.468 8
      vertex -17.1338 -18.468 5
    endloop
  endfacet
  facet normal -0.903936 -0.427668 0
    outer loop
      vertex -17.1338 -18.468 8
      vertex -16.9974 -18.7563 5
      vertex -16.9974 -18.7563 8
    endloop
  endfacet
  facet normal -0.970032 0.242978 0
    outer loop
      vertex -16.8899 -20.9434 5
      vertex -16.8124 -20.634 8
      vertex -16.8124 -20.634 5
    endloop
  endfacet
  facet normal -0.970032 0.242978 0
    outer loop
      vertex -16.8124 -20.634 8
      vertex -16.8899 -20.9434 5
      vertex -16.8899 -20.9434 8
    endloop
  endfacet
  facet normal -0.903936 0.427668 0
    outer loop
      vertex -17.1338 -21.532 5
      vertex -16.9974 -21.2437 8
      vertex -16.9974 -21.2437 5
    endloop
  endfacet
  facet normal -0.903936 0.427668 0
    outer loop
      vertex -16.9974 -21.2437 8
      vertex -17.1338 -21.532 5
      vertex -17.1338 -21.532 8
    endloop
  endfacet
  facet normal -0.595677 -0.803224 0
    outer loop
      vertex -18.1944 -17.2977 5
      vertex -17.9382 -17.4877 8
      vertex -18.1944 -17.2977 8
    endloop
  endfacet
  facet normal -0.595677 -0.803224 -0
    outer loop
      vertex -17.9382 -17.4877 8
      vertex -18.1944 -17.2977 5
      vertex -17.9382 -17.4877 5
    endloop
  endfacet
  facet normal -0.337031 0.941493 0
    outer loop
      vertex -18.7563 -23.0026 5
      vertex -19.0566 -23.1101 8
      vertex -18.7563 -23.0026 8
    endloop
  endfacet
  facet normal -0.337031 0.941493 0
    outer loop
      vertex -19.0566 -23.1101 8
      vertex -18.7563 -23.0026 5
      vertex -19.0566 -23.1101 5
    endloop
  endfacet
  facet normal 0.857852 -0.513896 0
    outer loop
      vertex -22.8662 -18.468 8
      vertex -22.7023 -18.1944 5
      vertex -22.7023 -18.1944 8
    endloop
  endfacet
  facet normal 0.857852 -0.513896 0
    outer loop
      vertex -22.7023 -18.1944 5
      vertex -22.8662 -18.468 8
      vertex -22.8662 -18.468 5
    endloop
  endfacet
  facet normal -0.98917 0.146776 0
    outer loop
      vertex -16.8124 -20.634 5
      vertex -16.7656 -20.3186 8
      vertex -16.7656 -20.3186 5
    endloop
  endfacet
  facet normal -0.98917 0.146776 0
    outer loop
      vertex -16.7656 -20.3186 8
      vertex -16.8124 -20.634 5
      vertex -16.8124 -20.634 8
    endloop
  endfacet
  facet normal 0.970032 0.242978 0
    outer loop
      vertex -23.1101 -20.9434 8
      vertex -23.1876 -20.634 5
      vertex -23.1876 -20.634 8
    endloop
  endfacet
  facet normal 0.970032 0.242978 0
    outer loop
      vertex -23.1876 -20.634 5
      vertex -23.1101 -20.9434 8
      vertex -23.1101 -20.9434 5
    endloop
  endfacet
  facet normal -0.803224 -0.595677 0
    outer loop
      vertex -17.2977 -18.1944 5
      vertex -17.4877 -17.9382 8
      vertex -17.4877 -17.9382 5
    endloop
  endfacet
  facet normal -0.803224 -0.595677 0
    outer loop
      vertex -17.4877 -17.9382 8
      vertex -17.2977 -18.1944 5
      vertex -17.2977 -18.1944 8
    endloop
  endfacet
  facet normal -0.513896 -0.857852 0
    outer loop
      vertex -18.468 -17.1338 5
      vertex -18.1944 -17.2977 8
      vertex -18.468 -17.1338 8
    endloop
  endfacet
  facet normal -0.513896 -0.857852 -0
    outer loop
      vertex -18.1944 -17.2977 8
      vertex -18.468 -17.1338 5
      vertex -18.1944 -17.2977 5
    endloop
  endfacet
  facet normal -0.242978 -0.970032 0
    outer loop
      vertex -19.366 -16.8124 5
      vertex -19.0566 -16.8899 8
      vertex -19.366 -16.8124 8
    endloop
  endfacet
  facet normal -0.242978 -0.970032 -0
    outer loop
      vertex -19.0566 -16.8899 8
      vertex -19.366 -16.8124 5
      vertex -19.0566 -16.8899 5
    endloop
  endfacet
  facet normal -0.998803 0.0489056 0
    outer loop
      vertex -16.7656 -20.3186 5
      vertex -16.75 -20 8
      vertex -16.75 -20 5
    endloop
  endfacet
  facet normal -0.998803 0.0489056 0
    outer loop
      vertex -16.75 -20 8
      vertex -16.7656 -20.3186 5
      vertex -16.7656 -20.3186 8
    endloop
  endfacet
  facet normal 0.740904 0.671611 0
    outer loop
      vertex -22.2981 -22.2981 8
      vertex -22.5123 -22.0618 5
      vertex -22.5123 -22.0618 8
    endloop
  endfacet
  facet normal 0.740904 0.671611 0
    outer loop
      vertex -22.5123 -22.0618 5
      vertex -22.2981 -22.2981 8
      vertex -22.2981 -22.2981 5
    endloop
  endfacet
  facet normal -0.146776 -0.98917 0
    outer loop
      vertex -19.6814 -16.7656 5
      vertex -19.366 -16.8124 8
      vertex -19.6814 -16.7656 8
    endloop
  endfacet
  facet normal -0.146776 -0.98917 -0
    outer loop
      vertex -19.366 -16.8124 8
      vertex -19.6814 -16.7656 5
      vertex -19.366 -16.8124 5
    endloop
  endfacet
  facet normal 0.513896 0.857852 -0
    outer loop
      vertex -21.532 -22.8662 5
      vertex -21.8056 -22.7023 8
      vertex -21.532 -22.8662 8
    endloop
  endfacet
  facet normal 0.513896 0.857852 0
    outer loop
      vertex -21.8056 -22.7023 8
      vertex -21.532 -22.8662 5
      vertex -21.8056 -22.7023 5
    endloop
  endfacet
  facet normal 0.998803 0.0489056 0
    outer loop
      vertex -23.2344 -20.3186 8
      vertex -23.25 -20 5
      vertex -23.25 -20 8
    endloop
  endfacet
  facet normal 0.998803 0.0489056 0
    outer loop
      vertex -23.25 -20 5
      vertex -23.2344 -20.3186 8
      vertex -23.2344 -20.3186 5
    endloop
  endfacet
  facet normal 0.513896 -0.857852 0
    outer loop
      vertex -21.8056 -17.2977 5
      vertex -21.532 -17.1338 8
      vertex -21.8056 -17.2977 8
    endloop
  endfacet
  facet normal 0.513896 -0.857852 0
    outer loop
      vertex -21.532 -17.1338 8
      vertex -21.8056 -17.2977 5
      vertex -21.532 -17.1338 5
    endloop
  endfacet
  facet normal -0.0489056 0.998803 0
    outer loop
      vertex -19.6814 -23.2344 5
      vertex -20 -23.25 8
      vertex -19.6814 -23.2344 8
    endloop
  endfacet
  facet normal -0.0489056 0.998803 0
    outer loop
      vertex -20 -23.25 8
      vertex -19.6814 -23.2344 5
      vertex -20 -23.25 5
    endloop
  endfacet
  facet normal -0.857852 -0.513896 0
    outer loop
      vertex -17.1338 -18.468 5
      vertex -17.2977 -18.1944 8
      vertex -17.2977 -18.1944 5
    endloop
  endfacet
  facet normal -0.857852 -0.513896 0
    outer loop
      vertex -17.2977 -18.1944 8
      vertex -17.1338 -18.468 5
      vertex -17.1338 -18.468 8
    endloop
  endfacet
  facet normal 0.146776 0.98917 -0
    outer loop
      vertex -20.3186 -23.2344 5
      vertex -20.634 -23.1876 8
      vertex -20.3186 -23.2344 8
    endloop
  endfacet
  facet normal 0.146776 0.98917 0
    outer loop
      vertex -20.634 -23.1876 8
      vertex -20.3186 -23.2344 5
      vertex -20.634 -23.1876 5
    endloop
  endfacet
  facet normal 0.595677 0.803224 -0
    outer loop
      vertex -21.8056 -22.7023 5
      vertex -22.0618 -22.5123 8
      vertex -21.8056 -22.7023 8
    endloop
  endfacet
  facet normal 0.595677 0.803224 0
    outer loop
      vertex -22.0618 -22.5123 8
      vertex -21.8056 -22.7023 5
      vertex -22.0618 -22.5123 5
    endloop
  endfacet
  facet normal 0.242978 0.970032 -0
    outer loop
      vertex -20.634 -23.1876 5
      vertex -20.9434 -23.1101 8
      vertex -20.634 -23.1876 8
    endloop
  endfacet
  facet normal 0.242978 0.970032 0
    outer loop
      vertex -20.9434 -23.1101 8
      vertex -20.634 -23.1876 5
      vertex -20.9434 -23.1101 5
    endloop
  endfacet
  facet normal 0.740904 -0.671611 0
    outer loop
      vertex -22.5123 -17.9382 8
      vertex -22.2981 -17.7019 5
      vertex -22.2981 -17.7019 8
    endloop
  endfacet
  facet normal 0.740904 -0.671611 0
    outer loop
      vertex -22.2981 -17.7019 5
      vertex -22.5123 -17.9382 8
      vertex -22.5123 -17.9382 5
    endloop
  endfacet
  facet normal -0.337031 -0.941493 0
    outer loop
      vertex -19.0566 -16.8899 5
      vertex -18.7563 -16.9974 8
      vertex -19.0566 -16.8899 8
    endloop
  endfacet
  facet normal -0.337031 -0.941493 -0
    outer loop
      vertex -18.7563 -16.9974 8
      vertex -19.0566 -16.8899 5
      vertex -18.7563 -16.9974 5
    endloop
  endfacet
  facet normal -0.146776 0.98917 0
    outer loop
      vertex -19.366 -23.1876 5
      vertex -19.6814 -23.2344 8
      vertex -19.366 -23.1876 8
    endloop
  endfacet
  facet normal -0.146776 0.98917 0
    outer loop
      vertex -19.6814 -23.2344 8
      vertex -19.366 -23.1876 5
      vertex -19.6814 -23.2344 5
    endloop
  endfacet
  facet normal -0.740904 0.671611 0
    outer loop
      vertex -17.7019 -22.2981 5
      vertex -17.4877 -22.0618 8
      vertex -17.4877 -22.0618 5
    endloop
  endfacet
  facet normal -0.740904 0.671611 0
    outer loop
      vertex -17.4877 -22.0618 8
      vertex -17.7019 -22.2981 5
      vertex -17.7019 -22.2981 8
    endloop
  endfacet
  facet normal -0.803224 0.595677 0
    outer loop
      vertex -17.4877 -22.0618 5
      vertex -17.2977 -21.8056 8
      vertex -17.2977 -21.8056 5
    endloop
  endfacet
  facet normal -0.803224 0.595677 0
    outer loop
      vertex -17.2977 -21.8056 8
      vertex -17.4877 -22.0618 5
      vertex -17.4877 -22.0618 8
    endloop
  endfacet
  facet normal -0.427668 -0.903936 0
    outer loop
      vertex -18.7563 -16.9974 5
      vertex -18.468 -17.1338 8
      vertex -18.7563 -16.9974 8
    endloop
  endfacet
  facet normal -0.427668 -0.903936 -0
    outer loop
      vertex -18.468 -17.1338 8
      vertex -18.7563 -16.9974 5
      vertex -18.468 -17.1338 5
    endloop
  endfacet
  facet normal 0.970032 -0.242978 0
    outer loop
      vertex -23.1876 -19.366 8
      vertex -23.1101 -19.0566 5
      vertex -23.1101 -19.0566 8
    endloop
  endfacet
  facet normal 0.970032 -0.242978 0
    outer loop
      vertex -23.1101 -19.0566 5
      vertex -23.1876 -19.366 8
      vertex -23.1876 -19.366 5
    endloop
  endfacet
  facet normal 0.671611 0.740904 -0
    outer loop
      vertex -22.0618 -22.5123 5
      vertex -22.2981 -22.2981 8
      vertex -22.0618 -22.5123 8
    endloop
  endfacet
  facet normal 0.671611 0.740904 0
    outer loop
      vertex -22.2981 -22.2981 8
      vertex -22.0618 -22.5123 5
      vertex -22.2981 -22.2981 5
    endloop
  endfacet
  facet normal 0.427668 -0.903936 0
    outer loop
      vertex -21.532 -17.1338 5
      vertex -21.2437 -16.9974 8
      vertex -21.532 -17.1338 8
    endloop
  endfacet
  facet normal 0.427668 -0.903936 0
    outer loop
      vertex -21.2437 -16.9974 8
      vertex -21.532 -17.1338 5
      vertex -21.2437 -16.9974 5
    endloop
  endfacet
  facet normal 0.903936 -0.427668 0
    outer loop
      vertex -23.0026 -18.7563 8
      vertex -22.8662 -18.468 5
      vertex -22.8662 -18.468 8
    endloop
  endfacet
  facet normal 0.903936 -0.427668 0
    outer loop
      vertex -22.8662 -18.468 5
      vertex -23.0026 -18.7563 8
      vertex -23.0026 -18.7563 5
    endloop
  endfacet
  facet normal 0.671611 -0.740904 0
    outer loop
      vertex -22.2981 -17.7019 5
      vertex -22.0618 -17.4877 8
      vertex -22.2981 -17.7019 8
    endloop
  endfacet
  facet normal 0.671611 -0.740904 0
    outer loop
      vertex -22.0618 -17.4877 8
      vertex -22.2981 -17.7019 5
      vertex -22.0618 -17.4877 5
    endloop
  endfacet
  facet normal 0.941493 0.337031 0
    outer loop
      vertex -23.0026 -21.2437 8
      vertex -23.1101 -20.9434 5
      vertex -23.1101 -20.9434 8
    endloop
  endfacet
  facet normal 0.941493 0.337031 0
    outer loop
      vertex -23.1101 -20.9434 5
      vertex -23.0026 -21.2437 8
      vertex -23.0026 -21.2437 5
    endloop
  endfacet
  facet normal 0.903936 0.427668 0
    outer loop
      vertex -22.8662 -21.532 8
      vertex -23.0026 -21.2437 5
      vertex -23.0026 -21.2437 8
    endloop
  endfacet
  facet normal 0.903936 0.427668 0
    outer loop
      vertex -23.0026 -21.2437 5
      vertex -22.8662 -21.532 8
      vertex -22.8662 -21.532 5
    endloop
  endfacet
  facet normal 0.857852 0.513896 0
    outer loop
      vertex -22.7023 -21.8056 8
      vertex -22.8662 -21.532 5
      vertex -22.8662 -21.532 8
    endloop
  endfacet
  facet normal 0.857852 0.513896 0
    outer loop
      vertex -22.8662 -21.532 5
      vertex -22.7023 -21.8056 8
      vertex -22.7023 -21.8056 5
    endloop
  endfacet
  facet normal -0.242978 0.970032 0
    outer loop
      vertex -19.0566 -23.1101 5
      vertex -19.366 -23.1876 8
      vertex -19.0566 -23.1101 8
    endloop
  endfacet
  facet normal -0.242978 0.970032 0
    outer loop
      vertex -19.366 -23.1876 8
      vertex -19.0566 -23.1101 5
      vertex -19.366 -23.1876 5
    endloop
  endfacet
  facet normal 0.242978 -0.970032 0
    outer loop
      vertex -20.9434 -16.8899 5
      vertex -20.634 -16.8124 8
      vertex -20.9434 -16.8899 8
    endloop
  endfacet
  facet normal 0.242978 -0.970032 0
    outer loop
      vertex -20.634 -16.8124 8
      vertex -20.9434 -16.8899 5
      vertex -20.634 -16.8124 5
    endloop
  endfacet
  facet normal -0.740904 -0.671611 0
    outer loop
      vertex -17.4877 -17.9382 5
      vertex -17.7019 -17.7019 8
      vertex -17.7019 -17.7019 5
    endloop
  endfacet
  facet normal -0.740904 -0.671611 0
    outer loop
      vertex -17.7019 -17.7019 8
      vertex -17.4877 -17.9382 5
      vertex -17.4877 -17.9382 8
    endloop
  endfacet
  facet normal -0.595677 0.803224 0
    outer loop
      vertex -17.9382 -22.5123 5
      vertex -18.1944 -22.7023 8
      vertex -17.9382 -22.5123 8
    endloop
  endfacet
  facet normal -0.595677 0.803224 0
    outer loop
      vertex -18.1944 -22.7023 8
      vertex -17.9382 -22.5123 5
      vertex -18.1944 -22.7023 5
    endloop
  endfacet
  facet normal 0.98917 -0.146776 0
    outer loop
      vertex -23.2344 -19.6814 8
      vertex -23.1876 -19.366 5
      vertex -23.1876 -19.366 8
    endloop
  endfacet
  facet normal 0.98917 -0.146776 0
    outer loop
      vertex -23.1876 -19.366 5
      vertex -23.2344 -19.6814 8
      vertex -23.2344 -19.6814 5
    endloop
  endfacet
  facet normal -0.671611 -0.740904 0
    outer loop
      vertex -17.9382 -17.4877 5
      vertex -17.7019 -17.7019 8
      vertex -17.9382 -17.4877 8
    endloop
  endfacet
  facet normal -0.671611 -0.740904 -0
    outer loop
      vertex -17.7019 -17.7019 8
      vertex -17.9382 -17.4877 5
      vertex -17.7019 -17.7019 5
    endloop
  endfacet
  facet normal 0.803224 0.595677 0
    outer loop
      vertex -22.5123 -22.0618 8
      vertex -22.7023 -21.8056 5
      vertex -22.7023 -21.8056 8
    endloop
  endfacet
  facet normal 0.803224 0.595677 0
    outer loop
      vertex -22.7023 -21.8056 5
      vertex -22.5123 -22.0618 8
      vertex -22.5123 -22.0618 5
    endloop
  endfacet
  facet normal 0.98917 0.146776 0
    outer loop
      vertex -23.1876 -20.634 8
      vertex -23.2344 -20.3186 5
      vertex -23.2344 -20.3186 8
    endloop
  endfacet
  facet normal 0.98917 0.146776 0
    outer loop
      vertex -23.2344 -20.3186 5
      vertex -23.1876 -20.634 8
      vertex -23.1876 -20.634 5
    endloop
  endfacet
  facet normal -0.941493 0.337031 0
    outer loop
      vertex -16.9974 -21.2437 5
      vertex -16.8899 -20.9434 8
      vertex -16.8899 -20.9434 5
    endloop
  endfacet
  facet normal -0.941493 0.337031 0
    outer loop
      vertex -16.8899 -20.9434 8
      vertex -16.9974 -21.2437 5
      vertex -16.9974 -21.2437 8
    endloop
  endfacet
  facet normal 0.803224 -0.595677 0
    outer loop
      vertex -22.7023 -18.1944 8
      vertex -22.5123 -17.9382 5
      vertex -22.5123 -17.9382 8
    endloop
  endfacet
  facet normal 0.803224 -0.595677 0
    outer loop
      vertex -22.5123 -17.9382 5
      vertex -22.7023 -18.1944 8
      vertex -22.7023 -18.1944 5
    endloop
  endfacet
  facet normal 0.0489056 0.998803 -0
    outer loop
      vertex -20 -23.25 5
      vertex -20.3186 -23.2344 8
      vertex -20 -23.25 8
    endloop
  endfacet
  facet normal 0.0489056 0.998803 0
    outer loop
      vertex -20.3186 -23.2344 8
      vertex -20 -23.25 5
      vertex -20.3186 -23.2344 5
    endloop
  endfacet
  facet normal 0.998803 -0.0489056 0
    outer loop
      vertex -23.25 -20 8
      vertex -23.2344 -19.6814 5
      vertex -23.2344 -19.6814 8
    endloop
  endfacet
  facet normal 0.998803 -0.0489056 0
    outer loop
      vertex -23.2344 -19.6814 5
      vertex -23.25 -20 8
      vertex -23.25 -20 5
    endloop
  endfacet
  facet normal 0.337031 0.941493 -0
    outer loop
      vertex -20.9434 -23.1101 5
      vertex -21.2437 -23.0026 8
      vertex -20.9434 -23.1101 8
    endloop
  endfacet
  facet normal 0.337031 0.941493 0
    outer loop
      vertex -21.2437 -23.0026 8
      vertex -20.9434 -23.1101 5
      vertex -21.2437 -23.0026 5
    endloop
  endfacet
  facet normal -0.671611 0.740904 0
    outer loop
      vertex -17.7019 -22.2981 5
      vertex -17.9382 -22.5123 8
      vertex -17.7019 -22.2981 8
    endloop
  endfacet
  facet normal -0.671611 0.740904 0
    outer loop
      vertex -17.9382 -22.5123 8
      vertex -17.7019 -22.2981 5
      vertex -17.9382 -22.5123 5
    endloop
  endfacet
  facet normal 0 0 1
    outer loop
      vertex -18.2 -20 5
      vertex -16.75 -20 5
      vertex -16.7656 -19.6814 5
    endloop
  endfacet
  facet normal 0 0 1
    outer loop
      vertex -18.2087 -19.8236 5
      vertex -16.7656 -19.6814 5
      vertex -16.8124 -19.366 5
    endloop
  endfacet
  facet normal 0 0 1
    outer loop
      vertex -16.75 -20 5
      vertex -18.2 -20 5
      vertex -16.7656 -20.3186 5
    endloop
  endfacet
  facet normal 0 0 1
    outer loop
      vertex -18.2346 -19.6488 5
      vertex -16.8124 -19.366 5
      vertex -16.8899 -19.0566 5
    endloop
  endfacet
  facet normal -0 0 1
    outer loop
      vertex -18.2087 -20.1764 5
      vertex -16.7656 -20.3186 5
      vertex -18.2 -20 5
    endloop
  endfacet
  facet normal 0 0 1
    outer loop
      vertex -18.2775 -19.4775 5
      vertex -16.8899 -19.0566 5
      vertex -16.9974 -18.7563 5
    endloop
  endfacet
  facet normal 0 0 1
    outer loop
      vertex -16.7656 -20.3186 5
      vertex -18.2087 -20.1764 5
      vertex -16.8124 -20.634 5
    endloop
  endfacet
  facet normal 0 0 1
    outer loop
      vertex -18.337 -19.3112 5
      vertex -16.9974 -18.7563 5
      vertex -17.1338 -18.468 5
    endloop
  endfacet
  facet normal -0 0 1
    outer loop
      vertex -18.2346 -20.3512 5
      vertex -16.8124 -20.634 5
      vertex -18.2087 -20.1764 5
    endloop
  endfacet
  facet normal 0 0 1
    outer loop
      vertex -18.4125 -19.1515 5
      vertex -17.1338 -18.468 5
      vertex -17.2977 -18.1944 5
    endloop
  endfacet
  facet normal 0 0 1
    outer loop
      vertex -16.8124 -20.634 5
      vertex -18.2346 -20.3512 5
      vertex -16.8899 -20.9434 5
    endloop
  endfacet
  facet normal 0 0 1
    outer loop
      vertex -18.5034 -19 5
      vertex -17.2977 -18.1944 5
      vertex -17.4877 -17.9382 5
    endloop
  endfacet
  facet normal -0 0 1
    outer loop
      vertex -18.2775 -20.5225 5
      vertex -16.8899 -20.9434 5
      vertex -18.2346 -20.3512 5
    endloop
  endfacet
  facet normal 0 0 1
    outer loop
      vertex -18.6086 -18.8581 5
      vertex -17.4877 -17.9382 5
      vertex -17.7019 -17.7019 5
    endloop
  endfacet
  facet normal 0 0 1
    outer loop
      vertex -16.8899 -20.9434 5
      vertex -18.2775 -20.5225 5
      vertex -16.9974 -21.2437 5
    endloop
  endfacet
  facet normal 0 0 1
    outer loop
      vertex -18.7272 -18.7272 5
      vertex -17.7019 -17.7019 5
      vertex -17.9382 -17.4877 5
    endloop
  endfacet
  facet normal -0 0 1
    outer loop
      vertex -18.337 -20.6888 5
      vertex -16.9974 -21.2437 5
      vertex -18.2775 -20.5225 5
    endloop
  endfacet
  facet normal 0 0 1
    outer loop
      vertex -18.8581 -18.6086 5
      vertex -17.9382 -17.4877 5
      vertex -18.1944 -17.2977 5
    endloop
  endfacet
  facet normal 0 0 1
    outer loop
      vertex -16.9974 -21.2437 5
      vertex -18.337 -20.6888 5
      vertex -17.1338 -21.532 5
    endloop
  endfacet
  facet normal -0 0 1
    outer loop
      vertex -18.4125 -20.8485 5
      vertex -17.1338 -21.532 5
      vertex -18.337 -20.6888 5
    endloop
  endfacet
  facet normal 0 0 1
    outer loop
      vertex -16.7656 -19.6814 5
      vertex -18.2087 -19.8236 5
      vertex -18.2 -20 5
    endloop
  endfacet
  facet normal 0 0 1
    outer loop
      vertex -16.8124 -19.366 5
      vertex -18.2346 -19.6488 5
      vertex -18.2087 -19.8236 5
    endloop
  endfacet
  facet normal 0 0 1
    outer loop
      vertex -16.8899 -19.0566 5
      vertex -18.2775 -19.4775 5
      vertex -18.2346 -19.6488 5
    endloop
  endfacet
  facet normal 0 0 1
    outer loop
      vertex -16.9974 -18.7563 5
      vertex -18.337 -19.3112 5
      vertex -18.2775 -19.4775 5
    endloop
  endfacet
  facet normal 0 0 1
    outer loop
      vertex -17.1338 -18.468 5
      vertex -18.4125 -19.1515 5
      vertex -18.337 -19.3112 5
    endloop
  endfacet
  facet normal 0 0 1
    outer loop
      vertex -19 -18.5034 5
      vertex -18.1944 -17.2977 5
      vertex -18.468 -17.1338 5
    endloop
  endfacet
  facet normal 0 0 1
    outer loop
      vertex -17.2977 -18.1944 5
      vertex -18.5034 -19 5
      vertex -18.4125 -19.1515 5
    endloop
  endfacet
  facet normal 0 0 1
    outer loop
      vertex -17.4877 -17.9382 5
      vertex -18.6086 -18.8581 5
      vertex -18.5034 -19 5
    endloop
  endfacet
  facet normal 0 0 1
    outer loop
      vertex -17.7019 -17.7019 5
      vertex -18.7272 -18.7272 5
      vertex -18.6086 -18.8581 5
    endloop
  endfacet
  facet normal 0 0 1
    outer loop
      vertex -19.1515 -18.4125 5
      vertex -18.468 -17.1338 5
      vertex -18.7563 -16.9974 5
    endloop
  endfacet
  facet normal 0 0 1
    outer loop
      vertex -17.9382 -17.4877 5
      vertex -18.8581 -18.6086 5
      vertex -18.7272 -18.7272 5
    endloop
  endfacet
  facet normal 0 0 1
    outer loop
      vertex -18.1944 -17.2977 5
      vertex -19 -18.5034 5
      vertex -18.8581 -18.6086 5
    endloop
  endfacet
  facet normal 0 0 1
    outer loop
      vertex -19.3112 -18.337 5
      vertex -18.7563 -16.9974 5
      vertex -19.0566 -16.8899 5
    endloop
  endfacet
  facet normal 0 0 1
    outer loop
      vertex -18.468 -17.1338 5
      vertex -19.1515 -18.4125 5
      vertex -19 -18.5034 5
    endloop
  endfacet
  facet normal 0 0 1
    outer loop
      vertex -18.7563 -16.9974 5
      vertex -19.3112 -18.337 5
      vertex -19.1515 -18.4125 5
    endloop
  endfacet
  facet normal 0 0 1
    outer loop
      vertex -19.4775 -18.2775 5
      vertex -19.0566 -16.8899 5
      vertex -19.366 -16.8124 5
    endloop
  endfacet
  facet normal 0 0 1
    outer loop
      vertex -19.0566 -16.8899 5
      vertex -19.4775 -18.2775 5
      vertex -19.3112 -18.337 5
    endloop
  endfacet
  facet normal 0 0 1
    outer loop
      vertex -19.366 -16.8124 5
      vertex -19.6488 -18.2346 5
      vertex -19.4775 -18.2775 5
    endloop
  endfacet
  facet normal 0 0 1
    outer loop
      vertex -19.6814 -16.7656 5
      vertex -19.6488 -18.2346 5
      vertex -19.366 -16.8124 5
    endloop
  endfacet
  facet normal 0 0 1
    outer loop
      vertex -19.6814 -16.7656 5
      vertex -19.8236 -18.2087 5
      vertex -19.6488 -18.2346 5
    endloop
  endfacet
  facet normal 0 0 1
    outer loop
      vertex -20 -16.75 5
      vertex -19.8236 -18.2087 5
      vertex -19.6814 -16.7656 5
    endloop
  endfacet
  facet normal 0 0 1
    outer loop
      vertex -20 -16.75 5
      vertex -20 -18.2 5
      vertex -19.8236 -18.2087 5
    endloop
  endfacet
  facet normal 0 0 1
    outer loop
      vertex -20 -16.75 5
      vertex -20.1764 -18.2087 5
      vertex -20 -18.2 5
    endloop
  endfacet
  facet normal -0 0 1
    outer loop
      vertex -20.3186 -16.7656 5
      vertex -20.1764 -18.2087 5
      vertex -20 -16.75 5
    endloop
  endfacet
  facet normal 0 0 1
    outer loop
      vertex -20.3186 -16.7656 5
      vertex -20.3512 -18.2346 5
      vertex -20.1764 -18.2087 5
    endloop
  endfacet
  facet normal -0 0 1
    outer loop
      vertex -20.634 -16.8124 5
      vertex -20.3512 -18.2346 5
      vertex -20.3186 -16.7656 5
    endloop
  endfacet
  facet normal 0 0 1
    outer loop
      vertex -20.3512 -18.2346 5
      vertex -20.634 -16.8124 5
      vertex -20.5225 -18.2775 5
    endloop
  endfacet
  facet normal -0 0 1
    outer loop
      vertex -20.9434 -16.8899 5
      vertex -20.5225 -18.2775 5
      vertex -20.634 -16.8124 5
    endloop
  endfacet
  facet normal 0 0 1
    outer loop
      vertex -20.5225 -18.2775 5
      vertex -20.9434 -16.8899 5
      vertex -20.6888 -18.337 5
    endloop
  endfacet
  facet normal -0 0 1
    outer loop
      vertex -21.2437 -16.9974 5
      vertex -20.6888 -18.337 5
      vertex -20.9434 -16.8899 5
    endloop
  endfacet
  facet normal 0 0 1
    outer loop
      vertex -20.6888 -18.337 5
      vertex -21.2437 -16.9974 5
      vertex -20.8485 -18.4125 5
    endloop
  endfacet
  facet normal -0 0 1
    outer loop
      vertex -21.532 -17.1338 5
      vertex -20.8485 -18.4125 5
      vertex -21.2437 -16.9974 5
    endloop
  endfacet
  facet normal 0 0 1
    outer loop
      vertex -20.8485 -18.4125 5
      vertex -21.532 -17.1338 5
      vertex -21 -18.5034 5
    endloop
  endfacet
  facet normal -0 0 1
    outer loop
      vertex -21.8056 -17.2977 5
      vertex -21 -18.5034 5
      vertex -21.532 -17.1338 5
    endloop
  endfacet
  facet normal 0 0 1
    outer loop
      vertex -21 -18.5034 5
      vertex -21.8056 -17.2977 5
      vertex -21.1419 -18.6086 5
    endloop
  endfacet
  facet normal -0 0 1
    outer loop
      vertex -22.0618 -17.4877 5
      vertex -21.1419 -18.6086 5
      vertex -21.8056 -17.2977 5
    endloop
  endfacet
  facet normal 0 0 1
    outer loop
      vertex -21.1419 -18.6086 5
      vertex -22.0618 -17.4877 5
      vertex -21.2728 -18.7272 5
    endloop
  endfacet
  facet normal -0 0 1
    outer loop
      vertex -22.2981 -17.7019 5
      vertex -21.2728 -18.7272 5
      vertex -22.0618 -17.4877 5
    endloop
  endfacet
  facet normal 0 0 1
    outer loop
      vertex -21.2728 -18.7272 5
      vertex -22.2981 -17.7019 5
      vertex -21.3914 -18.8581 5
    endloop
  endfacet
  facet normal -0 0 1
    outer loop
      vertex -22.5123 -17.9382 5
      vertex -21.3914 -18.8581 5
      vertex -22.2981 -17.7019 5
    endloop
  endfacet
  facet normal 0 0 1
    outer loop
      vertex -21.3914 -18.8581 5
      vertex -22.5123 -17.9382 5
      vertex -21.4966 -19 5
    endloop
  endfacet
  facet normal -0 0 1
    outer loop
      vertex -22.7023 -18.1944 5
      vertex -21.4966 -19 5
      vertex -22.5123 -17.9382 5
    endloop
  endfacet
  facet normal -0 0 1
    outer loop
      vertex -22.8662 -18.468 5
      vertex -21.5875 -19.1515 5
      vertex -22.7023 -18.1944 5
    endloop
  endfacet
  facet normal 0 0 1
    outer loop
      vertex -21.4966 -19 5
      vertex -22.7023 -18.1944 5
      vertex -21.5875 -19.1515 5
    endloop
  endfacet
  facet normal 0 0 1
    outer loop
      vertex -17.1338 -21.532 5
      vertex -18.4125 -20.8485 5
      vertex -17.2977 -21.8056 5
    endloop
  endfacet
  facet normal -0 0 1
    outer loop
      vertex -18.5034 -21 5
      vertex -17.2977 -21.8056 5
      vertex -18.4125 -20.8485 5
    endloop
  endfacet
  facet normal 0 0 1
    outer loop
      vertex -17.2977 -21.8056 5
      vertex -18.5034 -21 5
      vertex -17.4877 -22.0618 5
    endloop
  endfacet
  facet normal -0 0 1
    outer loop
      vertex -18.6086 -21.1419 5
      vertex -17.4877 -22.0618 5
      vertex -18.5034 -21 5
    endloop
  endfacet
  facet normal 0 0 1
    outer loop
      vertex -17.4877 -22.0618 5
      vertex -18.6086 -21.1419 5
      vertex -17.7019 -22.2981 5
    endloop
  endfacet
  facet normal -0 0 1
    outer loop
      vertex -18.7272 -21.2728 5
      vertex -17.7019 -22.2981 5
      vertex -18.6086 -21.1419 5
    endloop
  endfacet
  facet normal 0 0 1
    outer loop
      vertex -17.7019 -22.2981 5
      vertex -18.7272 -21.2728 5
      vertex -17.9382 -22.5123 5
    endloop
  endfacet
  facet normal -0 0 1
    outer loop
      vertex -18.8581 -21.3914 5
      vertex -17.9382 -22.5123 5
      vertex -18.7272 -21.2728 5
    endloop
  endfacet
  facet normal 0 0 1
    outer loop
      vertex -17.9382 -22.5123 5
      vertex -18.8581 -21.3914 5
      vertex -18.1944 -22.7023 5
    endloop
  endfacet
  facet normal -0 0 1
    outer loop
      vertex -19 -21.4966 5
      vertex -18.1944 -22.7023 5
      vertex -18.8581 -21.3914 5
    endloop
  endfacet
  facet normal 0 0 1
    outer loop
      vertex -18.1944 -22.7023 5
      vertex -19 -21.4966 5
      vertex -18.468 -22.8662 5
    endloop
  endfacet
  facet normal -0 0 1
    outer loop
      vertex -19.1515 -21.5875 5
      vertex -18.468 -22.8662 5
      vertex -19 -21.4966 5
    endloop
  endfacet
  facet normal 0 0 1
    outer loop
      vertex -18.468 -22.8662 5
      vertex -19.1515 -21.5875 5
      vertex -18.7563 -23.0026 5
    endloop
  endfacet
  facet normal -0 0 1
    outer loop
      vertex -19.3112 -21.663 5
      vertex -18.7563 -23.0026 5
      vertex -19.1515 -21.5875 5
    endloop
  endfacet
  facet normal 0 0 1
    outer loop
      vertex -18.7563 -23.0026 5
      vertex -19.3112 -21.663 5
      vertex -19.0566 -23.1101 5
    endloop
  endfacet
  facet normal -0 0 1
    outer loop
      vertex -19.4775 -21.7225 5
      vertex -19.0566 -23.1101 5
      vertex -19.3112 -21.663 5
    endloop
  endfacet
  facet normal 0 0 1
    outer loop
      vertex -19.0566 -23.1101 5
      vertex -19.4775 -21.7225 5
      vertex -19.366 -23.1876 5
    endloop
  endfacet
  facet normal -0 0 1
    outer loop
      vertex -19.6488 -21.7654 5
      vertex -19.366 -23.1876 5
      vertex -19.4775 -21.7225 5
    endloop
  endfacet
  facet normal 0 0 1
    outer loop
      vertex -19.6488 -21.7654 5
      vertex -19.6814 -23.2344 5
      vertex -19.366 -23.1876 5
    endloop
  endfacet
  facet normal -0 0 1
    outer loop
      vertex -19.8236 -21.7913 5
      vertex -19.6814 -23.2344 5
      vertex -19.6488 -21.7654 5
    endloop
  endfacet
  facet normal -0 0 1
    outer loop
      vertex -20 -21.8 5
      vertex -19.6814 -23.2344 5
      vertex -19.8236 -21.7913 5
    endloop
  endfacet
  facet normal 0 0 1
    outer loop
      vertex -20 -21.8 5
      vertex -20 -23.25 5
      vertex -19.6814 -23.2344 5
    endloop
  endfacet
  facet normal 0 0 1
    outer loop
      vertex -20.1764 -21.7913 5
      vertex -20 -23.25 5
      vertex -20 -21.8 5
    endloop
  endfacet
  facet normal 0 0 1
    outer loop
      vertex -20.1764 -21.7913 5
      vertex -20.3186 -23.2344 5
      vertex -20 -23.25 5
    endloop
  endfacet
  facet normal 0 0 1
    outer loop
      vertex -20.3512 -21.7654 5
      vertex -20.3186 -23.2344 5
      vertex -20.1764 -21.7913 5
    endloop
  endfacet
  facet normal 0 0 1
    outer loop
      vertex -20.634 -23.1876 5
      vertex -20.3512 -21.7654 5
      vertex -20.5225 -21.7225 5
    endloop
  endfacet
  facet normal 0 0 1
    outer loop
      vertex -20.3512 -21.7654 5
      vertex -20.634 -23.1876 5
      vertex -20.3186 -23.2344 5
    endloop
  endfacet
  facet normal 0 0 1
    outer loop
      vertex -20.9434 -23.1101 5
      vertex -20.5225 -21.7225 5
      vertex -20.6888 -21.663 5
    endloop
  endfacet
  facet normal 0 0 1
    outer loop
      vertex -21.2437 -23.0026 5
      vertex -20.6888 -21.663 5
      vertex -20.8485 -21.5875 5
    endloop
  endfacet
  facet normal 0 0 1
    outer loop
      vertex -20.5225 -21.7225 5
      vertex -20.9434 -23.1101 5
      vertex -20.634 -23.1876 5
    endloop
  endfacet
  facet normal 0 0 1
    outer loop
      vertex -21.532 -22.8662 5
      vertex -20.8485 -21.5875 5
      vertex -21 -21.4966 5
    endloop
  endfacet
  facet normal 0 0 1
    outer loop
      vertex -21.8056 -22.7023 5
      vertex -21 -21.4966 5
      vertex -21.1419 -21.3914 5
    endloop
  endfacet
  facet normal 0 0 1
    outer loop
      vertex -20.6888 -21.663 5
      vertex -21.2437 -23.0026 5
      vertex -20.9434 -23.1101 5
    endloop
  endfacet
  facet normal 0 0 1
    outer loop
      vertex -22.0618 -22.5123 5
      vertex -21.1419 -21.3914 5
      vertex -21.2728 -21.2728 5
    endloop
  endfacet
  facet normal 0 0 1
    outer loop
      vertex -22.2981 -22.2981 5
      vertex -21.2728 -21.2728 5
      vertex -21.3914 -21.1419 5
    endloop
  endfacet
  facet normal 0 0 1
    outer loop
      vertex -22.5123 -22.0618 5
      vertex -21.3914 -21.1419 5
      vertex -21.4966 -21 5
    endloop
  endfacet
  facet normal 0 0 1
    outer loop
      vertex -20.8485 -21.5875 5
      vertex -21.532 -22.8662 5
      vertex -21.2437 -23.0026 5
    endloop
  endfacet
  facet normal 0 0 1
    outer loop
      vertex -22.7023 -21.8056 5
      vertex -21.4966 -21 5
      vertex -21.5875 -20.8485 5
    endloop
  endfacet
  facet normal 0 0 1
    outer loop
      vertex -22.8662 -21.532 5
      vertex -21.5875 -20.8485 5
      vertex -21.663 -20.6888 5
    endloop
  endfacet
  facet normal 0 0 1
    outer loop
      vertex -23.0026 -21.2437 5
      vertex -21.663 -20.6888 5
      vertex -21.7225 -20.5225 5
    endloop
  endfacet
  facet normal 0 0 1
    outer loop
      vertex -23.1101 -20.9434 5
      vertex -21.7225 -20.5225 5
      vertex -21.7654 -20.3512 5
    endloop
  endfacet
  facet normal 0 0 1
    outer loop
      vertex -23.1876 -20.634 5
      vertex -21.7654 -20.3512 5
      vertex -21.7913 -20.1764 5
    endloop
  endfacet
  facet normal 0 0 1
    outer loop
      vertex -21 -21.4966 5
      vertex -21.8056 -22.7023 5
      vertex -21.532 -22.8662 5
    endloop
  endfacet
  facet normal 0 0 1
    outer loop
      vertex -23.2344 -20.3186 5
      vertex -21.7913 -20.1764 5
      vertex -21.8 -20 5
    endloop
  endfacet
  facet normal 0 0 1
    outer loop
      vertex -21.5875 -19.1515 5
      vertex -22.8662 -18.468 5
      vertex -21.663 -19.3112 5
    endloop
  endfacet
  facet normal -0 0 1
    outer loop
      vertex -23.0026 -18.7563 5
      vertex -21.663 -19.3112 5
      vertex -22.8662 -18.468 5
    endloop
  endfacet
  facet normal 0 0 1
    outer loop
      vertex -21.1419 -21.3914 5
      vertex -22.0618 -22.5123 5
      vertex -21.8056 -22.7023 5
    endloop
  endfacet
  facet normal 0 0 1
    outer loop
      vertex -21.663 -19.3112 5
      vertex -23.0026 -18.7563 5
      vertex -21.7225 -19.4775 5
    endloop
  endfacet
  facet normal 0 0 1
    outer loop
      vertex -21.2728 -21.2728 5
      vertex -22.2981 -22.2981 5
      vertex -22.0618 -22.5123 5
    endloop
  endfacet
  facet normal -0 0 1
    outer loop
      vertex -23.1101 -19.0566 5
      vertex -21.7225 -19.4775 5
      vertex -23.0026 -18.7563 5
    endloop
  endfacet
  facet normal 0 0 1
    outer loop
      vertex -21.3914 -21.1419 5
      vertex -22.5123 -22.0618 5
      vertex -22.2981 -22.2981 5
    endloop
  endfacet
  facet normal 0 0 1
    outer loop
      vertex -21.7225 -19.4775 5
      vertex -23.1101 -19.0566 5
      vertex -21.7654 -19.6488 5
    endloop
  endfacet
  facet normal 0 0 1
    outer loop
      vertex -21.4966 -21 5
      vertex -22.7023 -21.8056 5
      vertex -22.5123 -22.0618 5
    endloop
  endfacet
  facet normal -0 0 1
    outer loop
      vertex -23.1876 -19.366 5
      vertex -21.7654 -19.6488 5
      vertex -23.1101 -19.0566 5
    endloop
  endfacet
  facet normal 0 0 1
    outer loop
      vertex -21.5875 -20.8485 5
      vertex -22.8662 -21.532 5
      vertex -22.7023 -21.8056 5
    endloop
  endfacet
  facet normal 0 0 1
    outer loop
      vertex -21.7654 -19.6488 5
      vertex -23.1876 -19.366 5
      vertex -21.7913 -19.8236 5
    endloop
  endfacet
  facet normal 0 0 1
    outer loop
      vertex -21.663 -20.6888 5
      vertex -23.0026 -21.2437 5
      vertex -22.8662 -21.532 5
    endloop
  endfacet
  facet normal -0 0 1
    outer loop
      vertex -23.2344 -19.6814 5
      vertex -21.7913 -19.8236 5
      vertex -23.1876 -19.366 5
    endloop
  endfacet
  facet normal 0 0 1
    outer loop
      vertex -21.7225 -20.5225 5
      vertex -23.1101 -20.9434 5
      vertex -23.0026 -21.2437 5
    endloop
  endfacet
  facet normal 0 0 1
    outer loop
      vertex -21.7913 -19.8236 5
      vertex -23.2344 -19.6814 5
      vertex -21.8 -20 5
    endloop
  endfacet
  facet normal 0 0 1
    outer loop
      vertex -21.7654 -20.3512 5
      vertex -23.1876 -20.634 5
      vertex -23.1101 -20.9434 5
    endloop
  endfacet
  facet normal 0 0 1
    outer loop
      vertex -23.25 -20 5
      vertex -21.8 -20 5
      vertex -23.2344 -19.6814 5
    endloop
  endfacet
  facet normal 0 0 1
    outer loop
      vertex -21.7913 -20.1764 5
      vertex -23.2344 -20.3186 5
      vertex -23.1876 -20.634 5
    endloop
  endfacet
  facet normal 0 0 1
    outer loop
      vertex -21.8 -20 5
      vertex -23.25 -20 5
      vertex -23.2344 -20.3186 5
    endloop
  endfacet
  facet normal -0.9892 -0.146569 0
    outer loop
      vertex -18.2087 20.1764 0
      vertex -18.2346 20.3512 5
      vertex -18.2346 20.3512 0
    endloop
  endfacet
  facet normal -0.9892 -0.146569 0
    outer loop
      vertex -18.2346 20.3512 5
      vertex -18.2087 20.1764 0
      vertex -18.2087 20.1764 5
    endloop
  endfacet
  facet normal -0.998786 -0.0492599 0
    outer loop
      vertex -18.2 20 0
      vertex -18.2087 20.1764 5
      vertex -18.2087 20.1764 0
    endloop
  endfacet
  facet normal -0.998786 -0.0492599 0
    outer loop
      vertex -18.2087 20.1764 5
      vertex -18.2 20 0
      vertex -18.2 20 5
    endloop
  endfacet
  facet normal -0.970042 -0.242935 0
    outer loop
      vertex -18.2346 20.3512 0
      vertex -18.2775 20.5225 5
      vertex -18.2775 20.5225 0
    endloop
  endfacet
  facet normal -0.970042 -0.242935 0
    outer loop
      vertex -18.2775 20.5225 5
      vertex -18.2346 20.3512 0
      vertex -18.2346 20.3512 5
    endloop
  endfacet
  facet normal 0.242935 -0.970042 0
    outer loop
      vertex -20.5225 21.7225 0
      vertex -20.3512 21.7654 5
      vertex -20.5225 21.7225 5
    endloop
  endfacet
  facet normal 0.242935 -0.970042 0
    outer loop
      vertex -20.3512 21.7654 5
      vertex -20.5225 21.7225 0
      vertex -20.3512 21.7654 0
    endloop
  endfacet
  facet normal 0.90406 0.427405 0
    outer loop
      vertex -21.5875 19.1515 5
      vertex -21.663 19.3112 0
      vertex -21.663 19.3112 5
    endloop
  endfacet
  facet normal 0.90406 0.427405 0
    outer loop
      vertex -21.663 19.3112 0
      vertex -21.5875 19.1515 5
      vertex -21.5875 19.1515 0
    endloop
  endfacet
  facet normal 0.242935 0.970042 -0
    outer loop
      vertex -20.3512 18.2346 0
      vertex -20.5225 18.2775 5
      vertex -20.3512 18.2346 5
    endloop
  endfacet
  facet normal 0.242935 0.970042 0
    outer loop
      vertex -20.5225 18.2775 5
      vertex -20.3512 18.2346 0
      vertex -20.5225 18.2775 0
    endloop
  endfacet
  facet normal -0.514496 0.857493 0
    outer loop
      vertex -19 18.5034 0
      vertex -19.1515 18.4125 5
      vertex -19 18.5034 5
    endloop
  endfacet
  facet normal -0.514496 0.857493 0
    outer loop
      vertex -19.1515 18.4125 5
      vertex -19 18.5034 0
      vertex -19.1515 18.4125 0
    endloop
  endfacet
  facet normal 0.336874 0.94155 -0
    outer loop
      vertex -20.5225 18.2775 0
      vertex -20.6888 18.337 5
      vertex -20.5225 18.2775 5
    endloop
  endfacet
  facet normal 0.336874 0.94155 0
    outer loop
      vertex -20.6888 18.337 5
      vertex -20.5225 18.2775 0
      vertex -20.6888 18.337 0
    endloop
  endfacet
  facet normal -0.336874 0.94155 0
    outer loop
      vertex -19.3112 18.337 0
      vertex -19.4775 18.2775 5
      vertex -19.3112 18.337 5
    endloop
  endfacet
  facet normal -0.336874 0.94155 0
    outer loop
      vertex -19.4775 18.2775 5
      vertex -19.3112 18.337 0
      vertex -19.4775 18.2775 0
    endloop
  endfacet
  facet normal 0.671432 -0.741066 0
    outer loop
      vertex -21.2728 21.2728 0
      vertex -21.1419 21.3914 5
      vertex -21.2728 21.2728 5
    endloop
  endfacet
  facet normal 0.671432 -0.741066 0
    outer loop
      vertex -21.1419 21.3914 5
      vertex -21.2728 21.2728 0
      vertex -21.1419 21.3914 0
    endloop
  endfacet
  facet normal -0.242935 0.970042 0
    outer loop
      vertex -19.4775 18.2775 0
      vertex -19.6488 18.2346 5
      vertex -19.4775 18.2775 5
    endloop
  endfacet
  facet normal -0.242935 0.970042 0
    outer loop
      vertex -19.6488 18.2346 5
      vertex -19.4775 18.2775 0
      vertex -19.6488 18.2346 0
    endloop
  endfacet
  facet normal 0.857493 -0.514496 0
    outer loop
      vertex -21.5875 20.8485 5
      vertex -21.4966 21 0
      vertex -21.4966 21 5
    endloop
  endfacet
  facet normal 0.857493 -0.514496 0
    outer loop
      vertex -21.4966 21 0
      vertex -21.5875 20.8485 5
      vertex -21.5875 20.8485 0
    endloop
  endfacet
  facet normal 0.9892 -0.146569 0
    outer loop
      vertex -21.7913 20.1764 5
      vertex -21.7654 20.3512 0
      vertex -21.7654 20.3512 5
    endloop
  endfacet
  facet normal 0.9892 -0.146569 0
    outer loop
      vertex -21.7654 20.3512 0
      vertex -21.7913 20.1764 5
      vertex -21.7913 20.1764 0
    endloop
  endfacet
  facet normal -0.90406 -0.427405 0
    outer loop
      vertex -18.337 20.6888 0
      vertex -18.4125 20.8485 5
      vertex -18.4125 20.8485 0
    endloop
  endfacet
  facet normal -0.90406 -0.427405 0
    outer loop
      vertex -18.4125 20.8485 5
      vertex -18.337 20.6888 0
      vertex -18.337 20.6888 5
    endloop
  endfacet
  facet normal -0.803316 0.595552 0
    outer loop
      vertex -18.6086 18.8581 0
      vertex -18.5034 19 5
      vertex -18.5034 19 0
    endloop
  endfacet
  facet normal -0.803316 0.595552 0
    outer loop
      vertex -18.5034 19 5
      vertex -18.6086 18.8581 0
      vertex -18.6086 18.8581 5
    endloop
  endfacet
  facet normal 0.595552 -0.803316 0
    outer loop
      vertex -21.1419 21.3914 0
      vertex -21 21.4966 5
      vertex -21.1419 21.3914 5
    endloop
  endfacet
  facet normal 0.595552 -0.803316 0
    outer loop
      vertex -21 21.4966 5
      vertex -21.1419 21.3914 0
      vertex -21 21.4966 0
    endloop
  endfacet
  facet normal -0.595552 -0.803316 0
    outer loop
      vertex -19 21.4966 0
      vertex -18.8581 21.3914 5
      vertex -19 21.4966 5
    endloop
  endfacet
  facet normal -0.595552 -0.803316 -0
    outer loop
      vertex -18.8581 21.3914 5
      vertex -19 21.4966 0
      vertex -18.8581 21.3914 0
    endloop
  endfacet
  facet normal -0.146569 -0.9892 0
    outer loop
      vertex -19.8236 21.7913 0
      vertex -19.6488 21.7654 5
      vertex -19.8236 21.7913 5
    endloop
  endfacet
  facet normal -0.146569 -0.9892 -0
    outer loop
      vertex -19.6488 21.7654 5
      vertex -19.8236 21.7913 0
      vertex -19.6488 21.7654 0
    endloop
  endfacet
  facet normal -0.803316 -0.595552 0
    outer loop
      vertex -18.5034 21 0
      vertex -18.6086 21.1419 5
      vertex -18.6086 21.1419 0
    endloop
  endfacet
  facet normal -0.803316 -0.595552 0
    outer loop
      vertex -18.6086 21.1419 5
      vertex -18.5034 21 0
      vertex -18.5034 21 5
    endloop
  endfacet
  facet normal 0.514496 -0.857493 0
    outer loop
      vertex -21 21.4966 0
      vertex -20.8485 21.5875 5
      vertex -21 21.4966 5
    endloop
  endfacet
  facet normal 0.514496 -0.857493 0
    outer loop
      vertex -20.8485 21.5875 5
      vertex -21 21.4966 0
      vertex -20.8485 21.5875 0
    endloop
  endfacet
  facet normal -0.514496 -0.857493 0
    outer loop
      vertex -19.1515 21.5875 0
      vertex -19 21.4966 5
      vertex -19.1515 21.5875 5
    endloop
  endfacet
  facet normal -0.514496 -0.857493 -0
    outer loop
      vertex -19 21.4966 5
      vertex -19.1515 21.5875 0
      vertex -19 21.4966 0
    endloop
  endfacet
  facet normal -0.671432 -0.741066 0
    outer loop
      vertex -18.8581 21.3914 0
      vertex -18.7272 21.2728 5
      vertex -18.8581 21.3914 5
    endloop
  endfacet
  facet normal -0.671432 -0.741066 -0
    outer loop
      vertex -18.7272 21.2728 5
      vertex -18.8581 21.3914 0
      vertex -18.7272 21.2728 0
    endloop
  endfacet
  facet normal 0.94155 0.336874 0
    outer loop
      vertex -21.663 19.3112 5
      vertex -21.7225 19.4775 0
      vertex -21.7225 19.4775 5
    endloop
  endfacet
  facet normal 0.94155 0.336874 0
    outer loop
      vertex -21.7225 19.4775 0
      vertex -21.663 19.3112 5
      vertex -21.663 19.3112 0
    endloop
  endfacet
  facet normal -0.998786 0.0492599 0
    outer loop
      vertex -18.2087 19.8236 0
      vertex -18.2 20 5
      vertex -18.2 20 0
    endloop
  endfacet
  facet normal -0.998786 0.0492599 0
    outer loop
      vertex -18.2 20 5
      vertex -18.2087 19.8236 0
      vertex -18.2087 19.8236 5
    endloop
  endfacet
  facet normal 0.427405 -0.90406 0
    outer loop
      vertex -20.8485 21.5875 0
      vertex -20.6888 21.663 5
      vertex -20.8485 21.5875 5
    endloop
  endfacet
  facet normal 0.427405 -0.90406 0
    outer loop
      vertex -20.6888 21.663 5
      vertex -20.8485 21.5875 0
      vertex -20.6888 21.663 0
    endloop
  endfacet
  facet normal -0.90406 0.427405 0
    outer loop
      vertex -18.4125 19.1515 0
      vertex -18.337 19.3112 5
      vertex -18.337 19.3112 0
    endloop
  endfacet
  facet normal -0.90406 0.427405 0
    outer loop
      vertex -18.337 19.3112 5
      vertex -18.4125 19.1515 0
      vertex -18.4125 19.1515 5
    endloop
  endfacet
  facet normal 0.595552 0.803316 -0
    outer loop
      vertex -21 18.5034 0
      vertex -21.1419 18.6086 5
      vertex -21 18.5034 5
    endloop
  endfacet
  facet normal 0.595552 0.803316 0
    outer loop
      vertex -21.1419 18.6086 5
      vertex -21 18.5034 0
      vertex -21.1419 18.6086 0
    endloop
  endfacet
  facet normal 0.803316 -0.595552 0
    outer loop
      vertex -21.4966 21 5
      vertex -21.3914 21.1419 0
      vertex -21.3914 21.1419 5
    endloop
  endfacet
  facet normal 0.803316 -0.595552 0
    outer loop
      vertex -21.3914 21.1419 0
      vertex -21.4966 21 5
      vertex -21.4966 21 0
    endloop
  endfacet
  facet normal 0.94155 -0.336874 0
    outer loop
      vertex -21.7225 20.5225 5
      vertex -21.663 20.6888 0
      vertex -21.663 20.6888 5
    endloop
  endfacet
  facet normal 0.94155 -0.336874 0
    outer loop
      vertex -21.663 20.6888 0
      vertex -21.7225 20.5225 5
      vertex -21.7225 20.5225 0
    endloop
  endfacet
  facet normal -0.94155 -0.336874 0
    outer loop
      vertex -18.2775 20.5225 0
      vertex -18.337 20.6888 5
      vertex -18.337 20.6888 0
    endloop
  endfacet
  facet normal -0.94155 -0.336874 0
    outer loop
      vertex -18.337 20.6888 5
      vertex -18.2775 20.5225 0
      vertex -18.2775 20.5225 5
    endloop
  endfacet
  facet normal 0.671432 0.741066 -0
    outer loop
      vertex -21.1419 18.6086 0
      vertex -21.2728 18.7272 5
      vertex -21.1419 18.6086 5
    endloop
  endfacet
  facet normal 0.671432 0.741066 0
    outer loop
      vertex -21.2728 18.7272 5
      vertex -21.1419 18.6086 0
      vertex -21.2728 18.7272 0
    endloop
  endfacet
  facet normal -0.970042 0.242935 0
    outer loop
      vertex -18.2775 19.4775 0
      vertex -18.2346 19.6488 5
      vertex -18.2346 19.6488 0
    endloop
  endfacet
  facet normal -0.970042 0.242935 0
    outer loop
      vertex -18.2346 19.6488 5
      vertex -18.2775 19.4775 0
      vertex -18.2775 19.4775 5
    endloop
  endfacet
  facet normal -0.9892 0.146569 0
    outer loop
      vertex -18.2346 19.6488 0
      vertex -18.2087 19.8236 5
      vertex -18.2087 19.8236 0
    endloop
  endfacet
  facet normal -0.9892 0.146569 0
    outer loop
      vertex -18.2087 19.8236 5
      vertex -18.2346 19.6488 0
      vertex -18.2346 19.6488 5
    endloop
  endfacet
  facet normal 0.514496 0.857493 -0
    outer loop
      vertex -20.8485 18.4125 0
      vertex -21 18.5034 5
      vertex -20.8485 18.4125 5
    endloop
  endfacet
  facet normal 0.514496 0.857493 0
    outer loop
      vertex -21 18.5034 5
      vertex -20.8485 18.4125 0
      vertex -21 18.5034 0
    endloop
  endfacet
  facet normal -0.336874 -0.94155 0
    outer loop
      vertex -19.4775 21.7225 0
      vertex -19.3112 21.663 5
      vertex -19.4775 21.7225 5
    endloop
  endfacet
  facet normal -0.336874 -0.94155 -0
    outer loop
      vertex -19.3112 21.663 5
      vertex -19.4775 21.7225 0
      vertex -19.3112 21.663 0
    endloop
  endfacet
  facet normal 0.336874 -0.94155 0
    outer loop
      vertex -20.6888 21.663 0
      vertex -20.5225 21.7225 5
      vertex -20.6888 21.663 5
    endloop
  endfacet
  facet normal 0.336874 -0.94155 0
    outer loop
      vertex -20.5225 21.7225 5
      vertex -20.6888 21.663 0
      vertex -20.5225 21.7225 0
    endloop
  endfacet
  facet normal -0.146569 0.9892 0
    outer loop
      vertex -19.6488 18.2346 0
      vertex -19.8236 18.2087 5
      vertex -19.6488 18.2346 5
    endloop
  endfacet
  facet normal -0.146569 0.9892 0
    outer loop
      vertex -19.8236 18.2087 5
      vertex -19.6488 18.2346 0
      vertex -19.8236 18.2087 0
    endloop
  endfacet
  facet normal -0.857493 0.514496 0
    outer loop
      vertex -18.5034 19 0
      vertex -18.4125 19.1515 5
      vertex -18.4125 19.1515 0
    endloop
  endfacet
  facet normal -0.857493 0.514496 0
    outer loop
      vertex -18.4125 19.1515 5
      vertex -18.5034 19 0
      vertex -18.5034 19 5
    endloop
  endfacet
  facet normal 0.0492599 -0.998786 0
    outer loop
      vertex -20.1764 21.7913 0
      vertex -20 21.8 5
      vertex -20.1764 21.7913 5
    endloop
  endfacet
  facet normal 0.0492599 -0.998786 0
    outer loop
      vertex -20 21.8 5
      vertex -20.1764 21.7913 0
      vertex -20 21.8 0
    endloop
  endfacet
  facet normal 0.998786 0.0492599 0
    outer loop
      vertex -21.7913 19.8236 5
      vertex -21.8 20 0
      vertex -21.8 20 5
    endloop
  endfacet
  facet normal 0.998786 0.0492599 0
    outer loop
      vertex -21.8 20 0
      vertex -21.7913 19.8236 5
      vertex -21.7913 19.8236 0
    endloop
  endfacet
  facet normal -0.94155 0.336874 0
    outer loop
      vertex -18.337 19.3112 0
      vertex -18.2775 19.4775 5
      vertex -18.2775 19.4775 0
    endloop
  endfacet
  facet normal -0.94155 0.336874 0
    outer loop
      vertex -18.2775 19.4775 5
      vertex -18.337 19.3112 0
      vertex -18.337 19.3112 5
    endloop
  endfacet
  facet normal -0.427405 -0.90406 0
    outer loop
      vertex -19.3112 21.663 0
      vertex -19.1515 21.5875 5
      vertex -19.3112 21.663 5
    endloop
  endfacet
  facet normal -0.427405 -0.90406 -0
    outer loop
      vertex -19.1515 21.5875 5
      vertex -19.3112 21.663 0
      vertex -19.1515 21.5875 0
    endloop
  endfacet
  facet normal -0.741066 -0.671432 0
    outer loop
      vertex -18.6086 21.1419 0
      vertex -18.7272 21.2728 5
      vertex -18.7272 21.2728 0
    endloop
  endfacet
  facet normal -0.741066 -0.671432 0
    outer loop
      vertex -18.7272 21.2728 5
      vertex -18.6086 21.1419 0
      vertex -18.6086 21.1419 5
    endloop
  endfacet
  facet normal -0.0492599 -0.998786 0
    outer loop
      vertex -20 21.8 0
      vertex -19.8236 21.7913 5
      vertex -20 21.8 5
    endloop
  endfacet
  facet normal -0.0492599 -0.998786 -0
    outer loop
      vertex -19.8236 21.7913 5
      vertex -20 21.8 0
      vertex -19.8236 21.7913 0
    endloop
  endfacet
  facet normal 0.857493 0.514496 0
    outer loop
      vertex -21.4966 19 5
      vertex -21.5875 19.1515 0
      vertex -21.5875 19.1515 5
    endloop
  endfacet
  facet normal 0.857493 0.514496 0
    outer loop
      vertex -21.5875 19.1515 0
      vertex -21.4966 19 5
      vertex -21.4966 19 0
    endloop
  endfacet
  facet normal -0.857493 -0.514496 0
    outer loop
      vertex -18.4125 20.8485 0
      vertex -18.5034 21 5
      vertex -18.5034 21 0
    endloop
  endfacet
  facet normal -0.857493 -0.514496 0
    outer loop
      vertex -18.5034 21 5
      vertex -18.4125 20.8485 0
      vertex -18.4125 20.8485 5
    endloop
  endfacet
  facet normal 0.146569 0.9892 -0
    outer loop
      vertex -20.1764 18.2087 0
      vertex -20.3512 18.2346 5
      vertex -20.1764 18.2087 5
    endloop
  endfacet
  facet normal 0.146569 0.9892 0
    outer loop
      vertex -20.3512 18.2346 5
      vertex -20.1764 18.2087 0
      vertex -20.3512 18.2346 0
    endloop
  endfacet
  facet normal -0.671432 0.741066 0
    outer loop
      vertex -18.7272 18.7272 0
      vertex -18.8581 18.6086 5
      vertex -18.7272 18.7272 5
    endloop
  endfacet
  facet normal -0.671432 0.741066 0
    outer loop
      vertex -18.8581 18.6086 5
      vertex -18.7272 18.7272 0
      vertex -18.8581 18.6086 0
    endloop
  endfacet
  facet normal 0.0492599 0.998786 -0
    outer loop
      vertex -20 18.2 0
      vertex -20.1764 18.2087 5
      vertex -20 18.2 5
    endloop
  endfacet
  facet normal 0.0492599 0.998786 0
    outer loop
      vertex -20.1764 18.2087 5
      vertex -20 18.2 0
      vertex -20.1764 18.2087 0
    endloop
  endfacet
  facet normal 0.741066 -0.671432 0
    outer loop
      vertex -21.3914 21.1419 5
      vertex -21.2728 21.2728 0
      vertex -21.2728 21.2728 5
    endloop
  endfacet
  facet normal 0.741066 -0.671432 0
    outer loop
      vertex -21.2728 21.2728 0
      vertex -21.3914 21.1419 5
      vertex -21.3914 21.1419 0
    endloop
  endfacet
  facet normal 0.146569 -0.9892 0
    outer loop
      vertex -20.3512 21.7654 0
      vertex -20.1764 21.7913 5
      vertex -20.3512 21.7654 5
    endloop
  endfacet
  facet normal 0.146569 -0.9892 0
    outer loop
      vertex -20.1764 21.7913 5
      vertex -20.3512 21.7654 0
      vertex -20.1764 21.7913 0
    endloop
  endfacet
  facet normal 0.90406 -0.427405 0
    outer loop
      vertex -21.663 20.6888 5
      vertex -21.5875 20.8485 0
      vertex -21.5875 20.8485 5
    endloop
  endfacet
  facet normal 0.90406 -0.427405 0
    outer loop
      vertex -21.5875 20.8485 0
      vertex -21.663 20.6888 5
      vertex -21.663 20.6888 0
    endloop
  endfacet
  facet normal 0.970042 -0.242935 0
    outer loop
      vertex -21.7654 20.3512 5
      vertex -21.7225 20.5225 0
      vertex -21.7225 20.5225 5
    endloop
  endfacet
  facet normal 0.970042 -0.242935 0
    outer loop
      vertex -21.7225 20.5225 0
      vertex -21.7654 20.3512 5
      vertex -21.7654 20.3512 0
    endloop
  endfacet
  facet normal -0.242935 -0.970042 0
    outer loop
      vertex -19.6488 21.7654 0
      vertex -19.4775 21.7225 5
      vertex -19.6488 21.7654 5
    endloop
  endfacet
  facet normal -0.242935 -0.970042 -0
    outer loop
      vertex -19.4775 21.7225 5
      vertex -19.6488 21.7654 0
      vertex -19.4775 21.7225 0
    endloop
  endfacet
  facet normal 0.970042 0.242935 0
    outer loop
      vertex -21.7225 19.4775 5
      vertex -21.7654 19.6488 0
      vertex -21.7654 19.6488 5
    endloop
  endfacet
  facet normal 0.970042 0.242935 0
    outer loop
      vertex -21.7654 19.6488 0
      vertex -21.7225 19.4775 5
      vertex -21.7225 19.4775 0
    endloop
  endfacet
  facet normal 0.427405 0.90406 -0
    outer loop
      vertex -20.6888 18.337 0
      vertex -20.8485 18.4125 5
      vertex -20.6888 18.337 5
    endloop
  endfacet
  facet normal 0.427405 0.90406 0
    outer loop
      vertex -20.8485 18.4125 5
      vertex -20.6888 18.337 0
      vertex -20.8485 18.4125 0
    endloop
  endfacet
  facet normal 0.741066 0.671432 0
    outer loop
      vertex -21.2728 18.7272 5
      vertex -21.3914 18.8581 0
      vertex -21.3914 18.8581 5
    endloop
  endfacet
  facet normal 0.741066 0.671432 0
    outer loop
      vertex -21.3914 18.8581 0
      vertex -21.2728 18.7272 5
      vertex -21.2728 18.7272 0
    endloop
  endfacet
  facet normal -0.427405 0.90406 0
    outer loop
      vertex -19.1515 18.4125 0
      vertex -19.3112 18.337 5
      vertex -19.1515 18.4125 5
    endloop
  endfacet
  facet normal -0.427405 0.90406 0
    outer loop
      vertex -19.3112 18.337 5
      vertex -19.1515 18.4125 0
      vertex -19.3112 18.337 0
    endloop
  endfacet
  facet normal -0.0492599 0.998786 0
    outer loop
      vertex -19.8236 18.2087 0
      vertex -20 18.2 5
      vertex -19.8236 18.2087 5
    endloop
  endfacet
  facet normal -0.0492599 0.998786 0
    outer loop
      vertex -20 18.2 5
      vertex -19.8236 18.2087 0
      vertex -20 18.2 0
    endloop
  endfacet
  facet normal 0.9892 0.146569 0
    outer loop
      vertex -21.7654 19.6488 5
      vertex -21.7913 19.8236 0
      vertex -21.7913 19.8236 5
    endloop
  endfacet
  facet normal 0.9892 0.146569 0
    outer loop
      vertex -21.7913 19.8236 0
      vertex -21.7654 19.6488 5
      vertex -21.7654 19.6488 0
    endloop
  endfacet
  facet normal -0.595552 0.803316 0
    outer loop
      vertex -18.8581 18.6086 0
      vertex -19 18.5034 5
      vertex -18.8581 18.6086 5
    endloop
  endfacet
  facet normal -0.595552 0.803316 0
    outer loop
      vertex -19 18.5034 5
      vertex -18.8581 18.6086 0
      vertex -19 18.5034 0
    endloop
  endfacet
  facet normal 0.803316 0.595552 0
    outer loop
      vertex -21.3914 18.8581 5
      vertex -21.4966 19 0
      vertex -21.4966 19 5
    endloop
  endfacet
  facet normal 0.803316 0.595552 0
    outer loop
      vertex -21.4966 19 0
      vertex -21.3914 18.8581 5
      vertex -21.3914 18.8581 0
    endloop
  endfacet
  facet normal 0.998786 -0.0492599 0
    outer loop
      vertex -21.8 20 5
      vertex -21.7913 20.1764 0
      vertex -21.7913 20.1764 5
    endloop
  endfacet
  facet normal 0.998786 -0.0492599 0
    outer loop
      vertex -21.7913 20.1764 0
      vertex -21.8 20 5
      vertex -21.8 20 0
    endloop
  endfacet
  facet normal -0.741066 0.671432 0
    outer loop
      vertex -18.7272 18.7272 0
      vertex -18.6086 18.8581 5
      vertex -18.6086 18.8581 0
    endloop
  endfacet
  facet normal -0.741066 0.671432 0
    outer loop
      vertex -18.6086 18.8581 5
      vertex -18.7272 18.7272 0
      vertex -18.7272 18.7272 5
    endloop
  endfacet
  facet normal -0.857852 0.513896 0
    outer loop
      vertex -17.2977 18.1944 5
      vertex -17.1338 18.468 8
      vertex -17.1338 18.468 5
    endloop
  endfacet
  facet normal -0.857852 0.513896 0
    outer loop
      vertex -17.1338 18.468 8
      vertex -17.2977 18.1944 5
      vertex -17.2977 18.1944 8
    endloop
  endfacet
  facet normal -0.98917 -0.146776 0
    outer loop
      vertex -16.7656 20.3186 5
      vertex -16.8124 20.634 8
      vertex -16.8124 20.634 5
    endloop
  endfacet
  facet normal -0.98917 -0.146776 0
    outer loop
      vertex -16.8124 20.634 8
      vertex -16.7656 20.3186 5
      vertex -16.7656 20.3186 8
    endloop
  endfacet
  facet normal -0.998803 -0.0489056 0
    outer loop
      vertex -16.75 20 5
      vertex -16.7656 20.3186 8
      vertex -16.7656 20.3186 5
    endloop
  endfacet
  facet normal -0.998803 -0.0489056 0
    outer loop
      vertex -16.7656 20.3186 8
      vertex -16.75 20 5
      vertex -16.75 20 8
    endloop
  endfacet
  facet normal -0.970032 -0.242978 0
    outer loop
      vertex -16.8124 20.634 5
      vertex -16.8899 20.9434 8
      vertex -16.8899 20.9434 5
    endloop
  endfacet
  facet normal -0.970032 -0.242978 0
    outer loop
      vertex -16.8899 20.9434 8
      vertex -16.8124 20.634 5
      vertex -16.8124 20.634 8
    endloop
  endfacet
  facet normal -0.146776 -0.98917 0
    outer loop
      vertex -19.6814 23.2344 5
      vertex -19.366 23.1876 8
      vertex -19.6814 23.2344 8
    endloop
  endfacet
  facet normal -0.146776 -0.98917 -0
    outer loop
      vertex -19.366 23.1876 8
      vertex -19.6814 23.2344 5
      vertex -19.366 23.1876 5
    endloop
  endfacet
  facet normal 0.970032 0.242978 0
    outer loop
      vertex -23.1101 19.0566 8
      vertex -23.1876 19.366 5
      vertex -23.1876 19.366 8
    endloop
  endfacet
  facet normal 0.970032 0.242978 0
    outer loop
      vertex -23.1876 19.366 5
      vertex -23.1101 19.0566 8
      vertex -23.1101 19.0566 5
    endloop
  endfacet
  facet normal -0.941493 0.337031 0
    outer loop
      vertex -16.9974 18.7563 5
      vertex -16.8899 19.0566 8
      vertex -16.8899 19.0566 5
    endloop
  endfacet
  facet normal -0.941493 0.337031 0
    outer loop
      vertex -16.8899 19.0566 8
      vertex -16.9974 18.7563 5
      vertex -16.9974 18.7563 8
    endloop
  endfacet
  facet normal 0.513896 -0.857852 0
    outer loop
      vertex -21.8056 22.7023 5
      vertex -21.532 22.8662 8
      vertex -21.8056 22.7023 8
    endloop
  endfacet
  facet normal 0.513896 -0.857852 0
    outer loop
      vertex -21.532 22.8662 8
      vertex -21.8056 22.7023 5
      vertex -21.532 22.8662 5
    endloop
  endfacet
  facet normal -0.337031 0.941493 0
    outer loop
      vertex -18.7563 16.9974 5
      vertex -19.0566 16.8899 8
      vertex -18.7563 16.9974 8
    endloop
  endfacet
  facet normal -0.337031 0.941493 0
    outer loop
      vertex -19.0566 16.8899 8
      vertex -18.7563 16.9974 5
      vertex -19.0566 16.8899 5
    endloop
  endfacet
  facet normal -0.941493 -0.337031 0
    outer loop
      vertex -16.8899 20.9434 5
      vertex -16.9974 21.2437 8
      vertex -16.9974 21.2437 5
    endloop
  endfacet
  facet normal -0.941493 -0.337031 0
    outer loop
      vertex -16.9974 21.2437 8
      vertex -16.8899 20.9434 5
      vertex -16.8899 20.9434 8
    endloop
  endfacet
  facet normal 0.740904 -0.671611 0
    outer loop
      vertex -22.5123 22.0618 8
      vertex -22.2981 22.2981 5
      vertex -22.2981 22.2981 8
    endloop
  endfacet
  facet normal 0.740904 -0.671611 0
    outer loop
      vertex -22.2981 22.2981 5
      vertex -22.5123 22.0618 8
      vertex -22.5123 22.0618 5
    endloop
  endfacet
  facet normal 0.671611 0.740904 -0
    outer loop
      vertex -22.0618 17.4877 5
      vertex -22.2981 17.7019 8
      vertex -22.0618 17.4877 8
    endloop
  endfacet
  facet normal 0.671611 0.740904 0
    outer loop
      vertex -22.2981 17.7019 8
      vertex -22.0618 17.4877 5
      vertex -22.2981 17.7019 5
    endloop
  endfacet
  facet normal -0.740904 0.671611 0
    outer loop
      vertex -17.7019 17.7019 5
      vertex -17.4877 17.9382 8
      vertex -17.4877 17.9382 5
    endloop
  endfacet
  facet normal -0.740904 0.671611 0
    outer loop
      vertex -17.4877 17.9382 8
      vertex -17.7019 17.7019 5
      vertex -17.7019 17.7019 8
    endloop
  endfacet
  facet normal 0.242978 0.970032 -0
    outer loop
      vertex -20.634 16.8124 5
      vertex -20.9434 16.8899 8
      vertex -20.634 16.8124 8
    endloop
  endfacet
  facet normal 0.242978 0.970032 0
    outer loop
      vertex -20.9434 16.8899 8
      vertex -20.634 16.8124 5
      vertex -20.9434 16.8899 5
    endloop
  endfacet
  facet normal -0.998803 0.0489056 0
    outer loop
      vertex -16.7656 19.6814 5
      vertex -16.75 20 8
      vertex -16.75 20 5
    endloop
  endfacet
  facet normal -0.998803 0.0489056 0
    outer loop
      vertex -16.75 20 8
      vertex -16.7656 19.6814 5
      vertex -16.7656 19.6814 8
    endloop
  endfacet
  facet normal -0.146776 0.98917 0
    outer loop
      vertex -19.366 16.8124 5
      vertex -19.6814 16.7656 8
      vertex -19.366 16.8124 8
    endloop
  endfacet
  facet normal -0.146776 0.98917 0
    outer loop
      vertex -19.6814 16.7656 8
      vertex -19.366 16.8124 5
      vertex -19.6814 16.7656 5
    endloop
  endfacet
  facet normal -0.595677 0.803224 0
    outer loop
      vertex -17.9382 17.4877 5
      vertex -18.1944 17.2977 8
      vertex -17.9382 17.4877 8
    endloop
  endfacet
  facet normal -0.595677 0.803224 0
    outer loop
      vertex -18.1944 17.2977 8
      vertex -17.9382 17.4877 5
      vertex -18.1944 17.2977 5
    endloop
  endfacet
  facet normal -0.595677 -0.803224 0
    outer loop
      vertex -18.1944 22.7023 5
      vertex -17.9382 22.5123 8
      vertex -18.1944 22.7023 8
    endloop
  endfacet
  facet normal -0.595677 -0.803224 -0
    outer loop
      vertex -17.9382 22.5123 8
      vertex -18.1944 22.7023 5
      vertex -17.9382 22.5123 5
    endloop
  endfacet
  facet normal -0.337031 -0.941493 0
    outer loop
      vertex -19.0566 23.1101 5
      vertex -18.7563 23.0026 8
      vertex -19.0566 23.1101 8
    endloop
  endfacet
  facet normal -0.337031 -0.941493 -0
    outer loop
      vertex -18.7563 23.0026 8
      vertex -19.0566 23.1101 5
      vertex -18.7563 23.0026 5
    endloop
  endfacet
  facet normal 0.595677 0.803224 -0
    outer loop
      vertex -21.8056 17.2977 5
      vertex -22.0618 17.4877 8
      vertex -21.8056 17.2977 8
    endloop
  endfacet
  facet normal 0.595677 0.803224 0
    outer loop
      vertex -22.0618 17.4877 8
      vertex -21.8056 17.2977 5
      vertex -22.0618 17.4877 5
    endloop
  endfacet
  facet normal 0.941493 0.337031 0
    outer loop
      vertex -23.0026 18.7563 8
      vertex -23.1101 19.0566 5
      vertex -23.1101 19.0566 8
    endloop
  endfacet
  facet normal 0.941493 0.337031 0
    outer loop
      vertex -23.1101 19.0566 5
      vertex -23.0026 18.7563 8
      vertex -23.0026 18.7563 5
    endloop
  endfacet
  facet normal -0.98917 0.146776 0
    outer loop
      vertex -16.8124 19.366 5
      vertex -16.7656 19.6814 8
      vertex -16.7656 19.6814 5
    endloop
  endfacet
  facet normal -0.98917 0.146776 0
    outer loop
      vertex -16.7656 19.6814 8
      vertex -16.8124 19.366 5
      vertex -16.8124 19.366 8
    endloop
  endfacet
  facet normal -0.803224 -0.595677 0
    outer loop
      vertex -17.2977 21.8056 5
      vertex -17.4877 22.0618 8
      vertex -17.4877 22.0618 5
    endloop
  endfacet
  facet normal -0.803224 -0.595677 0
    outer loop
      vertex -17.4877 22.0618 8
      vertex -17.2977 21.8056 5
      vertex -17.2977 21.8056 8
    endloop
  endfacet
  facet normal -0.0489056 -0.998803 0
    outer loop
      vertex -20 23.25 5
      vertex -19.6814 23.2344 8
      vertex -20 23.25 8
    endloop
  endfacet
  facet normal -0.0489056 -0.998803 -0
    outer loop
      vertex -19.6814 23.2344 8
      vertex -20 23.25 5
      vertex -19.6814 23.2344 5
    endloop
  endfacet
  facet normal -0.970032 0.242978 0
    outer loop
      vertex -16.8899 19.0566 5
      vertex -16.8124 19.366 8
      vertex -16.8124 19.366 5
    endloop
  endfacet
  facet normal -0.970032 0.242978 0
    outer loop
      vertex -16.8124 19.366 8
      vertex -16.8899 19.0566 5
      vertex -16.8899 19.0566 8
    endloop
  endfacet
  facet normal -0.427668 0.903936 0
    outer loop
      vertex -18.468 17.1338 5
      vertex -18.7563 16.9974 8
      vertex -18.468 17.1338 8
    endloop
  endfacet
  facet normal -0.427668 0.903936 0
    outer loop
      vertex -18.7563 16.9974 8
      vertex -18.468 17.1338 5
      vertex -18.7563 16.9974 5
    endloop
  endfacet
  facet normal 0.98917 -0.146776 0
    outer loop
      vertex -23.2344 20.3186 8
      vertex -23.1876 20.634 5
      vertex -23.1876 20.634 8
    endloop
  endfacet
  facet normal 0.98917 -0.146776 0
    outer loop
      vertex -23.1876 20.634 5
      vertex -23.2344 20.3186 8
      vertex -23.2344 20.3186 5
    endloop
  endfacet
  facet normal 0.595677 -0.803224 0
    outer loop
      vertex -22.0618 22.5123 5
      vertex -21.8056 22.7023 8
      vertex -22.0618 22.5123 8
    endloop
  endfacet
  facet normal 0.595677 -0.803224 0
    outer loop
      vertex -21.8056 22.7023 8
      vertex -22.0618 22.5123 5
      vertex -21.8056 22.7023 5
    endloop
  endfacet
  facet normal 0.857852 -0.513896 0
    outer loop
      vertex -22.8662 21.532 8
      vertex -22.7023 21.8056 5
      vertex -22.7023 21.8056 8
    endloop
  endfacet
  facet normal 0.857852 -0.513896 0
    outer loop
      vertex -22.7023 21.8056 5
      vertex -22.8662 21.532 8
      vertex -22.8662 21.532 5
    endloop
  endfacet
  facet normal -0.513896 -0.857852 0
    outer loop
      vertex -18.468 22.8662 5
      vertex -18.1944 22.7023 8
      vertex -18.468 22.8662 8
    endloop
  endfacet
  facet normal -0.513896 -0.857852 -0
    outer loop
      vertex -18.1944 22.7023 8
      vertex -18.468 22.8662 5
      vertex -18.1944 22.7023 5
    endloop
  endfacet
  facet normal 0.337031 -0.941493 0
    outer loop
      vertex -21.2437 23.0026 5
      vertex -20.9434 23.1101 8
      vertex -21.2437 23.0026 8
    endloop
  endfacet
  facet normal 0.337031 -0.941493 0
    outer loop
      vertex -20.9434 23.1101 8
      vertex -21.2437 23.0026 5
      vertex -20.9434 23.1101 5
    endloop
  endfacet
  facet normal 0.513896 0.857852 -0
    outer loop
      vertex -21.532 17.1338 5
      vertex -21.8056 17.2977 8
      vertex -21.532 17.1338 8
    endloop
  endfacet
  facet normal 0.513896 0.857852 0
    outer loop
      vertex -21.8056 17.2977 8
      vertex -21.532 17.1338 5
      vertex -21.8056 17.2977 5
    endloop
  endfacet
  facet normal 0.337031 0.941493 -0
    outer loop
      vertex -20.9434 16.8899 5
      vertex -21.2437 16.9974 8
      vertex -20.9434 16.8899 8
    endloop
  endfacet
  facet normal 0.337031 0.941493 0
    outer loop
      vertex -21.2437 16.9974 8
      vertex -20.9434 16.8899 5
      vertex -21.2437 16.9974 5
    endloop
  endfacet
  facet normal 0.671611 -0.740904 0
    outer loop
      vertex -22.2981 22.2981 5
      vertex -22.0618 22.5123 8
      vertex -22.2981 22.2981 8
    endloop
  endfacet
  facet normal 0.671611 -0.740904 0
    outer loop
      vertex -22.0618 22.5123 8
      vertex -22.2981 22.2981 5
      vertex -22.0618 22.5123 5
    endloop
  endfacet
  facet normal 0.857852 0.513896 0
    outer loop
      vertex -22.7023 18.1944 8
      vertex -22.8662 18.468 5
      vertex -22.8662 18.468 8
    endloop
  endfacet
  facet normal 0.857852 0.513896 0
    outer loop
      vertex -22.8662 18.468 5
      vertex -22.7023 18.1944 8
      vertex -22.7023 18.1944 5
    endloop
  endfacet
  facet normal 0.98917 0.146776 0
    outer loop
      vertex -23.1876 19.366 8
      vertex -23.2344 19.6814 5
      vertex -23.2344 19.6814 8
    endloop
  endfacet
  facet normal 0.98917 0.146776 0
    outer loop
      vertex -23.2344 19.6814 5
      vertex -23.1876 19.366 8
      vertex -23.1876 19.366 5
    endloop
  endfacet
  facet normal -0.857852 -0.513896 0
    outer loop
      vertex -17.1338 21.532 5
      vertex -17.2977 21.8056 8
      vertex -17.2977 21.8056 5
    endloop
  endfacet
  facet normal -0.857852 -0.513896 0
    outer loop
      vertex -17.2977 21.8056 8
      vertex -17.1338 21.532 5
      vertex -17.1338 21.532 8
    endloop
  endfacet
  facet normal 0.146776 0.98917 -0
    outer loop
      vertex -20.3186 16.7656 5
      vertex -20.634 16.8124 8
      vertex -20.3186 16.7656 8
    endloop
  endfacet
  facet normal 0.146776 0.98917 0
    outer loop
      vertex -20.634 16.8124 8
      vertex -20.3186 16.7656 5
      vertex -20.634 16.8124 5
    endloop
  endfacet
  facet normal -0.803224 0.595677 0
    outer loop
      vertex -17.4877 17.9382 5
      vertex -17.2977 18.1944 8
      vertex -17.2977 18.1944 5
    endloop
  endfacet
  facet normal -0.803224 0.595677 0
    outer loop
      vertex -17.2977 18.1944 8
      vertex -17.4877 17.9382 5
      vertex -17.4877 17.9382 8
    endloop
  endfacet
  facet normal -0.740904 -0.671611 0
    outer loop
      vertex -17.4877 22.0618 5
      vertex -17.7019 22.2981 8
      vertex -17.7019 22.2981 5
    endloop
  endfacet
  facet normal -0.740904 -0.671611 0
    outer loop
      vertex -17.7019 22.2981 8
      vertex -17.4877 22.0618 5
      vertex -17.4877 22.0618 8
    endloop
  endfacet
  facet normal 0.427668 -0.903936 0
    outer loop
      vertex -21.532 22.8662 5
      vertex -21.2437 23.0026 8
      vertex -21.532 22.8662 8
    endloop
  endfacet
  facet normal 0.427668 -0.903936 0
    outer loop
      vertex -21.2437 23.0026 8
      vertex -21.532 22.8662 5
      vertex -21.2437 23.0026 5
    endloop
  endfacet
  facet normal -0.671611 -0.740904 0
    outer loop
      vertex -17.9382 22.5123 5
      vertex -17.7019 22.2981 8
      vertex -17.9382 22.5123 8
    endloop
  endfacet
  facet normal -0.671611 -0.740904 -0
    outer loop
      vertex -17.7019 22.2981 8
      vertex -17.9382 22.5123 5
      vertex -17.7019 22.2981 5
    endloop
  endfacet
  facet normal 0.998803 0.0489056 0
    outer loop
      vertex -23.2344 19.6814 8
      vertex -23.25 20 5
      vertex -23.25 20 8
    endloop
  endfacet
  facet normal 0.998803 0.0489056 0
    outer loop
      vertex -23.25 20 5
      vertex -23.2344 19.6814 8
      vertex -23.2344 19.6814 5
    endloop
  endfacet
  facet normal -0.903936 -0.427668 0
    outer loop
      vertex -16.9974 21.2437 5
      vertex -17.1338 21.532 8
      vertex -17.1338 21.532 5
    endloop
  endfacet
  facet normal -0.903936 -0.427668 0
    outer loop
      vertex -17.1338 21.532 8
      vertex -16.9974 21.2437 5
      vertex -16.9974 21.2437 8
    endloop
  endfacet
  facet normal -0.427668 -0.903936 0
    outer loop
      vertex -18.7563 23.0026 5
      vertex -18.468 22.8662 8
      vertex -18.7563 23.0026 8
    endloop
  endfacet
  facet normal -0.427668 -0.903936 -0
    outer loop
      vertex -18.468 22.8662 8
      vertex -18.7563 23.0026 5
      vertex -18.468 22.8662 5
    endloop
  endfacet
  facet normal 0.146776 -0.98917 0
    outer loop
      vertex -20.634 23.1876 5
      vertex -20.3186 23.2344 8
      vertex -20.634 23.1876 8
    endloop
  endfacet
  facet normal 0.146776 -0.98917 0
    outer loop
      vertex -20.3186 23.2344 8
      vertex -20.634 23.1876 5
      vertex -20.3186 23.2344 5
    endloop
  endfacet
  facet normal -0.671611 0.740904 0
    outer loop
      vertex -17.7019 17.7019 5
      vertex -17.9382 17.4877 8
      vertex -17.7019 17.7019 8
    endloop
  endfacet
  facet normal -0.671611 0.740904 0
    outer loop
      vertex -17.9382 17.4877 8
      vertex -17.7019 17.7019 5
      vertex -17.9382 17.4877 5
    endloop
  endfacet
  facet normal 0.0489056 -0.998803 0
    outer loop
      vertex -20.3186 23.2344 5
      vertex -20 23.25 8
      vertex -20.3186 23.2344 8
    endloop
  endfacet
  facet normal 0.0489056 -0.998803 0
    outer loop
      vertex -20 23.25 8
      vertex -20.3186 23.2344 5
      vertex -20 23.25 5
    endloop
  endfacet
  facet normal -0.242978 0.970032 0
    outer loop
      vertex -19.0566 16.8899 5
      vertex -19.366 16.8124 8
      vertex -19.0566 16.8899 8
    endloop
  endfacet
  facet normal -0.242978 0.970032 0
    outer loop
      vertex -19.366 16.8124 8
      vertex -19.0566 16.8899 5
      vertex -19.366 16.8124 5
    endloop
  endfacet
  facet normal 0.242978 -0.970032 0
    outer loop
      vertex -20.9434 23.1101 5
      vertex -20.634 23.1876 8
      vertex -20.9434 23.1101 8
    endloop
  endfacet
  facet normal 0.242978 -0.970032 0
    outer loop
      vertex -20.634 23.1876 8
      vertex -20.9434 23.1101 5
      vertex -20.634 23.1876 5
    endloop
  endfacet
  facet normal -0.903936 0.427668 0
    outer loop
      vertex -17.1338 18.468 5
      vertex -16.9974 18.7563 8
      vertex -16.9974 18.7563 5
    endloop
  endfacet
  facet normal -0.903936 0.427668 0
    outer loop
      vertex -16.9974 18.7563 8
      vertex -17.1338 18.468 5
      vertex -17.1338 18.468 8
    endloop
  endfacet
  facet normal -0.0489056 0.998803 0
    outer loop
      vertex -19.6814 16.7656 5
      vertex -20 16.75 8
      vertex -19.6814 16.7656 8
    endloop
  endfacet
  facet normal -0.0489056 0.998803 0
    outer loop
      vertex -20 16.75 8
      vertex -19.6814 16.7656 5
      vertex -20 16.75 5
    endloop
  endfacet
  facet normal 0.740904 0.671611 0
    outer loop
      vertex -22.2981 17.7019 8
      vertex -22.5123 17.9382 5
      vertex -22.5123 17.9382 8
    endloop
  endfacet
  facet normal 0.740904 0.671611 0
    outer loop
      vertex -22.5123 17.9382 5
      vertex -22.2981 17.7019 8
      vertex -22.2981 17.7019 5
    endloop
  endfacet
  facet normal 0.803224 0.595677 0
    outer loop
      vertex -22.5123 17.9382 8
      vertex -22.7023 18.1944 5
      vertex -22.7023 18.1944 8
    endloop
  endfacet
  facet normal 0.803224 0.595677 0
    outer loop
      vertex -22.7023 18.1944 5
      vertex -22.5123 17.9382 8
      vertex -22.5123 17.9382 5
    endloop
  endfacet
  facet normal 0.941493 -0.337031 0
    outer loop
      vertex -23.1101 20.9434 8
      vertex -23.0026 21.2437 5
      vertex -23.0026 21.2437 8
    endloop
  endfacet
  facet normal 0.941493 -0.337031 0
    outer loop
      vertex -23.0026 21.2437 5
      vertex -23.1101 20.9434 8
      vertex -23.1101 20.9434 5
    endloop
  endfacet
  facet normal 0.970032 -0.242978 0
    outer loop
      vertex -23.1876 20.634 8
      vertex -23.1101 20.9434 5
      vertex -23.1101 20.9434 8
    endloop
  endfacet
  facet normal 0.970032 -0.242978 0
    outer loop
      vertex -23.1101 20.9434 5
      vertex -23.1876 20.634 8
      vertex -23.1876 20.634 5
    endloop
  endfacet
  facet normal -0.513896 0.857852 0
    outer loop
      vertex -18.1944 17.2977 5
      vertex -18.468 17.1338 8
      vertex -18.1944 17.2977 8
    endloop
  endfacet
  facet normal -0.513896 0.857852 0
    outer loop
      vertex -18.468 17.1338 8
      vertex -18.1944 17.2977 5
      vertex -18.468 17.1338 5
    endloop
  endfacet
  facet normal 0.803224 -0.595677 0
    outer loop
      vertex -22.7023 21.8056 8
      vertex -22.5123 22.0618 5
      vertex -22.5123 22.0618 8
    endloop
  endfacet
  facet normal 0.803224 -0.595677 0
    outer loop
      vertex -22.5123 22.0618 5
      vertex -22.7023 21.8056 8
      vertex -22.7023 21.8056 5
    endloop
  endfacet
  facet normal -0.242978 -0.970032 0
    outer loop
      vertex -19.366 23.1876 5
      vertex -19.0566 23.1101 8
      vertex -19.366 23.1876 8
    endloop
  endfacet
  facet normal -0.242978 -0.970032 -0
    outer loop
      vertex -19.0566 23.1101 8
      vertex -19.366 23.1876 5
      vertex -19.0566 23.1101 5
    endloop
  endfacet
  facet normal 0.427668 0.903936 -0
    outer loop
      vertex -21.2437 16.9974 5
      vertex -21.532 17.1338 8
      vertex -21.2437 16.9974 8
    endloop
  endfacet
  facet normal 0.427668 0.903936 0
    outer loop
      vertex -21.532 17.1338 8
      vertex -21.2437 16.9974 5
      vertex -21.532 17.1338 5
    endloop
  endfacet
  facet normal 0.903936 0.427668 0
    outer loop
      vertex -22.8662 18.468 8
      vertex -23.0026 18.7563 5
      vertex -23.0026 18.7563 8
    endloop
  endfacet
  facet normal 0.903936 0.427668 0
    outer loop
      vertex -23.0026 18.7563 5
      vertex -22.8662 18.468 8
      vertex -22.8662 18.468 5
    endloop
  endfacet
  facet normal 0.998803 -0.0489056 0
    outer loop
      vertex -23.25 20 8
      vertex -23.2344 20.3186 5
      vertex -23.2344 20.3186 8
    endloop
  endfacet
  facet normal 0.998803 -0.0489056 0
    outer loop
      vertex -23.2344 20.3186 5
      vertex -23.25 20 8
      vertex -23.25 20 5
    endloop
  endfacet
  facet normal 0.0489056 0.998803 -0
    outer loop
      vertex -20 16.75 5
      vertex -20.3186 16.7656 8
      vertex -20 16.75 8
    endloop
  endfacet
  facet normal 0.0489056 0.998803 0
    outer loop
      vertex -20.3186 16.7656 8
      vertex -20 16.75 5
      vertex -20.3186 16.7656 5
    endloop
  endfacet
  facet normal 0.903936 -0.427668 0
    outer loop
      vertex -23.0026 21.2437 8
      vertex -22.8662 21.532 5
      vertex -22.8662 21.532 8
    endloop
  endfacet
  facet normal 0.903936 -0.427668 0
    outer loop
      vertex -22.8662 21.532 5
      vertex -23.0026 21.2437 8
      vertex -23.0026 21.2437 5
    endloop
  endfacet
  facet normal 0 0 1
    outer loop
      vertex -18.2 20 5
      vertex -16.75 20 5
      vertex -16.7656 20.3186 5
    endloop
  endfacet
  facet normal 0 0 1
    outer loop
      vertex -18.2087 20.1764 5
      vertex -16.7656 20.3186 5
      vertex -16.8124 20.634 5
    endloop
  endfacet
  facet normal 0 0 1
    outer loop
      vertex -16.75 20 5
      vertex -18.2 20 5
      vertex -16.7656 19.6814 5
    endloop
  endfacet
  facet normal 0 0 1
    outer loop
      vertex -18.2346 20.3512 5
      vertex -16.8124 20.634 5
      vertex -16.8899 20.9434 5
    endloop
  endfacet
  facet normal -0 0 1
    outer loop
      vertex -18.2087 19.8236 5
      vertex -16.7656 19.6814 5
      vertex -18.2 20 5
    endloop
  endfacet
  facet normal 0 0 1
    outer loop
      vertex -18.2775 20.5225 5
      vertex -16.8899 20.9434 5
      vertex -16.9974 21.2437 5
    endloop
  endfacet
  facet normal 0 0 1
    outer loop
      vertex -16.7656 19.6814 5
      vertex -18.2087 19.8236 5
      vertex -16.8124 19.366 5
    endloop
  endfacet
  facet normal 0 0 1
    outer loop
      vertex -18.337 20.6888 5
      vertex -16.9974 21.2437 5
      vertex -17.1338 21.532 5
    endloop
  endfacet
  facet normal -0 0 1
    outer loop
      vertex -18.2346 19.6488 5
      vertex -16.8124 19.366 5
      vertex -18.2087 19.8236 5
    endloop
  endfacet
  facet normal 0 0 1
    outer loop
      vertex -18.4125 20.8485 5
      vertex -17.1338 21.532 5
      vertex -17.2977 21.8056 5
    endloop
  endfacet
  facet normal 0 0 1
    outer loop
      vertex -16.8124 19.366 5
      vertex -18.2346 19.6488 5
      vertex -16.8899 19.0566 5
    endloop
  endfacet
  facet normal 0 0 1
    outer loop
      vertex -18.5034 21 5
      vertex -17.2977 21.8056 5
      vertex -17.4877 22.0618 5
    endloop
  endfacet
  facet normal -0 0 1
    outer loop
      vertex -18.2775 19.4775 5
      vertex -16.8899 19.0566 5
      vertex -18.2346 19.6488 5
    endloop
  endfacet
  facet normal 0 0 1
    outer loop
      vertex -18.6086 21.1419 5
      vertex -17.4877 22.0618 5
      vertex -17.7019 22.2981 5
    endloop
  endfacet
  facet normal 0 0 1
    outer loop
      vertex -16.8899 19.0566 5
      vertex -18.2775 19.4775 5
      vertex -16.9974 18.7563 5
    endloop
  endfacet
  facet normal 0 0 1
    outer loop
      vertex -18.7272 21.2728 5
      vertex -17.7019 22.2981 5
      vertex -17.9382 22.5123 5
    endloop
  endfacet
  facet normal -0 0 1
    outer loop
      vertex -18.337 19.3112 5
      vertex -16.9974 18.7563 5
      vertex -18.2775 19.4775 5
    endloop
  endfacet
  facet normal 0 0 1
    outer loop
      vertex -18.8581 21.3914 5
      vertex -17.9382 22.5123 5
      vertex -18.1944 22.7023 5
    endloop
  endfacet
  facet normal 0 0 1
    outer loop
      vertex -16.9974 18.7563 5
      vertex -18.337 19.3112 5
      vertex -17.1338 18.468 5
    endloop
  endfacet
  facet normal -0 0 1
    outer loop
      vertex -18.4125 19.1515 5
      vertex -17.1338 18.468 5
      vertex -18.337 19.3112 5
    endloop
  endfacet
  facet normal 0 0 1
    outer loop
      vertex -16.7656 20.3186 5
      vertex -18.2087 20.1764 5
      vertex -18.2 20 5
    endloop
  endfacet
  facet normal 0 0 1
    outer loop
      vertex -16.8124 20.634 5
      vertex -18.2346 20.3512 5
      vertex -18.2087 20.1764 5
    endloop
  endfacet
  facet normal 0 0 1
    outer loop
      vertex -16.8899 20.9434 5
      vertex -18.2775 20.5225 5
      vertex -18.2346 20.3512 5
    endloop
  endfacet
  facet normal 0 0 1
    outer loop
      vertex -16.9974 21.2437 5
      vertex -18.337 20.6888 5
      vertex -18.2775 20.5225 5
    endloop
  endfacet
  facet normal 0 0 1
    outer loop
      vertex -17.1338 21.532 5
      vertex -18.4125 20.8485 5
      vertex -18.337 20.6888 5
    endloop
  endfacet
  facet normal 0 0 1
    outer loop
      vertex -19 21.4966 5
      vertex -18.1944 22.7023 5
      vertex -18.468 22.8662 5
    endloop
  endfacet
  facet normal 0 0 1
    outer loop
      vertex -17.2977 21.8056 5
      vertex -18.5034 21 5
      vertex -18.4125 20.8485 5
    endloop
  endfacet
  facet normal 0 0 1
    outer loop
      vertex -17.4877 22.0618 5
      vertex -18.6086 21.1419 5
      vertex -18.5034 21 5
    endloop
  endfacet
  facet normal 0 0 1
    outer loop
      vertex -17.7019 22.2981 5
      vertex -18.7272 21.2728 5
      vertex -18.6086 21.1419 5
    endloop
  endfacet
  facet normal 0 0 1
    outer loop
      vertex -19.1515 21.5875 5
      vertex -18.468 22.8662 5
      vertex -18.7563 23.0026 5
    endloop
  endfacet
  facet normal 0 0 1
    outer loop
      vertex -17.9382 22.5123 5
      vertex -18.8581 21.3914 5
      vertex -18.7272 21.2728 5
    endloop
  endfacet
  facet normal 0 0 1
    outer loop
      vertex -18.1944 22.7023 5
      vertex -19 21.4966 5
      vertex -18.8581 21.3914 5
    endloop
  endfacet
  facet normal 0 0 1
    outer loop
      vertex -19.3112 21.663 5
      vertex -18.7563 23.0026 5
      vertex -19.0566 23.1101 5
    endloop
  endfacet
  facet normal 0 0 1
    outer loop
      vertex -18.468 22.8662 5
      vertex -19.1515 21.5875 5
      vertex -19 21.4966 5
    endloop
  endfacet
  facet normal 0 0 1
    outer loop
      vertex -18.7563 23.0026 5
      vertex -19.3112 21.663 5
      vertex -19.1515 21.5875 5
    endloop
  endfacet
  facet normal 0 0 1
    outer loop
      vertex -19.4775 21.7225 5
      vertex -19.0566 23.1101 5
      vertex -19.366 23.1876 5
    endloop
  endfacet
  facet normal 0 0 1
    outer loop
      vertex -19.0566 23.1101 5
      vertex -19.4775 21.7225 5
      vertex -19.3112 21.663 5
    endloop
  endfacet
  facet normal 0 0 1
    outer loop
      vertex -19.366 23.1876 5
      vertex -19.6488 21.7654 5
      vertex -19.4775 21.7225 5
    endloop
  endfacet
  facet normal 0 0 1
    outer loop
      vertex -19.6814 23.2344 5
      vertex -19.6488 21.7654 5
      vertex -19.366 23.1876 5
    endloop
  endfacet
  facet normal 0 0 1
    outer loop
      vertex -19.6814 23.2344 5
      vertex -19.8236 21.7913 5
      vertex -19.6488 21.7654 5
    endloop
  endfacet
  facet normal 0 0 1
    outer loop
      vertex -20 23.25 5
      vertex -19.8236 21.7913 5
      vertex -19.6814 23.2344 5
    endloop
  endfacet
  facet normal 0 0 1
    outer loop
      vertex -20 23.25 5
      vertex -20 21.8 5
      vertex -19.8236 21.7913 5
    endloop
  endfacet
  facet normal 0 0 1
    outer loop
      vertex -20 23.25 5
      vertex -20.1764 21.7913 5
      vertex -20 21.8 5
    endloop
  endfacet
  facet normal -0 0 1
    outer loop
      vertex -20.3186 23.2344 5
      vertex -20.1764 21.7913 5
      vertex -20 23.25 5
    endloop
  endfacet
  facet normal 0 0 1
    outer loop
      vertex -20.3186 23.2344 5
      vertex -20.3512 21.7654 5
      vertex -20.1764 21.7913 5
    endloop
  endfacet
  facet normal -0 0 1
    outer loop
      vertex -20.634 23.1876 5
      vertex -20.3512 21.7654 5
      vertex -20.3186 23.2344 5
    endloop
  endfacet
  facet normal 0 0 1
    outer loop
      vertex -20.3512 21.7654 5
      vertex -20.634 23.1876 5
      vertex -20.5225 21.7225 5
    endloop
  endfacet
  facet normal -0 0 1
    outer loop
      vertex -20.9434 23.1101 5
      vertex -20.5225 21.7225 5
      vertex -20.634 23.1876 5
    endloop
  endfacet
  facet normal 0 0 1
    outer loop
      vertex -20.5225 21.7225 5
      vertex -20.9434 23.1101 5
      vertex -20.6888 21.663 5
    endloop
  endfacet
  facet normal -0 0 1
    outer loop
      vertex -21.2437 23.0026 5
      vertex -20.6888 21.663 5
      vertex -20.9434 23.1101 5
    endloop
  endfacet
  facet normal 0 0 1
    outer loop
      vertex -20.6888 21.663 5
      vertex -21.2437 23.0026 5
      vertex -20.8485 21.5875 5
    endloop
  endfacet
  facet normal -0 0 1
    outer loop
      vertex -21.532 22.8662 5
      vertex -20.8485 21.5875 5
      vertex -21.2437 23.0026 5
    endloop
  endfacet
  facet normal 0 0 1
    outer loop
      vertex -20.8485 21.5875 5
      vertex -21.532 22.8662 5
      vertex -21 21.4966 5
    endloop
  endfacet
  facet normal -0 0 1
    outer loop
      vertex -21.8056 22.7023 5
      vertex -21 21.4966 5
      vertex -21.532 22.8662 5
    endloop
  endfacet
  facet normal 0 0 1
    outer loop
      vertex -21 21.4966 5
      vertex -21.8056 22.7023 5
      vertex -21.1419 21.3914 5
    endloop
  endfacet
  facet normal -0 0 1
    outer loop
      vertex -22.0618 22.5123 5
      vertex -21.1419 21.3914 5
      vertex -21.8056 22.7023 5
    endloop
  endfacet
  facet normal 0 0 1
    outer loop
      vertex -21.1419 21.3914 5
      vertex -22.0618 22.5123 5
      vertex -21.2728 21.2728 5
    endloop
  endfacet
  facet normal -0 0 1
    outer loop
      vertex -22.2981 22.2981 5
      vertex -21.2728 21.2728 5
      vertex -22.0618 22.5123 5
    endloop
  endfacet
  facet normal 0 0 1
    outer loop
      vertex -21.2728 21.2728 5
      vertex -22.2981 22.2981 5
      vertex -21.3914 21.1419 5
    endloop
  endfacet
  facet normal -0 0 1
    outer loop
      vertex -22.5123 22.0618 5
      vertex -21.3914 21.1419 5
      vertex -22.2981 22.2981 5
    endloop
  endfacet
  facet normal 0 0 1
    outer loop
      vertex -21.3914 21.1419 5
      vertex -22.5123 22.0618 5
      vertex -21.4966 21 5
    endloop
  endfacet
  facet normal -0 0 1
    outer loop
      vertex -22.7023 21.8056 5
      vertex -21.4966 21 5
      vertex -22.5123 22.0618 5
    endloop
  endfacet
  facet normal -0 0 1
    outer loop
      vertex -22.8662 21.532 5
      vertex -21.5875 20.8485 5
      vertex -22.7023 21.8056 5
    endloop
  endfacet
  facet normal 0 0 1
    outer loop
      vertex -21.4966 21 5
      vertex -22.7023 21.8056 5
      vertex -21.5875 20.8485 5
    endloop
  endfacet
  facet normal 0 0 1
    outer loop
      vertex -17.1338 18.468 5
      vertex -18.4125 19.1515 5
      vertex -17.2977 18.1944 5
    endloop
  endfacet
  facet normal -0 0 1
    outer loop
      vertex -18.5034 19 5
      vertex -17.2977 18.1944 5
      vertex -18.4125 19.1515 5
    endloop
  endfacet
  facet normal 0 0 1
    outer loop
      vertex -17.2977 18.1944 5
      vertex -18.5034 19 5
      vertex -17.4877 17.9382 5
    endloop
  endfacet
  facet normal -0 0 1
    outer loop
      vertex -18.6086 18.8581 5
      vertex -17.4877 17.9382 5
      vertex -18.5034 19 5
    endloop
  endfacet
  facet normal 0 0 1
    outer loop
      vertex -17.4877 17.9382 5
      vertex -18.6086 18.8581 5
      vertex -17.7019 17.7019 5
    endloop
  endfacet
  facet normal -0 0 1
    outer loop
      vertex -18.7272 18.7272 5
      vertex -17.7019 17.7019 5
      vertex -18.6086 18.8581 5
    endloop
  endfacet
  facet normal 0 0 1
    outer loop
      vertex -17.7019 17.7019 5
      vertex -18.7272 18.7272 5
      vertex -17.9382 17.4877 5
    endloop
  endfacet
  facet normal -0 0 1
    outer loop
      vertex -18.8581 18.6086 5
      vertex -17.9382 17.4877 5
      vertex -18.7272 18.7272 5
    endloop
  endfacet
  facet normal 0 0 1
    outer loop
      vertex -17.9382 17.4877 5
      vertex -18.8581 18.6086 5
      vertex -18.1944 17.2977 5
    endloop
  endfacet
  facet normal -0 0 1
    outer loop
      vertex -19 18.5034 5
      vertex -18.1944 17.2977 5
      vertex -18.8581 18.6086 5
    endloop
  endfacet
  facet normal 0 0 1
    outer loop
      vertex -18.1944 17.2977 5
      vertex -19 18.5034 5
      vertex -18.468 17.1338 5
    endloop
  endfacet
  facet normal -0 0 1
    outer loop
      vertex -19.1515 18.4125 5
      vertex -18.468 17.1338 5
      vertex -19 18.5034 5
    endloop
  endfacet
  facet normal 0 0 1
    outer loop
      vertex -18.468 17.1338 5
      vertex -19.1515 18.4125 5
      vertex -18.7563 16.9974 5
    endloop
  endfacet
  facet normal -0 0 1
    outer loop
      vertex -19.3112 18.337 5
      vertex -18.7563 16.9974 5
      vertex -19.1515 18.4125 5
    endloop
  endfacet
  facet normal 0 0 1
    outer loop
      vertex -18.7563 16.9974 5
      vertex -19.3112 18.337 5
      vertex -19.0566 16.8899 5
    endloop
  endfacet
  facet normal -0 0 1
    outer loop
      vertex -19.4775 18.2775 5
      vertex -19.0566 16.8899 5
      vertex -19.3112 18.337 5
    endloop
  endfacet
  facet normal 0 0 1
    outer loop
      vertex -19.0566 16.8899 5
      vertex -19.4775 18.2775 5
      vertex -19.366 16.8124 5
    endloop
  endfacet
  facet normal -0 0 1
    outer loop
      vertex -19.6488 18.2346 5
      vertex -19.366 16.8124 5
      vertex -19.4775 18.2775 5
    endloop
  endfacet
  facet normal 0 0 1
    outer loop
      vertex -19.6488 18.2346 5
      vertex -19.6814 16.7656 5
      vertex -19.366 16.8124 5
    endloop
  endfacet
  facet normal -0 0 1
    outer loop
      vertex -19.8236 18.2087 5
      vertex -19.6814 16.7656 5
      vertex -19.6488 18.2346 5
    endloop
  endfacet
  facet normal -0 0 1
    outer loop
      vertex -20 18.2 5
      vertex -19.6814 16.7656 5
      vertex -19.8236 18.2087 5
    endloop
  endfacet
  facet normal 0 0 1
    outer loop
      vertex -20 18.2 5
      vertex -20 16.75 5
      vertex -19.6814 16.7656 5
    endloop
  endfacet
  facet normal 0 0 1
    outer loop
      vertex -20.1764 18.2087 5
      vertex -20 16.75 5
      vertex -20 18.2 5
    endloop
  endfacet
  facet normal 0 0 1
    outer loop
      vertex -20.1764 18.2087 5
      vertex -20.3186 16.7656 5
      vertex -20 16.75 5
    endloop
  endfacet
  facet normal 0 0 1
    outer loop
      vertex -20.3512 18.2346 5
      vertex -20.3186 16.7656 5
      vertex -20.1764 18.2087 5
    endloop
  endfacet
  facet normal 0 0 1
    outer loop
      vertex -20.634 16.8124 5
      vertex -20.3512 18.2346 5
      vertex -20.5225 18.2775 5
    endloop
  endfacet
  facet normal 0 0 1
    outer loop
      vertex -20.3512 18.2346 5
      vertex -20.634 16.8124 5
      vertex -20.3186 16.7656 5
    endloop
  endfacet
  facet normal 0 0 1
    outer loop
      vertex -20.9434 16.8899 5
      vertex -20.5225 18.2775 5
      vertex -20.6888 18.337 5
    endloop
  endfacet
  facet normal 0 0 1
    outer loop
      vertex -21.2437 16.9974 5
      vertex -20.6888 18.337 5
      vertex -20.8485 18.4125 5
    endloop
  endfacet
  facet normal 0 0 1
    outer loop
      vertex -20.5225 18.2775 5
      vertex -20.9434 16.8899 5
      vertex -20.634 16.8124 5
    endloop
  endfacet
  facet normal 0 0 1
    outer loop
      vertex -21.532 17.1338 5
      vertex -20.8485 18.4125 5
      vertex -21 18.5034 5
    endloop
  endfacet
  facet normal 0 0 1
    outer loop
      vertex -21.8056 17.2977 5
      vertex -21 18.5034 5
      vertex -21.1419 18.6086 5
    endloop
  endfacet
  facet normal 0 0 1
    outer loop
      vertex -20.6888 18.337 5
      vertex -21.2437 16.9974 5
      vertex -20.9434 16.8899 5
    endloop
  endfacet
  facet normal 0 0 1
    outer loop
      vertex -22.0618 17.4877 5
      vertex -21.1419 18.6086 5
      vertex -21.2728 18.7272 5
    endloop
  endfacet
  facet normal 0 0 1
    outer loop
      vertex -22.2981 17.7019 5
      vertex -21.2728 18.7272 5
      vertex -21.3914 18.8581 5
    endloop
  endfacet
  facet normal 0 0 1
    outer loop
      vertex -22.5123 17.9382 5
      vertex -21.3914 18.8581 5
      vertex -21.4966 19 5
    endloop
  endfacet
  facet normal 0 0 1
    outer loop
      vertex -20.8485 18.4125 5
      vertex -21.532 17.1338 5
      vertex -21.2437 16.9974 5
    endloop
  endfacet
  facet normal 0 0 1
    outer loop
      vertex -22.7023 18.1944 5
      vertex -21.4966 19 5
      vertex -21.5875 19.1515 5
    endloop
  endfacet
  facet normal 0 0 1
    outer loop
      vertex -22.8662 18.468 5
      vertex -21.5875 19.1515 5
      vertex -21.663 19.3112 5
    endloop
  endfacet
  facet normal 0 0 1
    outer loop
      vertex -23.0026 18.7563 5
      vertex -21.663 19.3112 5
      vertex -21.7225 19.4775 5
    endloop
  endfacet
  facet normal 0 0 1
    outer loop
      vertex -23.1101 19.0566 5
      vertex -21.7225 19.4775 5
      vertex -21.7654 19.6488 5
    endloop
  endfacet
  facet normal 0 0 1
    outer loop
      vertex -23.1876 19.366 5
      vertex -21.7654 19.6488 5
      vertex -21.7913 19.8236 5
    endloop
  endfacet
  facet normal 0 0 1
    outer loop
      vertex -21 18.5034 5
      vertex -21.8056 17.2977 5
      vertex -21.532 17.1338 5
    endloop
  endfacet
  facet normal 0 0 1
    outer loop
      vertex -23.2344 19.6814 5
      vertex -21.7913 19.8236 5
      vertex -21.8 20 5
    endloop
  endfacet
  facet normal 0 0 1
    outer loop
      vertex -21.5875 20.8485 5
      vertex -22.8662 21.532 5
      vertex -21.663 20.6888 5
    endloop
  endfacet
  facet normal -0 0 1
    outer loop
      vertex -23.0026 21.2437 5
      vertex -21.663 20.6888 5
      vertex -22.8662 21.532 5
    endloop
  endfacet
  facet normal 0 0 1
    outer loop
      vertex -21.1419 18.6086 5
      vertex -22.0618 17.4877 5
      vertex -21.8056 17.2977 5
    endloop
  endfacet
  facet normal 0 0 1
    outer loop
      vertex -21.663 20.6888 5
      vertex -23.0026 21.2437 5
      vertex -21.7225 20.5225 5
    endloop
  endfacet
  facet normal 0 0 1
    outer loop
      vertex -21.2728 18.7272 5
      vertex -22.2981 17.7019 5
      vertex -22.0618 17.4877 5
    endloop
  endfacet
  facet normal -0 0 1
    outer loop
      vertex -23.1101 20.9434 5
      vertex -21.7225 20.5225 5
      vertex -23.0026 21.2437 5
    endloop
  endfacet
  facet normal 0 0 1
    outer loop
      vertex -21.3914 18.8581 5
      vertex -22.5123 17.9382 5
      vertex -22.2981 17.7019 5
    endloop
  endfacet
  facet normal 0 0 1
    outer loop
      vertex -21.7225 20.5225 5
      vertex -23.1101 20.9434 5
      vertex -21.7654 20.3512 5
    endloop
  endfacet
  facet normal 0 0 1
    outer loop
      vertex -21.4966 19 5
      vertex -22.7023 18.1944 5
      vertex -22.5123 17.9382 5
    endloop
  endfacet
  facet normal -0 0 1
    outer loop
      vertex -23.1876 20.634 5
      vertex -21.7654 20.3512 5
      vertex -23.1101 20.9434 5
    endloop
  endfacet
  facet normal 0 0 1
    outer loop
      vertex -21.5875 19.1515 5
      vertex -22.8662 18.468 5
      vertex -22.7023 18.1944 5
    endloop
  endfacet
  facet normal 0 0 1
    outer loop
      vertex -21.7654 20.3512 5
      vertex -23.1876 20.634 5
      vertex -21.7913 20.1764 5
    endloop
  endfacet
  facet normal 0 0 1
    outer loop
      vertex -21.663 19.3112 5
      vertex -23.0026 18.7563 5
      vertex -22.8662 18.468 5
    endloop
  endfacet
  facet normal -0 0 1
    outer loop
      vertex -23.2344 20.3186 5
      vertex -21.7913 20.1764 5
      vertex -23.1876 20.634 5
    endloop
  endfacet
  facet normal 0 0 1
    outer loop
      vertex -21.7225 19.4775 5
      vertex -23.1101 19.0566 5
      vertex -23.0026 18.7563 5
    endloop
  endfacet
  facet normal 0 0 1
    outer loop
      vertex -21.7913 20.1764 5
      vertex -23.2344 20.3186 5
      vertex -21.8 20 5
    endloop
  endfacet
  facet normal 0 0 1
    outer loop
      vertex -21.7654 19.6488 5
      vertex -23.1876 19.366 5
      vertex -23.1101 19.0566 5
    endloop
  endfacet
  facet normal 0 0 1
    outer loop
      vertex -23.25 20 5
      vertex -21.8 20 5
      vertex -23.2344 20.3186 5
    endloop
  endfacet
  facet normal 0 0 1
    outer loop
      vertex -21.7913 19.8236 5
      vertex -23.2344 19.6814 5
      vertex -23.1876 19.366 5
    endloop
  endfacet
  facet normal 0 0 1
    outer loop
      vertex -21.8 20 5
      vertex -23.25 20 5
      vertex -23.2344 19.6814 5
    endloop
  endfacet
  facet normal -0.9892 -0.146569 0
    outer loop
      vertex 21.7913 -19.8236 0
      vertex 21.7654 -19.6488 5
      vertex 21.7654 -19.6488 0
    endloop
  endfacet
  facet normal -0.9892 -0.146569 0
    outer loop
      vertex 21.7654 -19.6488 5
      vertex 21.7913 -19.8236 0
      vertex 21.7913 -19.8236 5
    endloop
  endfacet
  facet normal -0.998786 -0.0492599 0
    outer loop
      vertex 21.8 -20 0
      vertex 21.7913 -19.8236 5
      vertex 21.7913 -19.8236 0
    endloop
  endfacet
  facet normal -0.998786 -0.0492599 0
    outer loop
      vertex 21.7913 -19.8236 5
      vertex 21.8 -20 0
      vertex 21.8 -20 5
    endloop
  endfacet
  facet normal -0.970042 -0.242935 0
    outer loop
      vertex 21.7654 -19.6488 0
      vertex 21.7225 -19.4775 5
      vertex 21.7225 -19.4775 0
    endloop
  endfacet
  facet normal -0.970042 -0.242935 0
    outer loop
      vertex 21.7225 -19.4775 5
      vertex 21.7654 -19.6488 0
      vertex 21.7654 -19.6488 5
    endloop
  endfacet
  facet normal -0.998786 0.0492599 0
    outer loop
      vertex 21.7913 -20.1764 0
      vertex 21.8 -20 5
      vertex 21.8 -20 0
    endloop
  endfacet
  facet normal -0.998786 0.0492599 0
    outer loop
      vertex 21.8 -20 5
      vertex 21.7913 -20.1764 0
      vertex 21.7913 -20.1764 5
    endloop
  endfacet
  facet normal 0.0492599 -0.998786 0
    outer loop
      vertex 19.8236 -18.2087 0
      vertex 20 -18.2 5
      vertex 19.8236 -18.2087 5
    endloop
  endfacet
  facet normal 0.0492599 -0.998786 0
    outer loop
      vertex 20 -18.2 5
      vertex 19.8236 -18.2087 0
      vertex 20 -18.2 0
    endloop
  endfacet
  facet normal -0.94155 0.336874 0
    outer loop
      vertex 21.663 -20.6888 0
      vertex 21.7225 -20.5225 5
      vertex 21.7225 -20.5225 0
    endloop
  endfacet
  facet normal -0.94155 0.336874 0
    outer loop
      vertex 21.7225 -20.5225 5
      vertex 21.663 -20.6888 0
      vertex 21.663 -20.6888 5
    endloop
  endfacet
  facet normal 0.336874 -0.94155 0
    outer loop
      vertex 19.3112 -18.337 0
      vertex 19.4775 -18.2775 5
      vertex 19.3112 -18.337 5
    endloop
  endfacet
  facet normal 0.336874 -0.94155 0
    outer loop
      vertex 19.4775 -18.2775 5
      vertex 19.3112 -18.337 0
      vertex 19.4775 -18.2775 0
    endloop
  endfacet
  facet normal 0.90406 -0.427405 0
    outer loop
      vertex 18.337 -19.3112 5
      vertex 18.4125 -19.1515 0
      vertex 18.4125 -19.1515 5
    endloop
  endfacet
  facet normal 0.90406 -0.427405 0
    outer loop
      vertex 18.4125 -19.1515 0
      vertex 18.337 -19.3112 5
      vertex 18.337 -19.3112 0
    endloop
  endfacet
  facet normal -0.671432 -0.741066 0
    outer loop
      vertex 21.1419 -18.6086 0
      vertex 21.2728 -18.7272 5
      vertex 21.1419 -18.6086 5
    endloop
  endfacet
  facet normal -0.671432 -0.741066 -0
    outer loop
      vertex 21.2728 -18.7272 5
      vertex 21.1419 -18.6086 0
      vertex 21.2728 -18.7272 0
    endloop
  endfacet
  facet normal 0.671432 -0.741066 0
    outer loop
      vertex 18.7272 -18.7272 0
      vertex 18.8581 -18.6086 5
      vertex 18.7272 -18.7272 5
    endloop
  endfacet
  facet normal 0.671432 -0.741066 0
    outer loop
      vertex 18.8581 -18.6086 5
      vertex 18.7272 -18.7272 0
      vertex 18.8581 -18.6086 0
    endloop
  endfacet
  facet normal 0.242935 -0.970042 0
    outer loop
      vertex 19.4775 -18.2775 0
      vertex 19.6488 -18.2346 5
      vertex 19.4775 -18.2775 5
    endloop
  endfacet
  facet normal 0.242935 -0.970042 0
    outer loop
      vertex 19.6488 -18.2346 5
      vertex 19.4775 -18.2775 0
      vertex 19.6488 -18.2346 0
    endloop
  endfacet
  facet normal -0.146569 -0.9892 0
    outer loop
      vertex 20.1764 -18.2087 0
      vertex 20.3512 -18.2346 5
      vertex 20.1764 -18.2087 5
    endloop
  endfacet
  facet normal -0.146569 -0.9892 -0
    outer loop
      vertex 20.3512 -18.2346 5
      vertex 20.1764 -18.2087 0
      vertex 20.3512 -18.2346 0
    endloop
  endfacet
  facet normal -0.514496 -0.857493 0
    outer loop
      vertex 20.8485 -18.4125 0
      vertex 21 -18.5034 5
      vertex 20.8485 -18.4125 5
    endloop
  endfacet
  facet normal -0.514496 -0.857493 -0
    outer loop
      vertex 21 -18.5034 5
      vertex 20.8485 -18.4125 0
      vertex 21 -18.5034 0
    endloop
  endfacet
  facet normal -0.90406 0.427405 0
    outer loop
      vertex 21.5875 -20.8485 0
      vertex 21.663 -20.6888 5
      vertex 21.663 -20.6888 0
    endloop
  endfacet
  facet normal -0.90406 0.427405 0
    outer loop
      vertex 21.663 -20.6888 5
      vertex 21.5875 -20.8485 0
      vertex 21.5875 -20.8485 5
    endloop
  endfacet
  facet normal 0.803316 0.595552 0
    outer loop
      vertex 18.6086 -21.1419 5
      vertex 18.5034 -21 0
      vertex 18.5034 -21 5
    endloop
  endfacet
  facet normal 0.803316 0.595552 0
    outer loop
      vertex 18.5034 -21 0
      vertex 18.6086 -21.1419 5
      vertex 18.6086 -21.1419 0
    endloop
  endfacet
  facet normal 0.595552 -0.803316 0
    outer loop
      vertex 18.8581 -18.6086 0
      vertex 19 -18.5034 5
      vertex 18.8581 -18.6086 5
    endloop
  endfacet
  facet normal 0.595552 -0.803316 0
    outer loop
      vertex 19 -18.5034 5
      vertex 18.8581 -18.6086 0
      vertex 19 -18.5034 0
    endloop
  endfacet
  facet normal -0.9892 0.146569 0
    outer loop
      vertex 21.7654 -20.3512 0
      vertex 21.7913 -20.1764 5
      vertex 21.7913 -20.1764 0
    endloop
  endfacet
  facet normal -0.9892 0.146569 0
    outer loop
      vertex 21.7913 -20.1764 5
      vertex 21.7654 -20.3512 0
      vertex 21.7654 -20.3512 5
    endloop
  endfacet
  facet normal -0.0492599 0.998786 0
    outer loop
      vertex 20.1764 -21.7913 0
      vertex 20 -21.8 5
      vertex 20.1764 -21.7913 5
    endloop
  endfacet
  facet normal -0.0492599 0.998786 0
    outer loop
      vertex 20 -21.8 5
      vertex 20.1764 -21.7913 0
      vertex 20 -21.8 0
    endloop
  endfacet
  facet normal -0.242935 0.970042 0
    outer loop
      vertex 20.5225 -21.7225 0
      vertex 20.3512 -21.7654 5
      vertex 20.5225 -21.7225 5
    endloop
  endfacet
  facet normal -0.242935 0.970042 0
    outer loop
      vertex 20.3512 -21.7654 5
      vertex 20.5225 -21.7225 0
      vertex 20.3512 -21.7654 0
    endloop
  endfacet
  facet normal 0.595552 0.803316 -0
    outer loop
      vertex 19 -21.4966 0
      vertex 18.8581 -21.3914 5
      vertex 19 -21.4966 5
    endloop
  endfacet
  facet normal 0.595552 0.803316 0
    outer loop
      vertex 18.8581 -21.3914 5
      vertex 19 -21.4966 0
      vertex 18.8581 -21.3914 0
    endloop
  endfacet
  facet normal -0.514496 0.857493 0
    outer loop
      vertex 21 -21.4966 0
      vertex 20.8485 -21.5875 5
      vertex 21 -21.4966 5
    endloop
  endfacet
  facet normal -0.514496 0.857493 0
    outer loop
      vertex 20.8485 -21.5875 5
      vertex 21 -21.4966 0
      vertex 20.8485 -21.5875 0
    endloop
  endfacet
  facet normal 0.741066 0.671432 0
    outer loop
      vertex 18.7272 -21.2728 5
      vertex 18.6086 -21.1419 0
      vertex 18.6086 -21.1419 5
    endloop
  endfacet
  facet normal 0.741066 0.671432 0
    outer loop
      vertex 18.6086 -21.1419 0
      vertex 18.7272 -21.2728 5
      vertex 18.7272 -21.2728 0
    endloop
  endfacet
  facet normal 0.857493 0.514496 0
    outer loop
      vertex 18.5034 -21 5
      vertex 18.4125 -20.8485 0
      vertex 18.4125 -20.8485 5
    endloop
  endfacet
  facet normal 0.857493 0.514496 0
    outer loop
      vertex 18.4125 -20.8485 0
      vertex 18.5034 -21 5
      vertex 18.5034 -21 0
    endloop
  endfacet
  facet normal 0.0492599 0.998786 -0
    outer loop
      vertex 20 -21.8 0
      vertex 19.8236 -21.7913 5
      vertex 20 -21.8 5
    endloop
  endfacet
  facet normal 0.0492599 0.998786 0
    outer loop
      vertex 19.8236 -21.7913 5
      vertex 20 -21.8 0
      vertex 19.8236 -21.7913 0
    endloop
  endfacet
  facet normal -0.90406 -0.427405 0
    outer loop
      vertex 21.663 -19.3112 0
      vertex 21.5875 -19.1515 5
      vertex 21.5875 -19.1515 0
    endloop
  endfacet
  facet normal -0.90406 -0.427405 0
    outer loop
      vertex 21.5875 -19.1515 5
      vertex 21.663 -19.3112 0
      vertex 21.663 -19.3112 5
    endloop
  endfacet
  facet normal -0.741066 0.671432 0
    outer loop
      vertex 21.2728 -21.2728 0
      vertex 21.3914 -21.1419 5
      vertex 21.3914 -21.1419 0
    endloop
  endfacet
  facet normal -0.741066 0.671432 0
    outer loop
      vertex 21.3914 -21.1419 5
      vertex 21.2728 -21.2728 0
      vertex 21.2728 -21.2728 5
    endloop
  endfacet
  facet normal 0.9892 -0.146569 0
    outer loop
      vertex 18.2087 -19.8236 5
      vertex 18.2346 -19.6488 0
      vertex 18.2346 -19.6488 5
    endloop
  endfacet
  facet normal 0.9892 -0.146569 0
    outer loop
      vertex 18.2346 -19.6488 0
      vertex 18.2087 -19.8236 5
      vertex 18.2087 -19.8236 0
    endloop
  endfacet
  facet normal -0.803316 -0.595552 0
    outer loop
      vertex 21.4966 -19 0
      vertex 21.3914 -18.8581 5
      vertex 21.3914 -18.8581 0
    endloop
  endfacet
  facet normal -0.803316 -0.595552 0
    outer loop
      vertex 21.3914 -18.8581 5
      vertex 21.4966 -19 0
      vertex 21.4966 -19 5
    endloop
  endfacet
  facet normal -0.336874 -0.94155 0
    outer loop
      vertex 20.5225 -18.2775 0
      vertex 20.6888 -18.337 5
      vertex 20.5225 -18.2775 5
    endloop
  endfacet
  facet normal -0.336874 -0.94155 -0
    outer loop
      vertex 20.6888 -18.337 5
      vertex 20.5225 -18.2775 0
      vertex 20.6888 -18.337 0
    endloop
  endfacet
  facet normal -0.803316 0.595552 0
    outer loop
      vertex 21.3914 -21.1419 0
      vertex 21.4966 -21 5
      vertex 21.4966 -21 0
    endloop
  endfacet
  facet normal -0.803316 0.595552 0
    outer loop
      vertex 21.4966 -21 5
      vertex 21.3914 -21.1419 0
      vertex 21.3914 -21.1419 5
    endloop
  endfacet
  facet normal -0.427405 -0.90406 0
    outer loop
      vertex 20.6888 -18.337 0
      vertex 20.8485 -18.4125 5
      vertex 20.6888 -18.337 5
    endloop
  endfacet
  facet normal -0.427405 -0.90406 -0
    outer loop
      vertex 20.8485 -18.4125 5
      vertex 20.6888 -18.337 0
      vertex 20.8485 -18.4125 0
    endloop
  endfacet
  facet normal -0.94155 -0.336874 0
    outer loop
      vertex 21.7225 -19.4775 0
      vertex 21.663 -19.3112 5
      vertex 21.663 -19.3112 0
    endloop
  endfacet
  facet normal -0.94155 -0.336874 0
    outer loop
      vertex 21.663 -19.3112 5
      vertex 21.7225 -19.4775 0
      vertex 21.7225 -19.4775 5
    endloop
  endfacet
  facet normal 0.803316 -0.595552 0
    outer loop
      vertex 18.5034 -19 5
      vertex 18.6086 -18.8581 0
      vertex 18.6086 -18.8581 5
    endloop
  endfacet
  facet normal 0.803316 -0.595552 0
    outer loop
      vertex 18.6086 -18.8581 0
      vertex 18.5034 -19 5
      vertex 18.5034 -19 0
    endloop
  endfacet
  facet normal -0.741066 -0.671432 0
    outer loop
      vertex 21.3914 -18.8581 0
      vertex 21.2728 -18.7272 5
      vertex 21.2728 -18.7272 0
    endloop
  endfacet
  facet normal -0.741066 -0.671432 0
    outer loop
      vertex 21.2728 -18.7272 5
      vertex 21.3914 -18.8581 0
      vertex 21.3914 -18.8581 5
    endloop
  endfacet
  facet normal -0.146569 0.9892 0
    outer loop
      vertex 20.3512 -21.7654 0
      vertex 20.1764 -21.7913 5
      vertex 20.3512 -21.7654 5
    endloop
  endfacet
  facet normal -0.146569 0.9892 0
    outer loop
      vertex 20.1764 -21.7913 5
      vertex 20.3512 -21.7654 0
      vertex 20.1764 -21.7913 0
    endloop
  endfacet
  facet normal 0.242935 0.970042 -0
    outer loop
      vertex 19.6488 -21.7654 0
      vertex 19.4775 -21.7225 5
      vertex 19.6488 -21.7654 5
    endloop
  endfacet
  facet normal 0.242935 0.970042 0
    outer loop
      vertex 19.4775 -21.7225 5
      vertex 19.6488 -21.7654 0
      vertex 19.4775 -21.7225 0
    endloop
  endfacet
  facet normal -0.595552 -0.803316 0
    outer loop
      vertex 21 -18.5034 0
      vertex 21.1419 -18.6086 5
      vertex 21 -18.5034 5
    endloop
  endfacet
  facet normal -0.595552 -0.803316 -0
    outer loop
      vertex 21.1419 -18.6086 5
      vertex 21 -18.5034 0
      vertex 21.1419 -18.6086 0
    endloop
  endfacet
  facet normal -0.427405 0.90406 0
    outer loop
      vertex 20.8485 -21.5875 0
      vertex 20.6888 -21.663 5
      vertex 20.8485 -21.5875 5
    endloop
  endfacet
  facet normal -0.427405 0.90406 0
    outer loop
      vertex 20.6888 -21.663 5
      vertex 20.8485 -21.5875 0
      vertex 20.6888 -21.663 0
    endloop
  endfacet
  facet normal 0.146569 -0.9892 0
    outer loop
      vertex 19.6488 -18.2346 0
      vertex 19.8236 -18.2087 5
      vertex 19.6488 -18.2346 5
    endloop
  endfacet
  facet normal 0.146569 -0.9892 0
    outer loop
      vertex 19.8236 -18.2087 5
      vertex 19.6488 -18.2346 0
      vertex 19.8236 -18.2087 0
    endloop
  endfacet
  facet normal -0.970042 0.242935 0
    outer loop
      vertex 21.7225 -20.5225 0
      vertex 21.7654 -20.3512 5
      vertex 21.7654 -20.3512 0
    endloop
  endfacet
  facet normal -0.970042 0.242935 0
    outer loop
      vertex 21.7654 -20.3512 5
      vertex 21.7225 -20.5225 0
      vertex 21.7225 -20.5225 5
    endloop
  endfacet
  facet normal 0.427405 -0.90406 0
    outer loop
      vertex 19.1515 -18.4125 0
      vertex 19.3112 -18.337 5
      vertex 19.1515 -18.4125 5
    endloop
  endfacet
  facet normal 0.427405 -0.90406 0
    outer loop
      vertex 19.3112 -18.337 5
      vertex 19.1515 -18.4125 0
      vertex 19.3112 -18.337 0
    endloop
  endfacet
  facet normal 0.998786 -0.0492599 0
    outer loop
      vertex 18.2 -20 5
      vertex 18.2087 -19.8236 0
      vertex 18.2087 -19.8236 5
    endloop
  endfacet
  facet normal 0.998786 -0.0492599 0
    outer loop
      vertex 18.2087 -19.8236 0
      vertex 18.2 -20 5
      vertex 18.2 -20 0
    endloop
  endfacet
  facet normal -0.857493 -0.514496 0
    outer loop
      vertex 21.5875 -19.1515 0
      vertex 21.4966 -19 5
      vertex 21.4966 -19 0
    endloop
  endfacet
  facet normal -0.857493 -0.514496 0
    outer loop
      vertex 21.4966 -19 5
      vertex 21.5875 -19.1515 0
      vertex 21.5875 -19.1515 5
    endloop
  endfacet
  facet normal 0.146569 0.9892 -0
    outer loop
      vertex 19.8236 -21.7913 0
      vertex 19.6488 -21.7654 5
      vertex 19.8236 -21.7913 5
    endloop
  endfacet
  facet normal 0.146569 0.9892 0
    outer loop
      vertex 19.6488 -21.7654 5
      vertex 19.8236 -21.7913 0
      vertex 19.6488 -21.7654 0
    endloop
  endfacet
  facet normal 0.514496 -0.857493 0
    outer loop
      vertex 19 -18.5034 0
      vertex 19.1515 -18.4125 5
      vertex 19 -18.5034 5
    endloop
  endfacet
  facet normal 0.514496 -0.857493 0
    outer loop
      vertex 19.1515 -18.4125 5
      vertex 19 -18.5034 0
      vertex 19.1515 -18.4125 0
    endloop
  endfacet
  facet normal -0.242935 -0.970042 0
    outer loop
      vertex 20.3512 -18.2346 0
      vertex 20.5225 -18.2775 5
      vertex 20.3512 -18.2346 5
    endloop
  endfacet
  facet normal -0.242935 -0.970042 -0
    outer loop
      vertex 20.5225 -18.2775 5
      vertex 20.3512 -18.2346 0
      vertex 20.5225 -18.2775 0
    endloop
  endfacet
  facet normal 0.671432 0.741066 -0
    outer loop
      vertex 18.8581 -21.3914 0
      vertex 18.7272 -21.2728 5
      vertex 18.8581 -21.3914 5
    endloop
  endfacet
  facet normal 0.671432 0.741066 0
    outer loop
      vertex 18.7272 -21.2728 5
      vertex 18.8581 -21.3914 0
      vertex 18.7272 -21.2728 0
    endloop
  endfacet
  facet normal -0.336874 0.94155 0
    outer loop
      vertex 20.6888 -21.663 0
      vertex 20.5225 -21.7225 5
      vertex 20.6888 -21.663 5
    endloop
  endfacet
  facet normal -0.336874 0.94155 0
    outer loop
      vertex 20.5225 -21.7225 5
      vertex 20.6888 -21.663 0
      vertex 20.5225 -21.7225 0
    endloop
  endfacet
  facet normal 0.741066 -0.671432 0
    outer loop
      vertex 18.6086 -18.8581 5
      vertex 18.7272 -18.7272 0
      vertex 18.7272 -18.7272 5
    endloop
  endfacet
  facet normal 0.741066 -0.671432 0
    outer loop
      vertex 18.7272 -18.7272 0
      vertex 18.6086 -18.8581 5
      vertex 18.6086 -18.8581 0
    endloop
  endfacet
  facet normal -0.0492599 -0.998786 0
    outer loop
      vertex 20 -18.2 0
      vertex 20.1764 -18.2087 5
      vertex 20 -18.2 5
    endloop
  endfacet
  facet normal -0.0492599 -0.998786 -0
    outer loop
      vertex 20.1764 -18.2087 5
      vertex 20 -18.2 0
      vertex 20.1764 -18.2087 0
    endloop
  endfacet
  facet normal -0.857493 0.514496 0
    outer loop
      vertex 21.4966 -21 0
      vertex 21.5875 -20.8485 5
      vertex 21.5875 -20.8485 0
    endloop
  endfacet
  facet normal -0.857493 0.514496 0
    outer loop
      vertex 21.5875 -20.8485 5
      vertex 21.4966 -21 0
      vertex 21.4966 -21 5
    endloop
  endfacet
  facet normal 0.514496 0.857493 -0
    outer loop
      vertex 19.1515 -21.5875 0
      vertex 19 -21.4966 5
      vertex 19.1515 -21.5875 5
    endloop
  endfacet
  facet normal 0.514496 0.857493 0
    outer loop
      vertex 19 -21.4966 5
      vertex 19.1515 -21.5875 0
      vertex 19 -21.4966 0
    endloop
  endfacet
  facet normal -0.671432 0.741066 0
    outer loop
      vertex 21.2728 -21.2728 0
      vertex 21.1419 -21.3914 5
      vertex 21.2728 -21.2728 5
    endloop
  endfacet
  facet normal -0.671432 0.741066 0
    outer loop
      vertex 21.1419 -21.3914 5
      vertex 21.2728 -21.2728 0
      vertex 21.1419 -21.3914 0
    endloop
  endfacet
  facet normal 0.970042 0.242935 0
    outer loop
      vertex 18.2775 -20.5225 5
      vertex 18.2346 -20.3512 0
      vertex 18.2346 -20.3512 5
    endloop
  endfacet
  facet normal 0.970042 0.242935 0
    outer loop
      vertex 18.2346 -20.3512 0
      vertex 18.2775 -20.5225 5
      vertex 18.2775 -20.5225 0
    endloop
  endfacet
  facet normal 0.336874 0.94155 -0
    outer loop
      vertex 19.4775 -21.7225 0
      vertex 19.3112 -21.663 5
      vertex 19.4775 -21.7225 5
    endloop
  endfacet
  facet normal 0.336874 0.94155 0
    outer loop
      vertex 19.3112 -21.663 5
      vertex 19.4775 -21.7225 0
      vertex 19.3112 -21.663 0
    endloop
  endfacet
  facet normal 0.94155 0.336874 0
    outer loop
      vertex 18.337 -20.6888 5
      vertex 18.2775 -20.5225 0
      vertex 18.2775 -20.5225 5
    endloop
  endfacet
  facet normal 0.94155 0.336874 0
    outer loop
      vertex 18.2775 -20.5225 0
      vertex 18.337 -20.6888 5
      vertex 18.337 -20.6888 0
    endloop
  endfacet
  facet normal 0.9892 0.146569 0
    outer loop
      vertex 18.2346 -20.3512 5
      vertex 18.2087 -20.1764 0
      vertex 18.2087 -20.1764 5
    endloop
  endfacet
  facet normal 0.9892 0.146569 0
    outer loop
      vertex 18.2087 -20.1764 0
      vertex 18.2346 -20.3512 5
      vertex 18.2346 -20.3512 0
    endloop
  endfacet
  facet normal 0.90406 0.427405 0
    outer loop
      vertex 18.4125 -20.8485 5
      vertex 18.337 -20.6888 0
      vertex 18.337 -20.6888 5
    endloop
  endfacet
  facet normal 0.90406 0.427405 0
    outer loop
      vertex 18.337 -20.6888 0
      vertex 18.4125 -20.8485 5
      vertex 18.4125 -20.8485 0
    endloop
  endfacet
  facet normal -0.595552 0.803316 0
    outer loop
      vertex 21.1419 -21.3914 0
      vertex 21 -21.4966 5
      vertex 21.1419 -21.3914 5
    endloop
  endfacet
  facet normal -0.595552 0.803316 0
    outer loop
      vertex 21 -21.4966 5
      vertex 21.1419 -21.3914 0
      vertex 21 -21.4966 0
    endloop
  endfacet
  facet normal 0.94155 -0.336874 0
    outer loop
      vertex 18.2775 -19.4775 5
      vertex 18.337 -19.3112 0
      vertex 18.337 -19.3112 5
    endloop
  endfacet
  facet normal 0.94155 -0.336874 0
    outer loop
      vertex 18.337 -19.3112 0
      vertex 18.2775 -19.4775 5
      vertex 18.2775 -19.4775 0
    endloop
  endfacet
  facet normal 0.970042 -0.242935 0
    outer loop
      vertex 18.2346 -19.6488 5
      vertex 18.2775 -19.4775 0
      vertex 18.2775 -19.4775 5
    endloop
  endfacet
  facet normal 0.970042 -0.242935 0
    outer loop
      vertex 18.2775 -19.4775 0
      vertex 18.2346 -19.6488 5
      vertex 18.2346 -19.6488 0
    endloop
  endfacet
  facet normal 0.427405 0.90406 -0
    outer loop
      vertex 19.3112 -21.663 0
      vertex 19.1515 -21.5875 5
      vertex 19.3112 -21.663 5
    endloop
  endfacet
  facet normal 0.427405 0.90406 0
    outer loop
      vertex 19.1515 -21.5875 5
      vertex 19.3112 -21.663 0
      vertex 19.1515 -21.5875 0
    endloop
  endfacet
  facet normal 0.857493 -0.514496 0
    outer loop
      vertex 18.4125 -19.1515 5
      vertex 18.5034 -19 0
      vertex 18.5034 -19 5
    endloop
  endfacet
  facet normal 0.857493 -0.514496 0
    outer loop
      vertex 18.5034 -19 0
      vertex 18.4125 -19.1515 5
      vertex 18.4125 -19.1515 0
    endloop
  endfacet
  facet normal 0.998786 0.0492599 0
    outer loop
      vertex 18.2087 -20.1764 5
      vertex 18.2 -20 0
      vertex 18.2 -20 5
    endloop
  endfacet
  facet normal 0.998786 0.0492599 0
    outer loop
      vertex 18.2 -20 0
      vertex 18.2087 -20.1764 5
      vertex 18.2087 -20.1764 0
    endloop
  endfacet
  facet normal -0.98917 -0.146776 0
    outer loop
      vertex 23.2344 -19.6814 5
      vertex 23.1876 -19.366 8
      vertex 23.1876 -19.366 5
    endloop
  endfacet
  facet normal -0.98917 -0.146776 0
    outer loop
      vertex 23.1876 -19.366 8
      vertex 23.2344 -19.6814 5
      vertex 23.2344 -19.6814 8
    endloop
  endfacet
  facet normal -0.998803 -0.0489056 0
    outer loop
      vertex 23.25 -20 5
      vertex 23.2344 -19.6814 8
      vertex 23.2344 -19.6814 5
    endloop
  endfacet
  facet normal -0.998803 -0.0489056 0
    outer loop
      vertex 23.2344 -19.6814 8
      vertex 23.25 -20 5
      vertex 23.25 -20 8
    endloop
  endfacet
  facet normal -0.970032 -0.242978 0
    outer loop
      vertex 23.1876 -19.366 5
      vertex 23.1101 -19.0566 8
      vertex 23.1101 -19.0566 5
    endloop
  endfacet
  facet normal -0.970032 -0.242978 0
    outer loop
      vertex 23.1101 -19.0566 8
      vertex 23.1876 -19.366 5
      vertex 23.1876 -19.366 8
    endloop
  endfacet
  facet normal 0.242978 -0.970032 0
    outer loop
      vertex 19.0566 -16.8899 5
      vertex 19.366 -16.8124 8
      vertex 19.0566 -16.8899 8
    endloop
  endfacet
  facet normal 0.242978 -0.970032 0
    outer loop
      vertex 19.366 -16.8124 8
      vertex 19.0566 -16.8899 5
      vertex 19.366 -16.8124 5
    endloop
  endfacet
  facet normal 0.146776 -0.98917 0
    outer loop
      vertex 19.366 -16.8124 5
      vertex 19.6814 -16.7656 8
      vertex 19.366 -16.8124 8
    endloop
  endfacet
  facet normal 0.146776 -0.98917 0
    outer loop
      vertex 19.6814 -16.7656 8
      vertex 19.366 -16.8124 5
      vertex 19.6814 -16.7656 5
    endloop
  endfacet
  facet normal -0.803224 -0.595677 0
    outer loop
      vertex 22.7023 -18.1944 5
      vertex 22.5123 -17.9382 8
      vertex 22.5123 -17.9382 5
    endloop
  endfacet
  facet normal -0.803224 -0.595677 0
    outer loop
      vertex 22.5123 -17.9382 8
      vertex 22.7023 -18.1944 5
      vertex 22.7023 -18.1944 8
    endloop
  endfacet
  facet normal -0.998803 0.0489056 0
    outer loop
      vertex 23.2344 -20.3186 5
      vertex 23.25 -20 8
      vertex 23.25 -20 5
    endloop
  endfacet
  facet normal -0.998803 0.0489056 0
    outer loop
      vertex 23.25 -20 8
      vertex 23.2344 -20.3186 5
      vertex 23.2344 -20.3186 8
    endloop
  endfacet
  facet normal -0.903936 0.427668 0
    outer loop
      vertex 22.8662 -21.532 5
      vertex 23.0026 -21.2437 8
      vertex 23.0026 -21.2437 5
    endloop
  endfacet
  facet normal -0.903936 0.427668 0
    outer loop
      vertex 23.0026 -21.2437 8
      vertex 22.8662 -21.532 5
      vertex 22.8662 -21.532 8
    endloop
  endfacet
  facet normal 0.903936 0.427668 0
    outer loop
      vertex 17.1338 -21.532 8
      vertex 16.9974 -21.2437 5
      vertex 16.9974 -21.2437 8
    endloop
  endfacet
  facet normal 0.903936 0.427668 0
    outer loop
      vertex 16.9974 -21.2437 5
      vertex 17.1338 -21.532 8
      vertex 17.1338 -21.532 5
    endloop
  endfacet
  facet normal -0.337031 0.941493 0
    outer loop
      vertex 21.2437 -23.0026 5
      vertex 20.9434 -23.1101 8
      vertex 21.2437 -23.0026 8
    endloop
  endfacet
  facet normal -0.337031 0.941493 0
    outer loop
      vertex 20.9434 -23.1101 8
      vertex 21.2437 -23.0026 5
      vertex 20.9434 -23.1101 5
    endloop
  endfacet
  facet normal -0.427668 0.903936 0
    outer loop
      vertex 21.532 -22.8662 5
      vertex 21.2437 -23.0026 8
      vertex 21.532 -22.8662 8
    endloop
  endfacet
  facet normal -0.427668 0.903936 0
    outer loop
      vertex 21.2437 -23.0026 8
      vertex 21.532 -22.8662 5
      vertex 21.2437 -23.0026 5
    endloop
  endfacet
  facet normal 0.857852 -0.513896 0
    outer loop
      vertex 17.1338 -18.468 8
      vertex 17.2977 -18.1944 5
      vertex 17.2977 -18.1944 8
    endloop
  endfacet
  facet normal 0.857852 -0.513896 0
    outer loop
      vertex 17.2977 -18.1944 5
      vertex 17.1338 -18.468 8
      vertex 17.1338 -18.468 5
    endloop
  endfacet
  facet normal -0.242978 -0.970032 0
    outer loop
      vertex 20.634 -16.8124 5
      vertex 20.9434 -16.8899 8
      vertex 20.634 -16.8124 8
    endloop
  endfacet
  facet normal -0.242978 -0.970032 -0
    outer loop
      vertex 20.9434 -16.8899 8
      vertex 20.634 -16.8124 5
      vertex 20.9434 -16.8899 5
    endloop
  endfacet
  facet normal 0.0489056 -0.998803 0
    outer loop
      vertex 19.6814 -16.7656 5
      vertex 20 -16.75 8
      vertex 19.6814 -16.7656 8
    endloop
  endfacet
  facet normal 0.0489056 -0.998803 0
    outer loop
      vertex 20 -16.75 8
      vertex 19.6814 -16.7656 5
      vertex 20 -16.75 5
    endloop
  endfacet
  facet normal 0.941493 -0.337031 0
    outer loop
      vertex 16.8899 -19.0566 8
      vertex 16.9974 -18.7563 5
      vertex 16.9974 -18.7563 8
    endloop
  endfacet
  facet normal 0.941493 -0.337031 0
    outer loop
      vertex 16.9974 -18.7563 5
      vertex 16.8899 -19.0566 8
      vertex 16.8899 -19.0566 5
    endloop
  endfacet
  facet normal 0.427668 -0.903936 0
    outer loop
      vertex 18.468 -17.1338 5
      vertex 18.7563 -16.9974 8
      vertex 18.468 -17.1338 8
    endloop
  endfacet
  facet normal 0.427668 -0.903936 0
    outer loop
      vertex 18.7563 -16.9974 8
      vertex 18.468 -17.1338 5
      vertex 18.7563 -16.9974 5
    endloop
  endfacet
  facet normal -0.337031 -0.941493 0
    outer loop
      vertex 20.9434 -16.8899 5
      vertex 21.2437 -16.9974 8
      vertex 20.9434 -16.8899 8
    endloop
  endfacet
  facet normal -0.337031 -0.941493 -0
    outer loop
      vertex 21.2437 -16.9974 8
      vertex 20.9434 -16.8899 5
      vertex 21.2437 -16.9974 5
    endloop
  endfacet
  facet normal 0.513896 -0.857852 0
    outer loop
      vertex 18.1944 -17.2977 5
      vertex 18.468 -17.1338 8
      vertex 18.1944 -17.2977 8
    endloop
  endfacet
  facet normal 0.513896 -0.857852 0
    outer loop
      vertex 18.468 -17.1338 8
      vertex 18.1944 -17.2977 5
      vertex 18.468 -17.1338 5
    endloop
  endfacet
  facet normal 0.941493 0.337031 0
    outer loop
      vertex 16.9974 -21.2437 8
      vertex 16.8899 -20.9434 5
      vertex 16.8899 -20.9434 8
    endloop
  endfacet
  facet normal 0.941493 0.337031 0
    outer loop
      vertex 16.8899 -20.9434 5
      vertex 16.9974 -21.2437 8
      vertex 16.9974 -21.2437 5
    endloop
  endfacet
  facet normal 0.337031 -0.941493 0
    outer loop
      vertex 18.7563 -16.9974 5
      vertex 19.0566 -16.8899 8
      vertex 18.7563 -16.9974 8
    endloop
  endfacet
  facet normal 0.337031 -0.941493 0
    outer loop
      vertex 19.0566 -16.8899 8
      vertex 18.7563 -16.9974 5
      vertex 19.0566 -16.8899 5
    endloop
  endfacet
  facet normal -0.903936 -0.427668 0
    outer loop
      vertex 23.0026 -18.7563 5
      vertex 22.8662 -18.468 8
      vertex 22.8662 -18.468 5
    endloop
  endfacet
  facet normal -0.903936 -0.427668 0
    outer loop
      vertex 22.8662 -18.468 8
      vertex 23.0026 -18.7563 5
      vertex 23.0026 -18.7563 8
    endloop
  endfacet
  facet normal 0.337031 0.941493 -0
    outer loop
      vertex 19.0566 -23.1101 5
      vertex 18.7563 -23.0026 8
      vertex 19.0566 -23.1101 8
    endloop
  endfacet
  facet normal 0.337031 0.941493 0
    outer loop
      vertex 18.7563 -23.0026 8
      vertex 19.0566 -23.1101 5
      vertex 18.7563 -23.0026 5
    endloop
  endfacet
  facet normal 0.595677 -0.803224 0
    outer loop
      vertex 17.9382 -17.4877 5
      vertex 18.1944 -17.2977 8
      vertex 17.9382 -17.4877 8
    endloop
  endfacet
  facet normal 0.595677 -0.803224 0
    outer loop
      vertex 18.1944 -17.2977 8
      vertex 17.9382 -17.4877 5
      vertex 18.1944 -17.2977 5
    endloop
  endfacet
  facet normal -0.941493 -0.337031 0
    outer loop
      vertex 23.1101 -19.0566 5
      vertex 23.0026 -18.7563 8
      vertex 23.0026 -18.7563 5
    endloop
  endfacet
  facet normal -0.941493 -0.337031 0
    outer loop
      vertex 23.0026 -18.7563 8
      vertex 23.1101 -19.0566 5
      vertex 23.1101 -19.0566 8
    endloop
  endfacet
  facet normal 0.903936 -0.427668 0
    outer loop
      vertex 16.9974 -18.7563 8
      vertex 17.1338 -18.468 5
      vertex 17.1338 -18.468 8
    endloop
  endfacet
  facet normal 0.903936 -0.427668 0
    outer loop
      vertex 17.1338 -18.468 5
      vertex 16.9974 -18.7563 8
      vertex 16.9974 -18.7563 5
    endloop
  endfacet
  facet normal -0.595677 -0.803224 0
    outer loop
      vertex 21.8056 -17.2977 5
      vertex 22.0618 -17.4877 8
      vertex 21.8056 -17.2977 8
    endloop
  endfacet
  facet normal -0.595677 -0.803224 -0
    outer loop
      vertex 22.0618 -17.4877 8
      vertex 21.8056 -17.2977 5
      vertex 22.0618 -17.4877 5
    endloop
  endfacet
  facet normal -0.941493 0.337031 0
    outer loop
      vertex 23.0026 -21.2437 5
      vertex 23.1101 -20.9434 8
      vertex 23.1101 -20.9434 5
    endloop
  endfacet
  facet normal -0.941493 0.337031 0
    outer loop
      vertex 23.1101 -20.9434 8
      vertex 23.0026 -21.2437 5
      vertex 23.0026 -21.2437 8
    endloop
  endfacet
  facet normal 0.970032 0.242978 0
    outer loop
      vertex 16.8899 -20.9434 8
      vertex 16.8124 -20.634 5
      vertex 16.8124 -20.634 8
    endloop
  endfacet
  facet normal 0.970032 0.242978 0
    outer loop
      vertex 16.8124 -20.634 5
      vertex 16.8899 -20.9434 8
      vertex 16.8899 -20.9434 5
    endloop
  endfacet
  facet normal 0.98917 -0.146776 0
    outer loop
      vertex 16.7656 -19.6814 8
      vertex 16.8124 -19.366 5
      vertex 16.8124 -19.366 8
    endloop
  endfacet
  facet normal 0.98917 -0.146776 0
    outer loop
      vertex 16.8124 -19.366 5
      vertex 16.7656 -19.6814 8
      vertex 16.7656 -19.6814 5
    endloop
  endfacet
  facet normal 0.671611 0.740904 -0
    outer loop
      vertex 17.9382 -22.5123 5
      vertex 17.7019 -22.2981 8
      vertex 17.9382 -22.5123 8
    endloop
  endfacet
  facet normal 0.671611 0.740904 0
    outer loop
      vertex 17.7019 -22.2981 8
      vertex 17.9382 -22.5123 5
      vertex 17.7019 -22.2981 5
    endloop
  endfacet
  facet normal -0.671611 -0.740904 0
    outer loop
      vertex 22.0618 -17.4877 5
      vertex 22.2981 -17.7019 8
      vertex 22.0618 -17.4877 8
    endloop
  endfacet
  facet normal -0.671611 -0.740904 -0
    outer loop
      vertex 22.2981 -17.7019 8
      vertex 22.0618 -17.4877 5
      vertex 22.2981 -17.7019 5
    endloop
  endfacet
  facet normal -0.803224 0.595677 0
    outer loop
      vertex 22.5123 -22.0618 5
      vertex 22.7023 -21.8056 8
      vertex 22.7023 -21.8056 5
    endloop
  endfacet
  facet normal -0.803224 0.595677 0
    outer loop
      vertex 22.7023 -21.8056 8
      vertex 22.5123 -22.0618 5
      vertex 22.5123 -22.0618 8
    endloop
  endfacet
  facet normal -0.970032 0.242978 0
    outer loop
      vertex 23.1101 -20.9434 5
      vertex 23.1876 -20.634 8
      vertex 23.1876 -20.634 5
    endloop
  endfacet
  facet normal -0.970032 0.242978 0
    outer loop
      vertex 23.1876 -20.634 8
      vertex 23.1101 -20.9434 5
      vertex 23.1101 -20.9434 8
    endloop
  endfacet
  facet normal -0.242978 0.970032 0
    outer loop
      vertex 20.9434 -23.1101 5
      vertex 20.634 -23.1876 8
      vertex 20.9434 -23.1101 8
    endloop
  endfacet
  facet normal -0.242978 0.970032 0
    outer loop
      vertex 20.634 -23.1876 8
      vertex 20.9434 -23.1101 5
      vertex 20.634 -23.1876 5
    endloop
  endfacet
  facet normal 0.242978 0.970032 -0
    outer loop
      vertex 19.366 -23.1876 5
      vertex 19.0566 -23.1101 8
      vertex 19.366 -23.1876 8
    endloop
  endfacet
  facet normal 0.242978 0.970032 0
    outer loop
      vertex 19.0566 -23.1101 8
      vertex 19.366 -23.1876 5
      vertex 19.0566 -23.1101 5
    endloop
  endfacet
  facet normal -0.427668 -0.903936 0
    outer loop
      vertex 21.2437 -16.9974 5
      vertex 21.532 -17.1338 8
      vertex 21.2437 -16.9974 8
    endloop
  endfacet
  facet normal -0.427668 -0.903936 -0
    outer loop
      vertex 21.532 -17.1338 8
      vertex 21.2437 -16.9974 5
      vertex 21.532 -17.1338 5
    endloop
  endfacet
  facet normal -0.513896 -0.857852 0
    outer loop
      vertex 21.532 -17.1338 5
      vertex 21.8056 -17.2977 8
      vertex 21.532 -17.1338 8
    endloop
  endfacet
  facet normal -0.513896 -0.857852 -0
    outer loop
      vertex 21.8056 -17.2977 8
      vertex 21.532 -17.1338 5
      vertex 21.8056 -17.2977 5
    endloop
  endfacet
  facet normal 0.803224 0.595677 0
    outer loop
      vertex 17.4877 -22.0618 8
      vertex 17.2977 -21.8056 5
      vertex 17.2977 -21.8056 8
    endloop
  endfacet
  facet normal 0.803224 0.595677 0
    outer loop
      vertex 17.2977 -21.8056 5
      vertex 17.4877 -22.0618 8
      vertex 17.4877 -22.0618 5
    endloop
  endfacet
  facet normal -0.98917 0.146776 0
    outer loop
      vertex 23.1876 -20.634 5
      vertex 23.2344 -20.3186 8
      vertex 23.2344 -20.3186 5
    endloop
  endfacet
  facet normal -0.98917 0.146776 0
    outer loop
      vertex 23.2344 -20.3186 8
      vertex 23.1876 -20.634 5
      vertex 23.1876 -20.634 8
    endloop
  endfacet
  facet normal 0.146776 0.98917 -0
    outer loop
      vertex 19.6814 -23.2344 5
      vertex 19.366 -23.1876 8
      vertex 19.6814 -23.2344 8
    endloop
  endfacet
  facet normal 0.146776 0.98917 0
    outer loop
      vertex 19.366 -23.1876 8
      vertex 19.6814 -23.2344 5
      vertex 19.366 -23.1876 5
    endloop
  endfacet
  facet normal -0.740904 -0.671611 0
    outer loop
      vertex 22.5123 -17.9382 5
      vertex 22.2981 -17.7019 8
      vertex 22.2981 -17.7019 5
    endloop
  endfacet
  facet normal -0.740904 -0.671611 0
    outer loop
      vertex 22.2981 -17.7019 8
      vertex 22.5123 -17.9382 5
      vertex 22.5123 -17.9382 8
    endloop
  endfacet
  facet normal -0.857852 -0.513896 0
    outer loop
      vertex 22.8662 -18.468 5
      vertex 22.7023 -18.1944 8
      vertex 22.7023 -18.1944 5
    endloop
  endfacet
  facet normal -0.857852 -0.513896 0
    outer loop
      vertex 22.7023 -18.1944 8
      vertex 22.8662 -18.468 5
      vertex 22.8662 -18.468 8
    endloop
  endfacet
  facet normal 0.671611 -0.740904 0
    outer loop
      vertex 17.7019 -17.7019 5
      vertex 17.9382 -17.4877 8
      vertex 17.7019 -17.7019 8
    endloop
  endfacet
  facet normal 0.671611 -0.740904 0
    outer loop
      vertex 17.9382 -17.4877 8
      vertex 17.7019 -17.7019 5
      vertex 17.9382 -17.4877 5
    endloop
  endfacet
  facet normal 0.0489056 0.998803 -0
    outer loop
      vertex 20 -23.25 5
      vertex 19.6814 -23.2344 8
      vertex 20 -23.25 8
    endloop
  endfacet
  facet normal 0.0489056 0.998803 0
    outer loop
      vertex 19.6814 -23.2344 8
      vertex 20 -23.25 5
      vertex 19.6814 -23.2344 5
    endloop
  endfacet
  facet normal -0.857852 0.513896 0
    outer loop
      vertex 22.7023 -21.8056 5
      vertex 22.8662 -21.532 8
      vertex 22.8662 -21.532 5
    endloop
  endfacet
  facet normal -0.857852 0.513896 0
    outer loop
      vertex 22.8662 -21.532 8
      vertex 22.7023 -21.8056 5
      vertex 22.7023 -21.8056 8
    endloop
  endfacet
  facet normal 0.998803 0.0489056 0
    outer loop
      vertex 16.7656 -20.3186 8
      vertex 16.75 -20 5
      vertex 16.75 -20 8
    endloop
  endfacet
  facet normal 0.998803 0.0489056 0
    outer loop
      vertex 16.75 -20 5
      vertex 16.7656 -20.3186 8
      vertex 16.7656 -20.3186 5
    endloop
  endfacet
  facet normal 0.740904 -0.671611 0
    outer loop
      vertex 17.4877 -17.9382 8
      vertex 17.7019 -17.7019 5
      vertex 17.7019 -17.7019 8
    endloop
  endfacet
  facet normal 0.740904 -0.671611 0
    outer loop
      vertex 17.7019 -17.7019 5
      vertex 17.4877 -17.9382 8
      vertex 17.4877 -17.9382 5
    endloop
  endfacet
  facet normal 0.427668 0.903936 -0
    outer loop
      vertex 18.7563 -23.0026 5
      vertex 18.468 -22.8662 8
      vertex 18.7563 -23.0026 8
    endloop
  endfacet
  facet normal 0.427668 0.903936 0
    outer loop
      vertex 18.468 -22.8662 8
      vertex 18.7563 -23.0026 5
      vertex 18.468 -22.8662 5
    endloop
  endfacet
  facet normal 0.740904 0.671611 0
    outer loop
      vertex 17.7019 -22.2981 8
      vertex 17.4877 -22.0618 5
      vertex 17.4877 -22.0618 8
    endloop
  endfacet
  facet normal 0.740904 0.671611 0
    outer loop
      vertex 17.4877 -22.0618 5
      vertex 17.7019 -22.2981 8
      vertex 17.7019 -22.2981 5
    endloop
  endfacet
  facet normal 0.98917 0.146776 0
    outer loop
      vertex 16.8124 -20.634 8
      vertex 16.7656 -20.3186 5
      vertex 16.7656 -20.3186 8
    endloop
  endfacet
  facet normal 0.98917 0.146776 0
    outer loop
      vertex 16.7656 -20.3186 5
      vertex 16.8124 -20.634 8
      vertex 16.8124 -20.634 5
    endloop
  endfacet
  facet normal -0.0489056 0.998803 0
    outer loop
      vertex 20.3186 -23.2344 5
      vertex 20 -23.25 8
      vertex 20.3186 -23.2344 8
    endloop
  endfacet
  facet normal -0.0489056 0.998803 0
    outer loop
      vertex 20 -23.25 8
      vertex 20.3186 -23.2344 5
      vertex 20 -23.25 5
    endloop
  endfacet
  facet normal -0.740904 0.671611 0
    outer loop
      vertex 22.2981 -22.2981 5
      vertex 22.5123 -22.0618 8
      vertex 22.5123 -22.0618 5
    endloop
  endfacet
  facet normal -0.740904 0.671611 0
    outer loop
      vertex 22.5123 -22.0618 8
      vertex 22.2981 -22.2981 5
      vertex 22.2981 -22.2981 8
    endloop
  endfacet
  facet normal -0.146776 -0.98917 0
    outer loop
      vertex 20.3186 -16.7656 5
      vertex 20.634 -16.8124 8
      vertex 20.3186 -16.7656 8
    endloop
  endfacet
  facet normal -0.146776 -0.98917 -0
    outer loop
      vertex 20.634 -16.8124 8
      vertex 20.3186 -16.7656 5
      vertex 20.634 -16.8124 5
    endloop
  endfacet
  facet normal 0.970032 -0.242978 0
    outer loop
      vertex 16.8124 -19.366 8
      vertex 16.8899 -19.0566 5
      vertex 16.8899 -19.0566 8
    endloop
  endfacet
  facet normal 0.970032 -0.242978 0
    outer loop
      vertex 16.8899 -19.0566 5
      vertex 16.8124 -19.366 8
      vertex 16.8124 -19.366 5
    endloop
  endfacet
  facet normal -0.595677 0.803224 0
    outer loop
      vertex 22.0618 -22.5123 5
      vertex 21.8056 -22.7023 8
      vertex 22.0618 -22.5123 8
    endloop
  endfacet
  facet normal -0.595677 0.803224 0
    outer loop
      vertex 21.8056 -22.7023 8
      vertex 22.0618 -22.5123 5
      vertex 21.8056 -22.7023 5
    endloop
  endfacet
  facet normal -0.0489056 -0.998803 0
    outer loop
      vertex 20 -16.75 5
      vertex 20.3186 -16.7656 8
      vertex 20 -16.75 8
    endloop
  endfacet
  facet normal -0.0489056 -0.998803 -0
    outer loop
      vertex 20.3186 -16.7656 8
      vertex 20 -16.75 5
      vertex 20.3186 -16.7656 5
    endloop
  endfacet
  facet normal 0.513896 0.857852 -0
    outer loop
      vertex 18.468 -22.8662 5
      vertex 18.1944 -22.7023 8
      vertex 18.468 -22.8662 8
    endloop
  endfacet
  facet normal 0.513896 0.857852 0
    outer loop
      vertex 18.1944 -22.7023 8
      vertex 18.468 -22.8662 5
      vertex 18.1944 -22.7023 5
    endloop
  endfacet
  facet normal -0.146776 0.98917 0
    outer loop
      vertex 20.634 -23.1876 5
      vertex 20.3186 -23.2344 8
      vertex 20.634 -23.1876 8
    endloop
  endfacet
  facet normal -0.146776 0.98917 0
    outer loop
      vertex 20.3186 -23.2344 8
      vertex 20.634 -23.1876 5
      vertex 20.3186 -23.2344 5
    endloop
  endfacet
  facet normal 0.595677 0.803224 -0
    outer loop
      vertex 18.1944 -22.7023 5
      vertex 17.9382 -22.5123 8
      vertex 18.1944 -22.7023 8
    endloop
  endfacet
  facet normal 0.595677 0.803224 0
    outer loop
      vertex 17.9382 -22.5123 8
      vertex 18.1944 -22.7023 5
      vertex 17.9382 -22.5123 5
    endloop
  endfacet
  facet normal 0.857852 0.513896 0
    outer loop
      vertex 17.2977 -21.8056 8
      vertex 17.1338 -21.532 5
      vertex 17.1338 -21.532 8
    endloop
  endfacet
  facet normal 0.857852 0.513896 0
    outer loop
      vertex 17.1338 -21.532 5
      vertex 17.2977 -21.8056 8
      vertex 17.2977 -21.8056 5
    endloop
  endfacet
  facet normal -0.513896 0.857852 0
    outer loop
      vertex 21.8056 -22.7023 5
      vertex 21.532 -22.8662 8
      vertex 21.8056 -22.7023 8
    endloop
  endfacet
  facet normal -0.513896 0.857852 0
    outer loop
      vertex 21.532 -22.8662 8
      vertex 21.8056 -22.7023 5
      vertex 21.532 -22.8662 5
    endloop
  endfacet
  facet normal -0.671611 0.740904 0
    outer loop
      vertex 22.2981 -22.2981 5
      vertex 22.0618 -22.5123 8
      vertex 22.2981 -22.2981 8
    endloop
  endfacet
  facet normal -0.671611 0.740904 0
    outer loop
      vertex 22.0618 -22.5123 8
      vertex 22.2981 -22.2981 5
      vertex 22.0618 -22.5123 5
    endloop
  endfacet
  facet normal 0.998803 -0.0489056 0
    outer loop
      vertex 16.75 -20 8
      vertex 16.7656 -19.6814 5
      vertex 16.7656 -19.6814 8
    endloop
  endfacet
  facet normal 0.998803 -0.0489056 0
    outer loop
      vertex 16.7656 -19.6814 5
      vertex 16.75 -20 8
      vertex 16.75 -20 5
    endloop
  endfacet
  facet normal 0.803224 -0.595677 0
    outer loop
      vertex 17.2977 -18.1944 8
      vertex 17.4877 -17.9382 5
      vertex 17.4877 -17.9382 8
    endloop
  endfacet
  facet normal 0.803224 -0.595677 0
    outer loop
      vertex 17.4877 -17.9382 5
      vertex 17.2977 -18.1944 8
      vertex 17.2977 -18.1944 5
    endloop
  endfacet
  facet normal 0 0 1
    outer loop
      vertex 21.8 -20 5
      vertex 23.25 -20 5
      vertex 23.2344 -19.6814 5
    endloop
  endfacet
  facet normal 0 0 1
    outer loop
      vertex 21.7913 -19.8236 5
      vertex 23.2344 -19.6814 5
      vertex 23.1876 -19.366 5
    endloop
  endfacet
  facet normal 0 0 1
    outer loop
      vertex 23.25 -20 5
      vertex 21.8 -20 5
      vertex 23.2344 -20.3186 5
    endloop
  endfacet
  facet normal 0 0 1
    outer loop
      vertex 21.7654 -19.6488 5
      vertex 23.1876 -19.366 5
      vertex 23.1101 -19.0566 5
    endloop
  endfacet
  facet normal -0 0 1
    outer loop
      vertex 21.7913 -20.1764 5
      vertex 23.2344 -20.3186 5
      vertex 21.8 -20 5
    endloop
  endfacet
  facet normal 0 0 1
    outer loop
      vertex 21.7225 -19.4775 5
      vertex 23.1101 -19.0566 5
      vertex 23.0026 -18.7563 5
    endloop
  endfacet
  facet normal 0 0 1
    outer loop
      vertex 23.2344 -20.3186 5
      vertex 21.7913 -20.1764 5
      vertex 23.1876 -20.634 5
    endloop
  endfacet
  facet normal 0 0 1
    outer loop
      vertex 21.663 -19.3112 5
      vertex 23.0026 -18.7563 5
      vertex 22.8662 -18.468 5
    endloop
  endfacet
  facet normal -0 0 1
    outer loop
      vertex 21.7654 -20.3512 5
      vertex 23.1876 -20.634 5
      vertex 21.7913 -20.1764 5
    endloop
  endfacet
  facet normal 0 0 1
    outer loop
      vertex 21.5875 -19.1515 5
      vertex 22.8662 -18.468 5
      vertex 22.7023 -18.1944 5
    endloop
  endfacet
  facet normal 0 0 1
    outer loop
      vertex 23.1876 -20.634 5
      vertex 21.7654 -20.3512 5
      vertex 23.1101 -20.9434 5
    endloop
  endfacet
  facet normal 0 0 1
    outer loop
      vertex 21.4966 -19 5
      vertex 22.7023 -18.1944 5
      vertex 22.5123 -17.9382 5
    endloop
  endfacet
  facet normal -0 0 1
    outer loop
      vertex 21.7225 -20.5225 5
      vertex 23.1101 -20.9434 5
      vertex 21.7654 -20.3512 5
    endloop
  endfacet
  facet normal 0 0 1
    outer loop
      vertex 21.3914 -18.8581 5
      vertex 22.5123 -17.9382 5
      vertex 22.2981 -17.7019 5
    endloop
  endfacet
  facet normal 0 0 1
    outer loop
      vertex 23.1101 -20.9434 5
      vertex 21.7225 -20.5225 5
      vertex 23.0026 -21.2437 5
    endloop
  endfacet
  facet normal 0 0 1
    outer loop
      vertex 21.2728 -18.7272 5
      vertex 22.2981 -17.7019 5
      vertex 22.0618 -17.4877 5
    endloop
  endfacet
  facet normal -0 0 1
    outer loop
      vertex 21.663 -20.6888 5
      vertex 23.0026 -21.2437 5
      vertex 21.7225 -20.5225 5
    endloop
  endfacet
  facet normal 0 0 1
    outer loop
      vertex 21.1419 -18.6086 5
      vertex 22.0618 -17.4877 5
      vertex 21.8056 -17.2977 5
    endloop
  endfacet
  facet normal 0 0 1
    outer loop
      vertex 23.0026 -21.2437 5
      vertex 21.663 -20.6888 5
      vertex 22.8662 -21.532 5
    endloop
  endfacet
  facet normal -0 0 1
    outer loop
      vertex 21.5875 -20.8485 5
      vertex 22.8662 -21.532 5
      vertex 21.663 -20.6888 5
    endloop
  endfacet
  facet normal 0 0 1
    outer loop
      vertex 23.2344 -19.6814 5
      vertex 21.7913 -19.8236 5
      vertex 21.8 -20 5
    endloop
  endfacet
  facet normal 0 0 1
    outer loop
      vertex 23.1876 -19.366 5
      vertex 21.7654 -19.6488 5
      vertex 21.7913 -19.8236 5
    endloop
  endfacet
  facet normal 0 0 1
    outer loop
      vertex 23.1101 -19.0566 5
      vertex 21.7225 -19.4775 5
      vertex 21.7654 -19.6488 5
    endloop
  endfacet
  facet normal 0 0 1
    outer loop
      vertex 23.0026 -18.7563 5
      vertex 21.663 -19.3112 5
      vertex 21.7225 -19.4775 5
    endloop
  endfacet
  facet normal 0 0 1
    outer loop
      vertex 22.8662 -18.468 5
      vertex 21.5875 -19.1515 5
      vertex 21.663 -19.3112 5
    endloop
  endfacet
  facet normal 0 0 1
    outer loop
      vertex 21 -18.5034 5
      vertex 21.8056 -17.2977 5
      vertex 21.532 -17.1338 5
    endloop
  endfacet
  facet normal 0 0 1
    outer loop
      vertex 22.7023 -18.1944 5
      vertex 21.4966 -19 5
      vertex 21.5875 -19.1515 5
    endloop
  endfacet
  facet normal 0 0 1
    outer loop
      vertex 22.5123 -17.9382 5
      vertex 21.3914 -18.8581 5
      vertex 21.4966 -19 5
    endloop
  endfacet
  facet normal 0 0 1
    outer loop
      vertex 22.2981 -17.7019 5
      vertex 21.2728 -18.7272 5
      vertex 21.3914 -18.8581 5
    endloop
  endfacet
  facet normal 0 0 1
    outer loop
      vertex 20.8485 -18.4125 5
      vertex 21.532 -17.1338 5
      vertex 21.2437 -16.9974 5
    endloop
  endfacet
  facet normal 0 0 1
    outer loop
      vertex 22.0618 -17.4877 5
      vertex 21.1419 -18.6086 5
      vertex 21.2728 -18.7272 5
    endloop
  endfacet
  facet normal 0 0 1
    outer loop
      vertex 21.8056 -17.2977 5
      vertex 21 -18.5034 5
      vertex 21.1419 -18.6086 5
    endloop
  endfacet
  facet normal 0 0 1
    outer loop
      vertex 20.6888 -18.337 5
      vertex 21.2437 -16.9974 5
      vertex 20.9434 -16.8899 5
    endloop
  endfacet
  facet normal 0 0 1
    outer loop
      vertex 21.532 -17.1338 5
      vertex 20.8485 -18.4125 5
      vertex 21 -18.5034 5
    endloop
  endfacet
  facet normal 0 0 1
    outer loop
      vertex 21.2437 -16.9974 5
      vertex 20.6888 -18.337 5
      vertex 20.8485 -18.4125 5
    endloop
  endfacet
  facet normal 0 0 1
    outer loop
      vertex 20.5225 -18.2775 5
      vertex 20.9434 -16.8899 5
      vertex 20.634 -16.8124 5
    endloop
  endfacet
  facet normal 0 0 1
    outer loop
      vertex 20.9434 -16.8899 5
      vertex 20.5225 -18.2775 5
      vertex 20.6888 -18.337 5
    endloop
  endfacet
  facet normal 0 0 1
    outer loop
      vertex 20.634 -16.8124 5
      vertex 20.3512 -18.2346 5
      vertex 20.5225 -18.2775 5
    endloop
  endfacet
  facet normal 0 0 1
    outer loop
      vertex 20.3186 -16.7656 5
      vertex 20.3512 -18.2346 5
      vertex 20.634 -16.8124 5
    endloop
  endfacet
  facet normal 0 0 1
    outer loop
      vertex 20.3186 -16.7656 5
      vertex 20.1764 -18.2087 5
      vertex 20.3512 -18.2346 5
    endloop
  endfacet
  facet normal 0 0 1
    outer loop
      vertex 20 -16.75 5
      vertex 20.1764 -18.2087 5
      vertex 20.3186 -16.7656 5
    endloop
  endfacet
  facet normal 0 0 1
    outer loop
      vertex 20 -16.75 5
      vertex 20 -18.2 5
      vertex 20.1764 -18.2087 5
    endloop
  endfacet
  facet normal 0 0 1
    outer loop
      vertex 20 -16.75 5
      vertex 19.8236 -18.2087 5
      vertex 20 -18.2 5
    endloop
  endfacet
  facet normal -0 0 1
    outer loop
      vertex 19.6814 -16.7656 5
      vertex 19.8236 -18.2087 5
      vertex 20 -16.75 5
    endloop
  endfacet
  facet normal 0 0 1
    outer loop
      vertex 19.6814 -16.7656 5
      vertex 19.6488 -18.2346 5
      vertex 19.8236 -18.2087 5
    endloop
  endfacet
  facet normal -0 0 1
    outer loop
      vertex 19.366 -16.8124 5
      vertex 19.6488 -18.2346 5
      vertex 19.6814 -16.7656 5
    endloop
  endfacet
  facet normal 0 0 1
    outer loop
      vertex 19.6488 -18.2346 5
      vertex 19.366 -16.8124 5
      vertex 19.4775 -18.2775 5
    endloop
  endfacet
  facet normal -0 0 1
    outer loop
      vertex 19.0566 -16.8899 5
      vertex 19.4775 -18.2775 5
      vertex 19.366 -16.8124 5
    endloop
  endfacet
  facet normal 0 0 1
    outer loop
      vertex 19.4775 -18.2775 5
      vertex 19.0566 -16.8899 5
      vertex 19.3112 -18.337 5
    endloop
  endfacet
  facet normal -0 0 1
    outer loop
      vertex 18.7563 -16.9974 5
      vertex 19.3112 -18.337 5
      vertex 19.0566 -16.8899 5
    endloop
  endfacet
  facet normal 0 0 1
    outer loop
      vertex 19.3112 -18.337 5
      vertex 18.7563 -16.9974 5
      vertex 19.1515 -18.4125 5
    endloop
  endfacet
  facet normal -0 0 1
    outer loop
      vertex 18.468 -17.1338 5
      vertex 19.1515 -18.4125 5
      vertex 18.7563 -16.9974 5
    endloop
  endfacet
  facet normal 0 0 1
    outer loop
      vertex 19.1515 -18.4125 5
      vertex 18.468 -17.1338 5
      vertex 19 -18.5034 5
    endloop
  endfacet
  facet normal -0 0 1
    outer loop
      vertex 18.1944 -17.2977 5
      vertex 19 -18.5034 5
      vertex 18.468 -17.1338 5
    endloop
  endfacet
  facet normal 0 0 1
    outer loop
      vertex 19 -18.5034 5
      vertex 18.1944 -17.2977 5
      vertex 18.8581 -18.6086 5
    endloop
  endfacet
  facet normal -0 0 1
    outer loop
      vertex 17.9382 -17.4877 5
      vertex 18.8581 -18.6086 5
      vertex 18.1944 -17.2977 5
    endloop
  endfacet
  facet normal 0 0 1
    outer loop
      vertex 18.8581 -18.6086 5
      vertex 17.9382 -17.4877 5
      vertex 18.7272 -18.7272 5
    endloop
  endfacet
  facet normal -0 0 1
    outer loop
      vertex 17.7019 -17.7019 5
      vertex 18.7272 -18.7272 5
      vertex 17.9382 -17.4877 5
    endloop
  endfacet
  facet normal 0 0 1
    outer loop
      vertex 18.7272 -18.7272 5
      vertex 17.7019 -17.7019 5
      vertex 18.6086 -18.8581 5
    endloop
  endfacet
  facet normal -0 0 1
    outer loop
      vertex 17.4877 -17.9382 5
      vertex 18.6086 -18.8581 5
      vertex 17.7019 -17.7019 5
    endloop
  endfacet
  facet normal 0 0 1
    outer loop
      vertex 18.6086 -18.8581 5
      vertex 17.4877 -17.9382 5
      vertex 18.5034 -19 5
    endloop
  endfacet
  facet normal -0 0 1
    outer loop
      vertex 17.2977 -18.1944 5
      vertex 18.5034 -19 5
      vertex 17.4877 -17.9382 5
    endloop
  endfacet
  facet normal -0 0 1
    outer loop
      vertex 17.1338 -18.468 5
      vertex 18.4125 -19.1515 5
      vertex 17.2977 -18.1944 5
    endloop
  endfacet
  facet normal 0 0 1
    outer loop
      vertex 18.5034 -19 5
      vertex 17.2977 -18.1944 5
      vertex 18.4125 -19.1515 5
    endloop
  endfacet
  facet normal 0 0 1
    outer loop
      vertex 22.8662 -21.532 5
      vertex 21.5875 -20.8485 5
      vertex 22.7023 -21.8056 5
    endloop
  endfacet
  facet normal -0 0 1
    outer loop
      vertex 21.4966 -21 5
      vertex 22.7023 -21.8056 5
      vertex 21.5875 -20.8485 5
    endloop
  endfacet
  facet normal 0 0 1
    outer loop
      vertex 22.7023 -21.8056 5
      vertex 21.4966 -21 5
      vertex 22.5123 -22.0618 5
    endloop
  endfacet
  facet normal -0 0 1
    outer loop
      vertex 21.3914 -21.1419 5
      vertex 22.5123 -22.0618 5
      vertex 21.4966 -21 5
    endloop
  endfacet
  facet normal 0 0 1
    outer loop
      vertex 22.5123 -22.0618 5
      vertex 21.3914 -21.1419 5
      vertex 22.2981 -22.2981 5
    endloop
  endfacet
  facet normal -0 0 1
    outer loop
      vertex 21.2728 -21.2728 5
      vertex 22.2981 -22.2981 5
      vertex 21.3914 -21.1419 5
    endloop
  endfacet
  facet normal 0 0 1
    outer loop
      vertex 22.2981 -22.2981 5
      vertex 21.2728 -21.2728 5
      vertex 22.0618 -22.5123 5
    endloop
  endfacet
  facet normal -0 0 1
    outer loop
      vertex 21.1419 -21.3914 5
      vertex 22.0618 -22.5123 5
      vertex 21.2728 -21.2728 5
    endloop
  endfacet
  facet normal 0 0 1
    outer loop
      vertex 22.0618 -22.5123 5
      vertex 21.1419 -21.3914 5
      vertex 21.8056 -22.7023 5
    endloop
  endfacet
  facet normal -0 0 1
    outer loop
      vertex 21 -21.4966 5
      vertex 21.8056 -22.7023 5
      vertex 21.1419 -21.3914 5
    endloop
  endfacet
  facet normal 0 0 1
    outer loop
      vertex 21.8056 -22.7023 5
      vertex 21 -21.4966 5
      vertex 21.532 -22.8662 5
    endloop
  endfacet
  facet normal -0 0 1
    outer loop
      vertex 20.8485 -21.5875 5
      vertex 21.532 -22.8662 5
      vertex 21 -21.4966 5
    endloop
  endfacet
  facet normal 0 0 1
    outer loop
      vertex 21.532 -22.8662 5
      vertex 20.8485 -21.5875 5
      vertex 21.2437 -23.0026 5
    endloop
  endfacet
  facet normal -0 0 1
    outer loop
      vertex 20.6888 -21.663 5
      vertex 21.2437 -23.0026 5
      vertex 20.8485 -21.5875 5
    endloop
  endfacet
  facet normal 0 0 1
    outer loop
      vertex 21.2437 -23.0026 5
      vertex 20.6888 -21.663 5
      vertex 20.9434 -23.1101 5
    endloop
  endfacet
  facet normal -0 0 1
    outer loop
      vertex 20.5225 -21.7225 5
      vertex 20.9434 -23.1101 5
      vertex 20.6888 -21.663 5
    endloop
  endfacet
  facet normal 0 0 1
    outer loop
      vertex 20.9434 -23.1101 5
      vertex 20.5225 -21.7225 5
      vertex 20.634 -23.1876 5
    endloop
  endfacet
  facet normal -0 0 1
    outer loop
      vertex 20.3512 -21.7654 5
      vertex 20.634 -23.1876 5
      vertex 20.5225 -21.7225 5
    endloop
  endfacet
  facet normal 0 0 1
    outer loop
      vertex 20.3512 -21.7654 5
      vertex 20.3186 -23.2344 5
      vertex 20.634 -23.1876 5
    endloop
  endfacet
  facet normal -0 0 1
    outer loop
      vertex 20.1764 -21.7913 5
      vertex 20.3186 -23.2344 5
      vertex 20.3512 -21.7654 5
    endloop
  endfacet
  facet normal -0 0 1
    outer loop
      vertex 20 -21.8 5
      vertex 20.3186 -23.2344 5
      vertex 20.1764 -21.7913 5
    endloop
  endfacet
  facet normal 0 0 1
    outer loop
      vertex 20 -21.8 5
      vertex 20 -23.25 5
      vertex 20.3186 -23.2344 5
    endloop
  endfacet
  facet normal 0 0 1
    outer loop
      vertex 19.8236 -21.7913 5
      vertex 20 -23.25 5
      vertex 20 -21.8 5
    endloop
  endfacet
  facet normal 0 0 1
    outer loop
      vertex 19.8236 -21.7913 5
      vertex 19.6814 -23.2344 5
      vertex 20 -23.25 5
    endloop
  endfacet
  facet normal 0 0 1
    outer loop
      vertex 19.6488 -21.7654 5
      vertex 19.6814 -23.2344 5
      vertex 19.8236 -21.7913 5
    endloop
  endfacet
  facet normal 0 0 1
    outer loop
      vertex 19.366 -23.1876 5
      vertex 19.6488 -21.7654 5
      vertex 19.4775 -21.7225 5
    endloop
  endfacet
  facet normal 0 0 1
    outer loop
      vertex 19.6488 -21.7654 5
      vertex 19.366 -23.1876 5
      vertex 19.6814 -23.2344 5
    endloop
  endfacet
  facet normal 0 0 1
    outer loop
      vertex 19.0566 -23.1101 5
      vertex 19.4775 -21.7225 5
      vertex 19.3112 -21.663 5
    endloop
  endfacet
  facet normal 0 0 1
    outer loop
      vertex 18.7563 -23.0026 5
      vertex 19.3112 -21.663 5
      vertex 19.1515 -21.5875 5
    endloop
  endfacet
  facet normal 0 0 1
    outer loop
      vertex 19.4775 -21.7225 5
      vertex 19.0566 -23.1101 5
      vertex 19.366 -23.1876 5
    endloop
  endfacet
  facet normal 0 0 1
    outer loop
      vertex 18.468 -22.8662 5
      vertex 19.1515 -21.5875 5
      vertex 19 -21.4966 5
    endloop
  endfacet
  facet normal 0 0 1
    outer loop
      vertex 18.1944 -22.7023 5
      vertex 19 -21.4966 5
      vertex 18.8581 -21.3914 5
    endloop
  endfacet
  facet normal 0 0 1
    outer loop
      vertex 19.3112 -21.663 5
      vertex 18.7563 -23.0026 5
      vertex 19.0566 -23.1101 5
    endloop
  endfacet
  facet normal 0 0 1
    outer loop
      vertex 17.9382 -22.5123 5
      vertex 18.8581 -21.3914 5
      vertex 18.7272 -21.2728 5
    endloop
  endfacet
  facet normal 0 0 1
    outer loop
      vertex 17.7019 -22.2981 5
      vertex 18.7272 -21.2728 5
      vertex 18.6086 -21.1419 5
    endloop
  endfacet
  facet normal 0 0 1
    outer loop
      vertex 17.4877 -22.0618 5
      vertex 18.6086 -21.1419 5
      vertex 18.5034 -21 5
    endloop
  endfacet
  facet normal 0 0 1
    outer loop
      vertex 19.1515 -21.5875 5
      vertex 18.468 -22.8662 5
      vertex 18.7563 -23.0026 5
    endloop
  endfacet
  facet normal 0 0 1
    outer loop
      vertex 17.2977 -21.8056 5
      vertex 18.5034 -21 5
      vertex 18.4125 -20.8485 5
    endloop
  endfacet
  facet normal 0 0 1
    outer loop
      vertex 17.1338 -21.532 5
      vertex 18.4125 -20.8485 5
      vertex 18.337 -20.6888 5
    endloop
  endfacet
  facet normal 0 0 1
    outer loop
      vertex 16.9974 -21.2437 5
      vertex 18.337 -20.6888 5
      vertex 18.2775 -20.5225 5
    endloop
  endfacet
  facet normal 0 0 1
    outer loop
      vertex 16.8899 -20.9434 5
      vertex 18.2775 -20.5225 5
      vertex 18.2346 -20.3512 5
    endloop
  endfacet
  facet normal 0 0 1
    outer loop
      vertex 16.8124 -20.634 5
      vertex 18.2346 -20.3512 5
      vertex 18.2087 -20.1764 5
    endloop
  endfacet
  facet normal 0 0 1
    outer loop
      vertex 19 -21.4966 5
      vertex 18.1944 -22.7023 5
      vertex 18.468 -22.8662 5
    endloop
  endfacet
  facet normal 0 0 1
    outer loop
      vertex 16.7656 -20.3186 5
      vertex 18.2087 -20.1764 5
      vertex 18.2 -20 5
    endloop
  endfacet
  facet normal 0 0 1
    outer loop
      vertex 18.4125 -19.1515 5
      vertex 17.1338 -18.468 5
      vertex 18.337 -19.3112 5
    endloop
  endfacet
  facet normal -0 0 1
    outer loop
      vertex 16.9974 -18.7563 5
      vertex 18.337 -19.3112 5
      vertex 17.1338 -18.468 5
    endloop
  endfacet
  facet normal 0 0 1
    outer loop
      vertex 18.8581 -21.3914 5
      vertex 17.9382 -22.5123 5
      vertex 18.1944 -22.7023 5
    endloop
  endfacet
  facet normal 0 0 1
    outer loop
      vertex 18.337 -19.3112 5
      vertex 16.9974 -18.7563 5
      vertex 18.2775 -19.4775 5
    endloop
  endfacet
  facet normal 0 0 1
    outer loop
      vertex 18.7272 -21.2728 5
      vertex 17.7019 -22.2981 5
      vertex 17.9382 -22.5123 5
    endloop
  endfacet
  facet normal -0 0 1
    outer loop
      vertex 16.8899 -19.0566 5
      vertex 18.2775 -19.4775 5
      vertex 16.9974 -18.7563 5
    endloop
  endfacet
  facet normal 0 0 1
    outer loop
      vertex 18.6086 -21.1419 5
      vertex 17.4877 -22.0618 5
      vertex 17.7019 -22.2981 5
    endloop
  endfacet
  facet normal 0 0 1
    outer loop
      vertex 18.2775 -19.4775 5
      vertex 16.8899 -19.0566 5
      vertex 18.2346 -19.6488 5
    endloop
  endfacet
  facet normal 0 0 1
    outer loop
      vertex 18.5034 -21 5
      vertex 17.2977 -21.8056 5
      vertex 17.4877 -22.0618 5
    endloop
  endfacet
  facet normal -0 0 1
    outer loop
      vertex 16.8124 -19.366 5
      vertex 18.2346 -19.6488 5
      vertex 16.8899 -19.0566 5
    endloop
  endfacet
  facet normal 0 0 1
    outer loop
      vertex 18.4125 -20.8485 5
      vertex 17.1338 -21.532 5
      vertex 17.2977 -21.8056 5
    endloop
  endfacet
  facet normal 0 0 1
    outer loop
      vertex 18.2346 -19.6488 5
      vertex 16.8124 -19.366 5
      vertex 18.2087 -19.8236 5
    endloop
  endfacet
  facet normal 0 0 1
    outer loop
      vertex 18.337 -20.6888 5
      vertex 16.9974 -21.2437 5
      vertex 17.1338 -21.532 5
    endloop
  endfacet
  facet normal -0 0 1
    outer loop
      vertex 16.7656 -19.6814 5
      vertex 18.2087 -19.8236 5
      vertex 16.8124 -19.366 5
    endloop
  endfacet
  facet normal 0 0 1
    outer loop
      vertex 18.2775 -20.5225 5
      vertex 16.8899 -20.9434 5
      vertex 16.9974 -21.2437 5
    endloop
  endfacet
  facet normal 0 0 1
    outer loop
      vertex 18.2087 -19.8236 5
      vertex 16.7656 -19.6814 5
      vertex 18.2 -20 5
    endloop
  endfacet
  facet normal 0 0 1
    outer loop
      vertex 18.2346 -20.3512 5
      vertex 16.8124 -20.634 5
      vertex 16.8899 -20.9434 5
    endloop
  endfacet
  facet normal 0 0 1
    outer loop
      vertex 16.75 -20 5
      vertex 18.2 -20 5
      vertex 16.7656 -19.6814 5
    endloop
  endfacet
  facet normal 0 0 1
    outer loop
      vertex 18.2087 -20.1764 5
      vertex 16.7656 -20.3186 5
      vertex 16.8124 -20.634 5
    endloop
  endfacet
  facet normal 0 0 1
    outer loop
      vertex 18.2 -20 5
      vertex 16.75 -20 5
      vertex 16.7656 -20.3186 5
    endloop
  endfacet
  facet normal -0.9892 -0.146569 0
    outer loop
      vertex 21.7913 20.1764 0
      vertex 21.7654 20.3512 5
      vertex 21.7654 20.3512 0
    endloop
  endfacet
  facet normal -0.9892 -0.146569 0
    outer loop
      vertex 21.7654 20.3512 5
      vertex 21.7913 20.1764 0
      vertex 21.7913 20.1764 5
    endloop
  endfacet
  facet normal -0.998786 -0.0492599 0
    outer loop
      vertex 21.8 20 0
      vertex 21.7913 20.1764 5
      vertex 21.7913 20.1764 0
    endloop
  endfacet
  facet normal -0.998786 -0.0492599 0
    outer loop
      vertex 21.7913 20.1764 5
      vertex 21.8 20 0
      vertex 21.8 20 5
    endloop
  endfacet
  facet normal -0.970042 -0.242935 0
    outer loop
      vertex 21.7654 20.3512 0
      vertex 21.7225 20.5225 5
      vertex 21.7225 20.5225 0
    endloop
  endfacet
  facet normal -0.970042 -0.242935 0
    outer loop
      vertex 21.7225 20.5225 5
      vertex 21.7654 20.3512 0
      vertex 21.7654 20.3512 5
    endloop
  endfacet
  facet normal 0.242935 -0.970042 0
    outer loop
      vertex 19.4775 21.7225 0
      vertex 19.6488 21.7654 5
      vertex 19.4775 21.7225 5
    endloop
  endfacet
  facet normal 0.242935 -0.970042 0
    outer loop
      vertex 19.6488 21.7654 5
      vertex 19.4775 21.7225 0
      vertex 19.6488 21.7654 0
    endloop
  endfacet
  facet normal 0.90406 0.427405 0
    outer loop
      vertex 18.4125 19.1515 5
      vertex 18.337 19.3112 0
      vertex 18.337 19.3112 5
    endloop
  endfacet
  facet normal 0.90406 0.427405 0
    outer loop
      vertex 18.337 19.3112 0
      vertex 18.4125 19.1515 5
      vertex 18.4125 19.1515 0
    endloop
  endfacet
  facet normal -0.427405 0.90406 0
    outer loop
      vertex 20.8485 18.4125 0
      vertex 20.6888 18.337 5
      vertex 20.8485 18.4125 5
    endloop
  endfacet
  facet normal -0.427405 0.90406 0
    outer loop
      vertex 20.6888 18.337 5
      vertex 20.8485 18.4125 0
      vertex 20.6888 18.337 0
    endloop
  endfacet
  facet normal 0.242935 0.970042 -0
    outer loop
      vertex 19.6488 18.2346 0
      vertex 19.4775 18.2775 5
      vertex 19.6488 18.2346 5
    endloop
  endfacet
  facet normal 0.242935 0.970042 0
    outer loop
      vertex 19.4775 18.2775 5
      vertex 19.6488 18.2346 0
      vertex 19.4775 18.2775 0
    endloop
  endfacet
  facet normal -0.514496 0.857493 0
    outer loop
      vertex 21 18.5034 0
      vertex 20.8485 18.4125 5
      vertex 21 18.5034 5
    endloop
  endfacet
  facet normal -0.514496 0.857493 0
    outer loop
      vertex 20.8485 18.4125 5
      vertex 21 18.5034 0
      vertex 20.8485 18.4125 0
    endloop
  endfacet
  facet normal 0.336874 0.94155 -0
    outer loop
      vertex 19.4775 18.2775 0
      vertex 19.3112 18.337 5
      vertex 19.4775 18.2775 5
    endloop
  endfacet
  facet normal 0.336874 0.94155 0
    outer loop
      vertex 19.3112 18.337 5
      vertex 19.4775 18.2775 0
      vertex 19.3112 18.337 0
    endloop
  endfacet
  facet normal -0.336874 0.94155 0
    outer loop
      vertex 20.6888 18.337 0
      vertex 20.5225 18.2775 5
      vertex 20.6888 18.337 5
    endloop
  endfacet
  facet normal -0.336874 0.94155 0
    outer loop
      vertex 20.5225 18.2775 5
      vertex 20.6888 18.337 0
      vertex 20.5225 18.2775 0
    endloop
  endfacet
  facet normal 0.671432 -0.741066 0
    outer loop
      vertex 18.7272 21.2728 0
      vertex 18.8581 21.3914 5
      vertex 18.7272 21.2728 5
    endloop
  endfacet
  facet normal 0.671432 -0.741066 0
    outer loop
      vertex 18.8581 21.3914 5
      vertex 18.7272 21.2728 0
      vertex 18.8581 21.3914 0
    endloop
  endfacet
  facet normal -0.242935 0.970042 0
    outer loop
      vertex 20.5225 18.2775 0
      vertex 20.3512 18.2346 5
      vertex 20.5225 18.2775 5
    endloop
  endfacet
  facet normal -0.242935 0.970042 0
    outer loop
      vertex 20.3512 18.2346 5
      vertex 20.5225 18.2775 0
      vertex 20.3512 18.2346 0
    endloop
  endfacet
  facet normal 0.857493 -0.514496 0
    outer loop
      vertex 18.4125 20.8485 5
      vertex 18.5034 21 0
      vertex 18.5034 21 5
    endloop
  endfacet
  facet normal 0.857493 -0.514496 0
    outer loop
      vertex 18.5034 21 0
      vertex 18.4125 20.8485 5
      vertex 18.4125 20.8485 0
    endloop
  endfacet
  facet normal 0.9892 -0.146569 0
    outer loop
      vertex 18.2087 20.1764 5
      vertex 18.2346 20.3512 0
      vertex 18.2346 20.3512 5
    endloop
  endfacet
  facet normal 0.9892 -0.146569 0
    outer loop
      vertex 18.2346 20.3512 0
      vertex 18.2087 20.1764 5
      vertex 18.2087 20.1764 0
    endloop
  endfacet
  facet normal -0.90406 -0.427405 0
    outer loop
      vertex 21.663 20.6888 0
      vertex 21.5875 20.8485 5
      vertex 21.5875 20.8485 0
    endloop
  endfacet
  facet normal -0.90406 -0.427405 0
    outer loop
      vertex 21.5875 20.8485 5
      vertex 21.663 20.6888 0
      vertex 21.663 20.6888 5
    endloop
  endfacet
  facet normal -0.803316 0.595552 0
    outer loop
      vertex 21.3914 18.8581 0
      vertex 21.4966 19 5
      vertex 21.4966 19 0
    endloop
  endfacet
  facet normal -0.803316 0.595552 0
    outer loop
      vertex 21.4966 19 5
      vertex 21.3914 18.8581 0
      vertex 21.3914 18.8581 5
    endloop
  endfacet
  facet normal 0.595552 -0.803316 0
    outer loop
      vertex 18.8581 21.3914 0
      vertex 19 21.4966 5
      vertex 18.8581 21.3914 5
    endloop
  endfacet
  facet normal 0.595552 -0.803316 0
    outer loop
      vertex 19 21.4966 5
      vertex 18.8581 21.3914 0
      vertex 19 21.4966 0
    endloop
  endfacet
  facet normal -0.595552 -0.803316 0
    outer loop
      vertex 21 21.4966 0
      vertex 21.1419 21.3914 5
      vertex 21 21.4966 5
    endloop
  endfacet
  facet normal -0.595552 -0.803316 -0
    outer loop
      vertex 21.1419 21.3914 5
      vertex 21 21.4966 0
      vertex 21.1419 21.3914 0
    endloop
  endfacet
  facet normal -0.146569 -0.9892 0
    outer loop
      vertex 20.1764 21.7913 0
      vertex 20.3512 21.7654 5
      vertex 20.1764 21.7913 5
    endloop
  endfacet
  facet normal -0.146569 -0.9892 -0
    outer loop
      vertex 20.3512 21.7654 5
      vertex 20.1764 21.7913 0
      vertex 20.3512 21.7654 0
    endloop
  endfacet
  facet normal -0.803316 -0.595552 0
    outer loop
      vertex 21.4966 21 0
      vertex 21.3914 21.1419 5
      vertex 21.3914 21.1419 0
    endloop
  endfacet
  facet normal -0.803316 -0.595552 0
    outer loop
      vertex 21.3914 21.1419 5
      vertex 21.4966 21 0
      vertex 21.4966 21 5
    endloop
  endfacet
  facet normal 0.514496 -0.857493 0
    outer loop
      vertex 19 21.4966 0
      vertex 19.1515 21.5875 5
      vertex 19 21.4966 5
    endloop
  endfacet
  facet normal 0.514496 -0.857493 0
    outer loop
      vertex 19.1515 21.5875 5
      vertex 19 21.4966 0
      vertex 19.1515 21.5875 0
    endloop
  endfacet
  facet normal 0.146569 -0.9892 0
    outer loop
      vertex 19.6488 21.7654 0
      vertex 19.8236 21.7913 5
      vertex 19.6488 21.7654 5
    endloop
  endfacet
  facet normal 0.146569 -0.9892 0
    outer loop
      vertex 19.8236 21.7913 5
      vertex 19.6488 21.7654 0
      vertex 19.8236 21.7913 0
    endloop
  endfacet
  facet normal -0.514496 -0.857493 0
    outer loop
      vertex 20.8485 21.5875 0
      vertex 21 21.4966 5
      vertex 20.8485 21.5875 5
    endloop
  endfacet
  facet normal -0.514496 -0.857493 -0
    outer loop
      vertex 21 21.4966 5
      vertex 20.8485 21.5875 0
      vertex 21 21.4966 0
    endloop
  endfacet
  facet normal 0.94155 0.336874 0
    outer loop
      vertex 18.337 19.3112 5
      vertex 18.2775 19.4775 0
      vertex 18.2775 19.4775 5
    endloop
  endfacet
  facet normal 0.94155 0.336874 0
    outer loop
      vertex 18.2775 19.4775 0
      vertex 18.337 19.3112 5
      vertex 18.337 19.3112 0
    endloop
  endfacet
  facet normal -0.998786 0.0492599 0
    outer loop
      vertex 21.7913 19.8236 0
      vertex 21.8 20 5
      vertex 21.8 20 0
    endloop
  endfacet
  facet normal -0.998786 0.0492599 0
    outer loop
      vertex 21.8 20 5
      vertex 21.7913 19.8236 0
      vertex 21.7913 19.8236 5
    endloop
  endfacet
  facet normal 0.427405 -0.90406 0
    outer loop
      vertex 19.1515 21.5875 0
      vertex 19.3112 21.663 5
      vertex 19.1515 21.5875 5
    endloop
  endfacet
  facet normal 0.427405 -0.90406 0
    outer loop
      vertex 19.3112 21.663 5
      vertex 19.1515 21.5875 0
      vertex 19.3112 21.663 0
    endloop
  endfacet
  facet normal -0.90406 0.427405 0
    outer loop
      vertex 21.5875 19.1515 0
      vertex 21.663 19.3112 5
      vertex 21.663 19.3112 0
    endloop
  endfacet
  facet normal -0.90406 0.427405 0
    outer loop
      vertex 21.663 19.3112 5
      vertex 21.5875 19.1515 0
      vertex 21.5875 19.1515 5
    endloop
  endfacet
  facet normal 0.595552 0.803316 -0
    outer loop
      vertex 19 18.5034 0
      vertex 18.8581 18.6086 5
      vertex 19 18.5034 5
    endloop
  endfacet
  facet normal 0.595552 0.803316 0
    outer loop
      vertex 18.8581 18.6086 5
      vertex 19 18.5034 0
      vertex 18.8581 18.6086 0
    endloop
  endfacet
  facet normal 0.803316 -0.595552 0
    outer loop
      vertex 18.5034 21 5
      vertex 18.6086 21.1419 0
      vertex 18.6086 21.1419 5
    endloop
  endfacet
  facet normal 0.803316 -0.595552 0
    outer loop
      vertex 18.6086 21.1419 0
      vertex 18.5034 21 5
      vertex 18.5034 21 0
    endloop
  endfacet
  facet normal 0.94155 -0.336874 0
    outer loop
      vertex 18.2775 20.5225 5
      vertex 18.337 20.6888 0
      vertex 18.337 20.6888 5
    endloop
  endfacet
  facet normal 0.94155 -0.336874 0
    outer loop
      vertex 18.337 20.6888 0
      vertex 18.2775 20.5225 5
      vertex 18.2775 20.5225 0
    endloop
  endfacet
  facet normal -0.94155 -0.336874 0
    outer loop
      vertex 21.7225 20.5225 0
      vertex 21.663 20.6888 5
      vertex 21.663 20.6888 0
    endloop
  endfacet
  facet normal -0.94155 -0.336874 0
    outer loop
      vertex 21.663 20.6888 5
      vertex 21.7225 20.5225 0
      vertex 21.7225 20.5225 5
    endloop
  endfacet
  facet normal 0.671432 0.741066 -0
    outer loop
      vertex 18.8581 18.6086 0
      vertex 18.7272 18.7272 5
      vertex 18.8581 18.6086 5
    endloop
  endfacet
  facet normal 0.671432 0.741066 0
    outer loop
      vertex 18.7272 18.7272 5
      vertex 18.8581 18.6086 0
      vertex 18.7272 18.7272 0
    endloop
  endfacet
  facet normal -0.970042 0.242935 0
    outer loop
      vertex 21.7225 19.4775 0
      vertex 21.7654 19.6488 5
      vertex 21.7654 19.6488 0
    endloop
  endfacet
  facet normal -0.970042 0.242935 0
    outer loop
      vertex 21.7654 19.6488 5
      vertex 21.7225 19.4775 0
      vertex 21.7225 19.4775 5
    endloop
  endfacet
  facet normal -0.9892 0.146569 0
    outer loop
      vertex 21.7654 19.6488 0
      vertex 21.7913 19.8236 5
      vertex 21.7913 19.8236 0
    endloop
  endfacet
  facet normal -0.9892 0.146569 0
    outer loop
      vertex 21.7913 19.8236 5
      vertex 21.7654 19.6488 0
      vertex 21.7654 19.6488 5
    endloop
  endfacet
  facet normal 0.514496 0.857493 -0
    outer loop
      vertex 19.1515 18.4125 0
      vertex 19 18.5034 5
      vertex 19.1515 18.4125 5
    endloop
  endfacet
  facet normal 0.514496 0.857493 0
    outer loop
      vertex 19 18.5034 5
      vertex 19.1515 18.4125 0
      vertex 19 18.5034 0
    endloop
  endfacet
  facet normal -0.336874 -0.94155 0
    outer loop
      vertex 20.5225 21.7225 0
      vertex 20.6888 21.663 5
      vertex 20.5225 21.7225 5
    endloop
  endfacet
  facet normal -0.336874 -0.94155 -0
    outer loop
      vertex 20.6888 21.663 5
      vertex 20.5225 21.7225 0
      vertex 20.6888 21.663 0
    endloop
  endfacet
  facet normal 0.336874 -0.94155 0
    outer loop
      vertex 19.3112 21.663 0
      vertex 19.4775 21.7225 5
      vertex 19.3112 21.663 5
    endloop
  endfacet
  facet normal 0.336874 -0.94155 0
    outer loop
      vertex 19.4775 21.7225 5
      vertex 19.3112 21.663 0
      vertex 19.4775 21.7225 0
    endloop
  endfacet
  facet normal -0.146569 0.9892 0
    outer loop
      vertex 20.3512 18.2346 0
      vertex 20.1764 18.2087 5
      vertex 20.3512 18.2346 5
    endloop
  endfacet
  facet normal -0.146569 0.9892 0
    outer loop
      vertex 20.1764 18.2087 5
      vertex 20.3512 18.2346 0
      vertex 20.1764 18.2087 0
    endloop
  endfacet
  facet normal -0.857493 0.514496 0
    outer loop
      vertex 21.4966 19 0
      vertex 21.5875 19.1515 5
      vertex 21.5875 19.1515 0
    endloop
  endfacet
  facet normal -0.857493 0.514496 0
    outer loop
      vertex 21.5875 19.1515 5
      vertex 21.4966 19 0
      vertex 21.4966 19 5
    endloop
  endfacet
  facet normal 0.0492599 -0.998786 0
    outer loop
      vertex 19.8236 21.7913 0
      vertex 20 21.8 5
      vertex 19.8236 21.7913 5
    endloop
  endfacet
  facet normal 0.0492599 -0.998786 0
    outer loop
      vertex 20 21.8 5
      vertex 19.8236 21.7913 0
      vertex 20 21.8 0
    endloop
  endfacet
  facet normal 0.998786 0.0492599 0
    outer loop
      vertex 18.2087 19.8236 5
      vertex 18.2 20 0
      vertex 18.2 20 5
    endloop
  endfacet
  facet normal 0.998786 0.0492599 0
    outer loop
      vertex 18.2 20 0
      vertex 18.2087 19.8236 5
      vertex 18.2087 19.8236 0
    endloop
  endfacet
  facet normal -0.94155 0.336874 0
    outer loop
      vertex 21.663 19.3112 0
      vertex 21.7225 19.4775 5
      vertex 21.7225 19.4775 0
    endloop
  endfacet
  facet normal -0.94155 0.336874 0
    outer loop
      vertex 21.7225 19.4775 5
      vertex 21.663 19.3112 0
      vertex 21.663 19.3112 5
    endloop
  endfacet
  facet normal -0.427405 -0.90406 0
    outer loop
      vertex 20.6888 21.663 0
      vertex 20.8485 21.5875 5
      vertex 20.6888 21.663 5
    endloop
  endfacet
  facet normal -0.427405 -0.90406 -0
    outer loop
      vertex 20.8485 21.5875 5
      vertex 20.6888 21.663 0
      vertex 20.8485 21.5875 0
    endloop
  endfacet
  facet normal -0.741066 -0.671432 0
    outer loop
      vertex 21.3914 21.1419 0
      vertex 21.2728 21.2728 5
      vertex 21.2728 21.2728 0
    endloop
  endfacet
  facet normal -0.741066 -0.671432 0
    outer loop
      vertex 21.2728 21.2728 5
      vertex 21.3914 21.1419 0
      vertex 21.3914 21.1419 5
    endloop
  endfacet
  facet normal -0.0492599 -0.998786 0
    outer loop
      vertex 20 21.8 0
      vertex 20.1764 21.7913 5
      vertex 20 21.8 5
    endloop
  endfacet
  facet normal -0.0492599 -0.998786 -0
    outer loop
      vertex 20.1764 21.7913 5
      vertex 20 21.8 0
      vertex 20.1764 21.7913 0
    endloop
  endfacet
  facet normal 0.857493 0.514496 0
    outer loop
      vertex 18.5034 19 5
      vertex 18.4125 19.1515 0
      vertex 18.4125 19.1515 5
    endloop
  endfacet
  facet normal 0.857493 0.514496 0
    outer loop
      vertex 18.4125 19.1515 0
      vertex 18.5034 19 5
      vertex 18.5034 19 0
    endloop
  endfacet
  facet normal -0.857493 -0.514496 0
    outer loop
      vertex 21.5875 20.8485 0
      vertex 21.4966 21 5
      vertex 21.4966 21 0
    endloop
  endfacet
  facet normal -0.857493 -0.514496 0
    outer loop
      vertex 21.4966 21 5
      vertex 21.5875 20.8485 0
      vertex 21.5875 20.8485 5
    endloop
  endfacet
  facet normal 0.146569 0.9892 -0
    outer loop
      vertex 19.8236 18.2087 0
      vertex 19.6488 18.2346 5
      vertex 19.8236 18.2087 5
    endloop
  endfacet
  facet normal 0.146569 0.9892 0
    outer loop
      vertex 19.6488 18.2346 5
      vertex 19.8236 18.2087 0
      vertex 19.6488 18.2346 0
    endloop
  endfacet
  facet normal -0.671432 0.741066 0
    outer loop
      vertex 21.2728 18.7272 0
      vertex 21.1419 18.6086 5
      vertex 21.2728 18.7272 5
    endloop
  endfacet
  facet normal -0.671432 0.741066 0
    outer loop
      vertex 21.1419 18.6086 5
      vertex 21.2728 18.7272 0
      vertex 21.1419 18.6086 0
    endloop
  endfacet
  facet normal 0.0492599 0.998786 -0
    outer loop
      vertex 20 18.2 0
      vertex 19.8236 18.2087 5
      vertex 20 18.2 5
    endloop
  endfacet
  facet normal 0.0492599 0.998786 0
    outer loop
      vertex 19.8236 18.2087 5
      vertex 20 18.2 0
      vertex 19.8236 18.2087 0
    endloop
  endfacet
  facet normal 0.741066 -0.671432 0
    outer loop
      vertex 18.6086 21.1419 5
      vertex 18.7272 21.2728 0
      vertex 18.7272 21.2728 5
    endloop
  endfacet
  facet normal 0.741066 -0.671432 0
    outer loop
      vertex 18.7272 21.2728 0
      vertex 18.6086 21.1419 5
      vertex 18.6086 21.1419 0
    endloop
  endfacet
  facet normal -0.671432 -0.741066 0
    outer loop
      vertex 21.1419 21.3914 0
      vertex 21.2728 21.2728 5
      vertex 21.1419 21.3914 5
    endloop
  endfacet
  facet normal -0.671432 -0.741066 -0
    outer loop
      vertex 21.2728 21.2728 5
      vertex 21.1419 21.3914 0
      vertex 21.2728 21.2728 0
    endloop
  endfacet
  facet normal 0.90406 -0.427405 0
    outer loop
      vertex 18.337 20.6888 5
      vertex 18.4125 20.8485 0
      vertex 18.4125 20.8485 5
    endloop
  endfacet
  facet normal 0.90406 -0.427405 0
    outer loop
      vertex 18.4125 20.8485 0
      vertex 18.337 20.6888 5
      vertex 18.337 20.6888 0
    endloop
  endfacet
  facet normal 0.970042 -0.242935 0
    outer loop
      vertex 18.2346 20.3512 5
      vertex 18.2775 20.5225 0
      vertex 18.2775 20.5225 5
    endloop
  endfacet
  facet normal 0.970042 -0.242935 0
    outer loop
      vertex 18.2775 20.5225 0
      vertex 18.2346 20.3512 5
      vertex 18.2346 20.3512 0
    endloop
  endfacet
  facet normal -0.242935 -0.970042 0
    outer loop
      vertex 20.3512 21.7654 0
      vertex 20.5225 21.7225 5
      vertex 20.3512 21.7654 5
    endloop
  endfacet
  facet normal -0.242935 -0.970042 -0
    outer loop
      vertex 20.5225 21.7225 5
      vertex 20.3512 21.7654 0
      vertex 20.5225 21.7225 0
    endloop
  endfacet
  facet normal 0.970042 0.242935 0
    outer loop
      vertex 18.2775 19.4775 5
      vertex 18.2346 19.6488 0
      vertex 18.2346 19.6488 5
    endloop
  endfacet
  facet normal 0.970042 0.242935 0
    outer loop
      vertex 18.2346 19.6488 0
      vertex 18.2775 19.4775 5
      vertex 18.2775 19.4775 0
    endloop
  endfacet
  facet normal 0.427405 0.90406 -0
    outer loop
      vertex 19.3112 18.337 0
      vertex 19.1515 18.4125 5
      vertex 19.3112 18.337 5
    endloop
  endfacet
  facet normal 0.427405 0.90406 0
    outer loop
      vertex 19.1515 18.4125 5
      vertex 19.3112 18.337 0
      vertex 19.1515 18.4125 0
    endloop
  endfacet
  facet normal 0.741066 0.671432 0
    outer loop
      vertex 18.7272 18.7272 5
      vertex 18.6086 18.8581 0
      vertex 18.6086 18.8581 5
    endloop
  endfacet
  facet normal 0.741066 0.671432 0
    outer loop
      vertex 18.6086 18.8581 0
      vertex 18.7272 18.7272 5
      vertex 18.7272 18.7272 0
    endloop
  endfacet
  facet normal -0.0492599 0.998786 0
    outer loop
      vertex 20.1764 18.2087 0
      vertex 20 18.2 5
      vertex 20.1764 18.2087 5
    endloop
  endfacet
  facet normal -0.0492599 0.998786 0
    outer loop
      vertex 20 18.2 5
      vertex 20.1764 18.2087 0
      vertex 20 18.2 0
    endloop
  endfacet
  facet normal 0.9892 0.146569 0
    outer loop
      vertex 18.2346 19.6488 5
      vertex 18.2087 19.8236 0
      vertex 18.2087 19.8236 5
    endloop
  endfacet
  facet normal 0.9892 0.146569 0
    outer loop
      vertex 18.2087 19.8236 0
      vertex 18.2346 19.6488 5
      vertex 18.2346 19.6488 0
    endloop
  endfacet
  facet normal -0.595552 0.803316 0
    outer loop
      vertex 21.1419 18.6086 0
      vertex 21 18.5034 5
      vertex 21.1419 18.6086 5
    endloop
  endfacet
  facet normal -0.595552 0.803316 0
    outer loop
      vertex 21 18.5034 5
      vertex 21.1419 18.6086 0
      vertex 21 18.5034 0
    endloop
  endfacet
  facet normal 0.803316 0.595552 0
    outer loop
      vertex 18.6086 18.8581 5
      vertex 18.5034 19 0
      vertex 18.5034 19 5
    endloop
  endfacet
  facet normal 0.803316 0.595552 0
    outer loop
      vertex 18.5034 19 0
      vertex 18.6086 18.8581 5
      vertex 18.6086 18.8581 0
    endloop
  endfacet
  facet normal 0.998786 -0.0492599 0
    outer loop
      vertex 18.2 20 5
      vertex 18.2087 20.1764 0
      vertex 18.2087 20.1764 5
    endloop
  endfacet
  facet normal 0.998786 -0.0492599 0
    outer loop
      vertex 18.2087 20.1764 0
      vertex 18.2 20 5
      vertex 18.2 20 0
    endloop
  endfacet
  facet normal -0.741066 0.671432 0
    outer loop
      vertex 21.2728 18.7272 0
      vertex 21.3914 18.8581 5
      vertex 21.3914 18.8581 0
    endloop
  endfacet
  facet normal -0.741066 0.671432 0
    outer loop
      vertex 21.3914 18.8581 5
      vertex 21.2728 18.7272 0
      vertex 21.2728 18.7272 5
    endloop
  endfacet
  facet normal 0.337031 0.941493 -0
    outer loop
      vertex 19.0566 16.8899 5
      vertex 18.7563 16.9974 8
      vertex 19.0566 16.8899 8
    endloop
  endfacet
  facet normal 0.337031 0.941493 0
    outer loop
      vertex 18.7563 16.9974 8
      vertex 19.0566 16.8899 5
      vertex 18.7563 16.9974 5
    endloop
  endfacet
  facet normal -0.98917 -0.146776 0
    outer loop
      vertex 23.2344 20.3186 5
      vertex 23.1876 20.634 8
      vertex 23.1876 20.634 5
    endloop
  endfacet
  facet normal -0.98917 -0.146776 0
    outer loop
      vertex 23.1876 20.634 8
      vertex 23.2344 20.3186 5
      vertex 23.2344 20.3186 8
    endloop
  endfacet
  facet normal -0.998803 -0.0489056 0
    outer loop
      vertex 23.25 20 5
      vertex 23.2344 20.3186 8
      vertex 23.2344 20.3186 5
    endloop
  endfacet
  facet normal -0.998803 -0.0489056 0
    outer loop
      vertex 23.2344 20.3186 8
      vertex 23.25 20 5
      vertex 23.25 20 8
    endloop
  endfacet
  facet normal -0.970032 -0.242978 0
    outer loop
      vertex 23.1876 20.634 5
      vertex 23.1101 20.9434 8
      vertex 23.1101 20.9434 5
    endloop
  endfacet
  facet normal -0.970032 -0.242978 0
    outer loop
      vertex 23.1101 20.9434 8
      vertex 23.1876 20.634 5
      vertex 23.1876 20.634 8
    endloop
  endfacet
  facet normal 0.98917 -0.146776 0
    outer loop
      vertex 16.7656 20.3186 8
      vertex 16.8124 20.634 5
      vertex 16.8124 20.634 8
    endloop
  endfacet
  facet normal 0.98917 -0.146776 0
    outer loop
      vertex 16.8124 20.634 5
      vertex 16.7656 20.3186 8
      vertex 16.7656 20.3186 5
    endloop
  endfacet
  facet normal 0.242978 0.970032 -0
    outer loop
      vertex 19.366 16.8124 5
      vertex 19.0566 16.8899 8
      vertex 19.366 16.8124 8
    endloop
  endfacet
  facet normal 0.242978 0.970032 0
    outer loop
      vertex 19.0566 16.8899 8
      vertex 19.366 16.8124 5
      vertex 19.0566 16.8899 5
    endloop
  endfacet
  facet normal -0.337031 -0.941493 0
    outer loop
      vertex 20.9434 23.1101 5
      vertex 21.2437 23.0026 8
      vertex 20.9434 23.1101 8
    endloop
  endfacet
  facet normal -0.337031 -0.941493 -0
    outer loop
      vertex 21.2437 23.0026 8
      vertex 20.9434 23.1101 5
      vertex 21.2437 23.0026 5
    endloop
  endfacet
  facet normal 0.513896 -0.857852 0
    outer loop
      vertex 18.1944 22.7023 5
      vertex 18.468 22.8662 8
      vertex 18.1944 22.7023 8
    endloop
  endfacet
  facet normal 0.513896 -0.857852 0
    outer loop
      vertex 18.468 22.8662 8
      vertex 18.1944 22.7023 5
      vertex 18.468 22.8662 5
    endloop
  endfacet
  facet normal 0.903936 0.427668 0
    outer loop
      vertex 17.1338 18.468 8
      vertex 16.9974 18.7563 5
      vertex 16.9974 18.7563 8
    endloop
  endfacet
  facet normal 0.903936 0.427668 0
    outer loop
      vertex 16.9974 18.7563 5
      vertex 17.1338 18.468 8
      vertex 17.1338 18.468 5
    endloop
  endfacet
  facet normal 0.242978 -0.970032 0
    outer loop
      vertex 19.0566 23.1101 5
      vertex 19.366 23.1876 8
      vertex 19.0566 23.1101 8
    endloop
  endfacet
  facet normal 0.242978 -0.970032 0
    outer loop
      vertex 19.366 23.1876 8
      vertex 19.0566 23.1101 5
      vertex 19.366 23.1876 5
    endloop
  endfacet
  facet normal 0.857852 0.513896 0
    outer loop
      vertex 17.2977 18.1944 8
      vertex 17.1338 18.468 5
      vertex 17.1338 18.468 8
    endloop
  endfacet
  facet normal 0.857852 0.513896 0
    outer loop
      vertex 17.1338 18.468 5
      vertex 17.2977 18.1944 8
      vertex 17.2977 18.1944 5
    endloop
  endfacet
  facet normal -0.242978 0.970032 0
    outer loop
      vertex 20.9434 16.8899 5
      vertex 20.634 16.8124 8
      vertex 20.9434 16.8899 8
    endloop
  endfacet
  facet normal -0.242978 0.970032 0
    outer loop
      vertex 20.634 16.8124 8
      vertex 20.9434 16.8899 5
      vertex 20.634 16.8124 5
    endloop
  endfacet
  facet normal 0.595677 0.803224 -0
    outer loop
      vertex 18.1944 17.2977 5
      vertex 17.9382 17.4877 8
      vertex 18.1944 17.2977 8
    endloop
  endfacet
  facet normal 0.595677 0.803224 0
    outer loop
      vertex 17.9382 17.4877 8
      vertex 18.1944 17.2977 5
      vertex 17.9382 17.4877 5
    endloop
  endfacet
  facet normal -0.513896 0.857852 0
    outer loop
      vertex 21.8056 17.2977 5
      vertex 21.532 17.1338 8
      vertex 21.8056 17.2977 8
    endloop
  endfacet
  facet normal -0.513896 0.857852 0
    outer loop
      vertex 21.532 17.1338 8
      vertex 21.8056 17.2977 5
      vertex 21.532 17.1338 5
    endloop
  endfacet
  facet normal -0.803224 0.595677 0
    outer loop
      vertex 22.5123 17.9382 5
      vertex 22.7023 18.1944 8
      vertex 22.7023 18.1944 5
    endloop
  endfacet
  facet normal -0.803224 0.595677 0
    outer loop
      vertex 22.7023 18.1944 8
      vertex 22.5123 17.9382 5
      vertex 22.5123 17.9382 8
    endloop
  endfacet
  facet normal -0.146776 -0.98917 0
    outer loop
      vertex 20.3186 23.2344 5
      vertex 20.634 23.1876 8
      vertex 20.3186 23.2344 8
    endloop
  endfacet
  facet normal -0.146776 -0.98917 -0
    outer loop
      vertex 20.634 23.1876 8
      vertex 20.3186 23.2344 5
      vertex 20.634 23.1876 5
    endloop
  endfacet
  facet normal 0.595677 -0.803224 0
    outer loop
      vertex 17.9382 22.5123 5
      vertex 18.1944 22.7023 8
      vertex 17.9382 22.5123 8
    endloop
  endfacet
  facet normal 0.595677 -0.803224 0
    outer loop
      vertex 18.1944 22.7023 8
      vertex 17.9382 22.5123 5
      vertex 18.1944 22.7023 5
    endloop
  endfacet
  facet normal 0.803224 -0.595677 0
    outer loop
      vertex 17.2977 21.8056 8
      vertex 17.4877 22.0618 5
      vertex 17.4877 22.0618 8
    endloop
  endfacet
  facet normal 0.803224 -0.595677 0
    outer loop
      vertex 17.4877 22.0618 5
      vertex 17.2977 21.8056 8
      vertex 17.2977 21.8056 5
    endloop
  endfacet
  facet normal -0.98917 0.146776 0
    outer loop
      vertex 23.1876 19.366 5
      vertex 23.2344 19.6814 8
      vertex 23.2344 19.6814 5
    endloop
  endfacet
  facet normal -0.98917 0.146776 0
    outer loop
      vertex 23.2344 19.6814 8
      vertex 23.1876 19.366 5
      vertex 23.1876 19.366 8
    endloop
  endfacet
  facet normal 0.941493 -0.337031 0
    outer loop
      vertex 16.8899 20.9434 8
      vertex 16.9974 21.2437 5
      vertex 16.9974 21.2437 8
    endloop
  endfacet
  facet normal 0.941493 -0.337031 0
    outer loop
      vertex 16.9974 21.2437 5
      vertex 16.8899 20.9434 8
      vertex 16.8899 20.9434 5
    endloop
  endfacet
  facet normal -0.427668 -0.903936 0
    outer loop
      vertex 21.2437 23.0026 5
      vertex 21.532 22.8662 8
      vertex 21.2437 23.0026 8
    endloop
  endfacet
  facet normal -0.427668 -0.903936 -0
    outer loop
      vertex 21.532 22.8662 8
      vertex 21.2437 23.0026 5
      vertex 21.532 22.8662 5
    endloop
  endfacet
  facet normal 0.941493 0.337031 0
    outer loop
      vertex 16.9974 18.7563 8
      vertex 16.8899 19.0566 5
      vertex 16.8899 19.0566 8
    endloop
  endfacet
  facet normal 0.941493 0.337031 0
    outer loop
      vertex 16.8899 19.0566 5
      vertex 16.9974 18.7563 8
      vertex 16.9974 18.7563 5
    endloop
  endfacet
  facet normal -0.970032 0.242978 0
    outer loop
      vertex 23.1101 19.0566 5
      vertex 23.1876 19.366 8
      vertex 23.1876 19.366 5
    endloop
  endfacet
  facet normal -0.970032 0.242978 0
    outer loop
      vertex 23.1876 19.366 8
      vertex 23.1101 19.0566 5
      vertex 23.1101 19.0566 8
    endloop
  endfacet
  facet normal 0.0489056 -0.998803 0
    outer loop
      vertex 19.6814 23.2344 5
      vertex 20 23.25 8
      vertex 19.6814 23.2344 8
    endloop
  endfacet
  facet normal 0.0489056 -0.998803 0
    outer loop
      vertex 20 23.25 8
      vertex 19.6814 23.2344 5
      vertex 20 23.25 5
    endloop
  endfacet
  facet normal -0.671611 -0.740904 0
    outer loop
      vertex 22.0618 22.5123 5
      vertex 22.2981 22.2981 8
      vertex 22.0618 22.5123 8
    endloop
  endfacet
  facet normal -0.671611 -0.740904 -0
    outer loop
      vertex 22.2981 22.2981 8
      vertex 22.0618 22.5123 5
      vertex 22.2981 22.2981 5
    endloop
  endfacet
  facet normal 0.427668 -0.903936 0
    outer loop
      vertex 18.468 22.8662 5
      vertex 18.7563 23.0026 8
      vertex 18.468 22.8662 8
    endloop
  endfacet
  facet normal 0.427668 -0.903936 0
    outer loop
      vertex 18.7563 23.0026 8
      vertex 18.468 22.8662 5
      vertex 18.7563 23.0026 5
    endloop
  endfacet
  facet normal 0.671611 -0.740904 0
    outer loop
      vertex 17.7019 22.2981 5
      vertex 17.9382 22.5123 8
      vertex 17.7019 22.2981 8
    endloop
  endfacet
  facet normal 0.671611 -0.740904 0
    outer loop
      vertex 17.9382 22.5123 8
      vertex 17.7019 22.2981 5
      vertex 17.9382 22.5123 5
    endloop
  endfacet
  facet normal -0.337031 0.941493 0
    outer loop
      vertex 21.2437 16.9974 5
      vertex 20.9434 16.8899 8
      vertex 21.2437 16.9974 8
    endloop
  endfacet
  facet normal -0.337031 0.941493 0
    outer loop
      vertex 20.9434 16.8899 8
      vertex 21.2437 16.9974 5
      vertex 20.9434 16.8899 5
    endloop
  endfacet
  facet normal 0.337031 -0.941493 0
    outer loop
      vertex 18.7563 23.0026 5
      vertex 19.0566 23.1101 8
      vertex 18.7563 23.0026 8
    endloop
  endfacet
  facet normal 0.337031 -0.941493 0
    outer loop
      vertex 19.0566 23.1101 8
      vertex 18.7563 23.0026 5
      vertex 19.0566 23.1101 5
    endloop
  endfacet
  facet normal -0.803224 -0.595677 0
    outer loop
      vertex 22.7023 21.8056 5
      vertex 22.5123 22.0618 8
      vertex 22.5123 22.0618 5
    endloop
  endfacet
  facet normal -0.803224 -0.595677 0
    outer loop
      vertex 22.5123 22.0618 8
      vertex 22.7023 21.8056 5
      vertex 22.7023 21.8056 8
    endloop
  endfacet
  facet normal 0.857852 -0.513896 0
    outer loop
      vertex 17.1338 21.532 8
      vertex 17.2977 21.8056 5
      vertex 17.2977 21.8056 8
    endloop
  endfacet
  facet normal 0.857852 -0.513896 0
    outer loop
      vertex 17.2977 21.8056 5
      vertex 17.1338 21.532 8
      vertex 17.1338 21.532 5
    endloop
  endfacet
  facet normal -0.998803 0.0489056 0
    outer loop
      vertex 23.2344 19.6814 5
      vertex 23.25 20 8
      vertex 23.25 20 5
    endloop
  endfacet
  facet normal -0.998803 0.0489056 0
    outer loop
      vertex 23.25 20 8
      vertex 23.2344 19.6814 5
      vertex 23.2344 19.6814 8
    endloop
  endfacet
  facet normal -0.903936 0.427668 0
    outer loop
      vertex 22.8662 18.468 5
      vertex 23.0026 18.7563 8
      vertex 23.0026 18.7563 5
    endloop
  endfacet
  facet normal -0.903936 0.427668 0
    outer loop
      vertex 23.0026 18.7563 8
      vertex 22.8662 18.468 5
      vertex 22.8662 18.468 8
    endloop
  endfacet
  facet normal -0.857852 -0.513896 0
    outer loop
      vertex 22.8662 21.532 5
      vertex 22.7023 21.8056 8
      vertex 22.7023 21.8056 5
    endloop
  endfacet
  facet normal -0.857852 -0.513896 0
    outer loop
      vertex 22.7023 21.8056 8
      vertex 22.8662 21.532 5
      vertex 22.8662 21.532 8
    endloop
  endfacet
  facet normal 0.671611 0.740904 -0
    outer loop
      vertex 17.9382 17.4877 5
      vertex 17.7019 17.7019 8
      vertex 17.9382 17.4877 8
    endloop
  endfacet
  facet normal 0.671611 0.740904 0
    outer loop
      vertex 17.7019 17.7019 8
      vertex 17.9382 17.4877 5
      vertex 17.7019 17.7019 5
    endloop
  endfacet
  facet normal -0.595677 -0.803224 0
    outer loop
      vertex 21.8056 22.7023 5
      vertex 22.0618 22.5123 8
      vertex 21.8056 22.7023 8
    endloop
  endfacet
  facet normal -0.595677 -0.803224 -0
    outer loop
      vertex 22.0618 22.5123 8
      vertex 21.8056 22.7023 5
      vertex 22.0618 22.5123 5
    endloop
  endfacet
  facet normal 0.513896 0.857852 -0
    outer loop
      vertex 18.468 17.1338 5
      vertex 18.1944 17.2977 8
      vertex 18.468 17.1338 8
    endloop
  endfacet
  facet normal 0.513896 0.857852 0
    outer loop
      vertex 18.1944 17.2977 8
      vertex 18.468 17.1338 5
      vertex 18.1944 17.2977 5
    endloop
  endfacet
  facet normal -0.513896 -0.857852 0
    outer loop
      vertex 21.532 22.8662 5
      vertex 21.8056 22.7023 8
      vertex 21.532 22.8662 8
    endloop
  endfacet
  facet normal -0.513896 -0.857852 -0
    outer loop
      vertex 21.8056 22.7023 8
      vertex 21.532 22.8662 5
      vertex 21.8056 22.7023 5
    endloop
  endfacet
  facet normal -0.146776 0.98917 0
    outer loop
      vertex 20.634 16.8124 5
      vertex 20.3186 16.7656 8
      vertex 20.634 16.8124 8
    endloop
  endfacet
  facet normal -0.146776 0.98917 0
    outer loop
      vertex 20.3186 16.7656 8
      vertex 20.634 16.8124 5
      vertex 20.3186 16.7656 5
    endloop
  endfacet
  facet normal -0.941493 -0.337031 0
    outer loop
      vertex 23.1101 20.9434 5
      vertex 23.0026 21.2437 8
      vertex 23.0026 21.2437 5
    endloop
  endfacet
  facet normal -0.941493 -0.337031 0
    outer loop
      vertex 23.0026 21.2437 8
      vertex 23.1101 20.9434 5
      vertex 23.1101 20.9434 8
    endloop
  endfacet
  facet normal -0.857852 0.513896 0
    outer loop
      vertex 22.7023 18.1944 5
      vertex 22.8662 18.468 8
      vertex 22.8662 18.468 5
    endloop
  endfacet
  facet normal -0.857852 0.513896 0
    outer loop
      vertex 22.8662 18.468 8
      vertex 22.7023 18.1944 5
      vertex 22.7023 18.1944 8
    endloop
  endfacet
  facet normal 0.998803 0.0489056 0
    outer loop
      vertex 16.7656 19.6814 8
      vertex 16.75 20 5
      vertex 16.75 20 8
    endloop
  endfacet
  facet normal 0.998803 0.0489056 0
    outer loop
      vertex 16.75 20 5
      vertex 16.7656 19.6814 8
      vertex 16.7656 19.6814 5
    endloop
  endfacet
  facet normal -0.941493 0.337031 0
    outer loop
      vertex 23.0026 18.7563 5
      vertex 23.1101 19.0566 8
      vertex 23.1101 19.0566 5
    endloop
  endfacet
  facet normal -0.941493 0.337031 0
    outer loop
      vertex 23.1101 19.0566 8
      vertex 23.0026 18.7563 5
      vertex 23.0026 18.7563 8
    endloop
  endfacet
  facet normal 0.146776 -0.98917 0
    outer loop
      vertex 19.366 23.1876 5
      vertex 19.6814 23.2344 8
      vertex 19.366 23.1876 8
    endloop
  endfacet
  facet normal 0.146776 -0.98917 0
    outer loop
      vertex 19.6814 23.2344 8
      vertex 19.366 23.1876 5
      vertex 19.6814 23.2344 5
    endloop
  endfacet
  facet normal -0.740904 -0.671611 0
    outer loop
      vertex 22.5123 22.0618 5
      vertex 22.2981 22.2981 8
      vertex 22.2981 22.2981 5
    endloop
  endfacet
  facet normal -0.740904 -0.671611 0
    outer loop
      vertex 22.2981 22.2981 8
      vertex 22.5123 22.0618 5
      vertex 22.5123 22.0618 8
    endloop
  endfacet
  facet normal -0.0489056 -0.998803 0
    outer loop
      vertex 20 23.25 5
      vertex 20.3186 23.2344 8
      vertex 20 23.25 8
    endloop
  endfacet
  facet normal -0.0489056 -0.998803 -0
    outer loop
      vertex 20.3186 23.2344 8
      vertex 20 23.25 5
      vertex 20.3186 23.2344 5
    endloop
  endfacet
  facet normal -0.903936 -0.427668 0
    outer loop
      vertex 23.0026 21.2437 5
      vertex 22.8662 21.532 8
      vertex 22.8662 21.532 5
    endloop
  endfacet
  facet normal -0.903936 -0.427668 0
    outer loop
      vertex 22.8662 21.532 8
      vertex 23.0026 21.2437 5
      vertex 23.0026 21.2437 8
    endloop
  endfacet
  facet normal 0.146776 0.98917 -0
    outer loop
      vertex 19.6814 16.7656 5
      vertex 19.366 16.8124 8
      vertex 19.6814 16.7656 8
    endloop
  endfacet
  facet normal 0.146776 0.98917 0
    outer loop
      vertex 19.366 16.8124 8
      vertex 19.6814 16.7656 5
      vertex 19.366 16.8124 5
    endloop
  endfacet
  facet normal -0.671611 0.740904 0
    outer loop
      vertex 22.2981 17.7019 5
      vertex 22.0618 17.4877 8
      vertex 22.2981 17.7019 8
    endloop
  endfacet
  facet normal -0.671611 0.740904 0
    outer loop
      vertex 22.0618 17.4877 8
      vertex 22.2981 17.7019 5
      vertex 22.0618 17.4877 5
    endloop
  endfacet
  facet normal 0.0489056 0.998803 -0
    outer loop
      vertex 20 16.75 5
      vertex 19.6814 16.7656 8
      vertex 20 16.75 8
    endloop
  endfacet
  facet normal 0.0489056 0.998803 0
    outer loop
      vertex 19.6814 16.7656 8
      vertex 20 16.75 5
      vertex 19.6814 16.7656 5
    endloop
  endfacet
  facet normal 0.740904 -0.671611 0
    outer loop
      vertex 17.4877 22.0618 8
      vertex 17.7019 22.2981 5
      vertex 17.7019 22.2981 8
    endloop
  endfacet
  facet normal 0.740904 -0.671611 0
    outer loop
      vertex 17.7019 22.2981 5
      vertex 17.4877 22.0618 8
      vertex 17.4877 22.0618 5
    endloop
  endfacet
  facet normal 0.903936 -0.427668 0
    outer loop
      vertex 16.9974 21.2437 8
      vertex 17.1338 21.532 5
      vertex 17.1338 21.532 8
    endloop
  endfacet
  facet normal 0.903936 -0.427668 0
    outer loop
      vertex 17.1338 21.532 5
      vertex 16.9974 21.2437 8
      vertex 16.9974 21.2437 5
    endloop
  endfacet
  facet normal 0.970032 -0.242978 0
    outer loop
      vertex 16.8124 20.634 8
      vertex 16.8899 20.9434 5
      vertex 16.8899 20.9434 8
    endloop
  endfacet
  facet normal 0.970032 -0.242978 0
    outer loop
      vertex 16.8899 20.9434 5
      vertex 16.8124 20.634 8
      vertex 16.8124 20.634 5
    endloop
  endfacet
  facet normal -0.242978 -0.970032 0
    outer loop
      vertex 20.634 23.1876 5
      vertex 20.9434 23.1101 8
      vertex 20.634 23.1876 8
    endloop
  endfacet
  facet normal -0.242978 -0.970032 -0
    outer loop
      vertex 20.9434 23.1101 8
      vertex 20.634 23.1876 5
      vertex 20.9434 23.1101 5
    endloop
  endfacet
  facet normal 0.970032 0.242978 0
    outer loop
      vertex 16.8899 19.0566 8
      vertex 16.8124 19.366 5
      vertex 16.8124 19.366 8
    endloop
  endfacet
  facet normal 0.970032 0.242978 0
    outer loop
      vertex 16.8124 19.366 5
      vertex 16.8899 19.0566 8
      vertex 16.8899 19.0566 5
    endloop
  endfacet
  facet normal 0.427668 0.903936 -0
    outer loop
      vertex 18.7563 16.9974 5
      vertex 18.468 17.1338 8
      vertex 18.7563 16.9974 8
    endloop
  endfacet
  facet normal 0.427668 0.903936 0
    outer loop
      vertex 18.468 17.1338 8
      vertex 18.7563 16.9974 5
      vertex 18.468 17.1338 5
    endloop
  endfacet
  facet normal 0.740904 0.671611 0
    outer loop
      vertex 17.7019 17.7019 8
      vertex 17.4877 17.9382 5
      vertex 17.4877 17.9382 8
    endloop
  endfacet
  facet normal 0.740904 0.671611 0
    outer loop
      vertex 17.4877 17.9382 5
      vertex 17.7019 17.7019 8
      vertex 17.7019 17.7019 5
    endloop
  endfacet
  facet normal -0.427668 0.903936 0
    outer loop
      vertex 21.532 17.1338 5
      vertex 21.2437 16.9974 8
      vertex 21.532 17.1338 8
    endloop
  endfacet
  facet normal -0.427668 0.903936 0
    outer loop
      vertex 21.2437 16.9974 8
      vertex 21.532 17.1338 5
      vertex 21.2437 16.9974 5
    endloop
  endfacet
  facet normal -0.0489056 0.998803 0
    outer loop
      vertex 20.3186 16.7656 5
      vertex 20 16.75 8
      vertex 20.3186 16.7656 8
    endloop
  endfacet
  facet normal -0.0489056 0.998803 0
    outer loop
      vertex 20 16.75 8
      vertex 20.3186 16.7656 5
      vertex 20 16.75 5
    endloop
  endfacet
  facet normal 0.98917 0.146776 0
    outer loop
      vertex 16.8124 19.366 8
      vertex 16.7656 19.6814 5
      vertex 16.7656 19.6814 8
    endloop
  endfacet
  facet normal 0.98917 0.146776 0
    outer loop
      vertex 16.7656 19.6814 5
      vertex 16.8124 19.366 8
      vertex 16.8124 19.366 5
    endloop
  endfacet
  facet normal -0.595677 0.803224 0
    outer loop
      vertex 22.0618 17.4877 5
      vertex 21.8056 17.2977 8
      vertex 22.0618 17.4877 8
    endloop
  endfacet
  facet normal -0.595677 0.803224 0
    outer loop
      vertex 21.8056 17.2977 8
      vertex 22.0618 17.4877 5
      vertex 21.8056 17.2977 5
    endloop
  endfacet
  facet normal 0 0 1
    outer loop
      vertex 21.8 20 5
      vertex 23.25 20 5
      vertex 23.2344 20.3186 5
    endloop
  endfacet
  facet normal 0 0 1
    outer loop
      vertex 21.7913 20.1764 5
      vertex 23.2344 20.3186 5
      vertex 23.1876 20.634 5
    endloop
  endfacet
  facet normal 0 0 1
    outer loop
      vertex 23.25 20 5
      vertex 21.8 20 5
      vertex 23.2344 19.6814 5
    endloop
  endfacet
  facet normal 0 0 1
    outer loop
      vertex 21.7654 20.3512 5
      vertex 23.1876 20.634 5
      vertex 23.1101 20.9434 5
    endloop
  endfacet
  facet normal -0 0 1
    outer loop
      vertex 21.7913 19.8236 5
      vertex 23.2344 19.6814 5
      vertex 21.8 20 5
    endloop
  endfacet
  facet normal 0 0 1
    outer loop
      vertex 21.7225 20.5225 5
      vertex 23.1101 20.9434 5
      vertex 23.0026 21.2437 5
    endloop
  endfacet
  facet normal 0 0 1
    outer loop
      vertex 23.2344 19.6814 5
      vertex 21.7913 19.8236 5
      vertex 23.1876 19.366 5
    endloop
  endfacet
  facet normal 0 0 1
    outer loop
      vertex 21.663 20.6888 5
      vertex 23.0026 21.2437 5
      vertex 22.8662 21.532 5
    endloop
  endfacet
  facet normal -0 0 1
    outer loop
      vertex 21.7654 19.6488 5
      vertex 23.1876 19.366 5
      vertex 21.7913 19.8236 5
    endloop
  endfacet
  facet normal 0 0 1
    outer loop
      vertex 21.5875 20.8485 5
      vertex 22.8662 21.532 5
      vertex 22.7023 21.8056 5
    endloop
  endfacet
  facet normal 0 0 1
    outer loop
      vertex 23.1876 19.366 5
      vertex 21.7654 19.6488 5
      vertex 23.1101 19.0566 5
    endloop
  endfacet
  facet normal 0 0 1
    outer loop
      vertex 21.4966 21 5
      vertex 22.7023 21.8056 5
      vertex 22.5123 22.0618 5
    endloop
  endfacet
  facet normal -0 0 1
    outer loop
      vertex 21.7225 19.4775 5
      vertex 23.1101 19.0566 5
      vertex 21.7654 19.6488 5
    endloop
  endfacet
  facet normal 0 0 1
    outer loop
      vertex 21.3914 21.1419 5
      vertex 22.5123 22.0618 5
      vertex 22.2981 22.2981 5
    endloop
  endfacet
  facet normal 0 0 1
    outer loop
      vertex 23.1101 19.0566 5
      vertex 21.7225 19.4775 5
      vertex 23.0026 18.7563 5
    endloop
  endfacet
  facet normal 0 0 1
    outer loop
      vertex 21.2728 21.2728 5
      vertex 22.2981 22.2981 5
      vertex 22.0618 22.5123 5
    endloop
  endfacet
  facet normal -0 0 1
    outer loop
      vertex 21.663 19.3112 5
      vertex 23.0026 18.7563 5
      vertex 21.7225 19.4775 5
    endloop
  endfacet
  facet normal 0 0 1
    outer loop
      vertex 21.1419 21.3914 5
      vertex 22.0618 22.5123 5
      vertex 21.8056 22.7023 5
    endloop
  endfacet
  facet normal 0 0 1
    outer loop
      vertex 23.0026 18.7563 5
      vertex 21.663 19.3112 5
      vertex 22.8662 18.468 5
    endloop
  endfacet
  facet normal -0 0 1
    outer loop
      vertex 21.5875 19.1515 5
      vertex 22.8662 18.468 5
      vertex 21.663 19.3112 5
    endloop
  endfacet
  facet normal 0 0 1
    outer loop
      vertex 23.2344 20.3186 5
      vertex 21.7913 20.1764 5
      vertex 21.8 20 5
    endloop
  endfacet
  facet normal 0 0 1
    outer loop
      vertex 23.1876 20.634 5
      vertex 21.7654 20.3512 5
      vertex 21.7913 20.1764 5
    endloop
  endfacet
  facet normal 0 0 1
    outer loop
      vertex 23.1101 20.9434 5
      vertex 21.7225 20.5225 5
      vertex 21.7654 20.3512 5
    endloop
  endfacet
  facet normal 0 0 1
    outer loop
      vertex 23.0026 21.2437 5
      vertex 21.663 20.6888 5
      vertex 21.7225 20.5225 5
    endloop
  endfacet
  facet normal 0 0 1
    outer loop
      vertex 22.8662 21.532 5
      vertex 21.5875 20.8485 5
      vertex 21.663 20.6888 5
    endloop
  endfacet
  facet normal 0 0 1
    outer loop
      vertex 21 21.4966 5
      vertex 21.8056 22.7023 5
      vertex 21.532 22.8662 5
    endloop
  endfacet
  facet normal 0 0 1
    outer loop
      vertex 22.7023 21.8056 5
      vertex 21.4966 21 5
      vertex 21.5875 20.8485 5
    endloop
  endfacet
  facet normal 0 0 1
    outer loop
      vertex 22.5123 22.0618 5
      vertex 21.3914 21.1419 5
      vertex 21.4966 21 5
    endloop
  endfacet
  facet normal 0 0 1
    outer loop
      vertex 22.2981 22.2981 5
      vertex 21.2728 21.2728 5
      vertex 21.3914 21.1419 5
    endloop
  endfacet
  facet normal 0 0 1
    outer loop
      vertex 20.8485 21.5875 5
      vertex 21.532 22.8662 5
      vertex 21.2437 23.0026 5
    endloop
  endfacet
  facet normal 0 0 1
    outer loop
      vertex 22.0618 22.5123 5
      vertex 21.1419 21.3914 5
      vertex 21.2728 21.2728 5
    endloop
  endfacet
  facet normal 0 0 1
    outer loop
      vertex 21.8056 22.7023 5
      vertex 21 21.4966 5
      vertex 21.1419 21.3914 5
    endloop
  endfacet
  facet normal 0 0 1
    outer loop
      vertex 20.6888 21.663 5
      vertex 21.2437 23.0026 5
      vertex 20.9434 23.1101 5
    endloop
  endfacet
  facet normal 0 0 1
    outer loop
      vertex 21.532 22.8662 5
      vertex 20.8485 21.5875 5
      vertex 21 21.4966 5
    endloop
  endfacet
  facet normal 0 0 1
    outer loop
      vertex 21.2437 23.0026 5
      vertex 20.6888 21.663 5
      vertex 20.8485 21.5875 5
    endloop
  endfacet
  facet normal 0 0 1
    outer loop
      vertex 20.5225 21.7225 5
      vertex 20.9434 23.1101 5
      vertex 20.634 23.1876 5
    endloop
  endfacet
  facet normal 0 0 1
    outer loop
      vertex 20.9434 23.1101 5
      vertex 20.5225 21.7225 5
      vertex 20.6888 21.663 5
    endloop
  endfacet
  facet normal 0 0 1
    outer loop
      vertex 20.634 23.1876 5
      vertex 20.3512 21.7654 5
      vertex 20.5225 21.7225 5
    endloop
  endfacet
  facet normal 0 0 1
    outer loop
      vertex 20.3186 23.2344 5
      vertex 20.3512 21.7654 5
      vertex 20.634 23.1876 5
    endloop
  endfacet
  facet normal 0 0 1
    outer loop
      vertex 20.3186 23.2344 5
      vertex 20.1764 21.7913 5
      vertex 20.3512 21.7654 5
    endloop
  endfacet
  facet normal 0 0 1
    outer loop
      vertex 20 23.25 5
      vertex 20.1764 21.7913 5
      vertex 20.3186 23.2344 5
    endloop
  endfacet
  facet normal 0 0 1
    outer loop
      vertex 20 23.25 5
      vertex 20 21.8 5
      vertex 20.1764 21.7913 5
    endloop
  endfacet
  facet normal 0 0 1
    outer loop
      vertex 20 23.25 5
      vertex 19.8236 21.7913 5
      vertex 20 21.8 5
    endloop
  endfacet
  facet normal -0 0 1
    outer loop
      vertex 19.6814 23.2344 5
      vertex 19.8236 21.7913 5
      vertex 20 23.25 5
    endloop
  endfacet
  facet normal 0 0 1
    outer loop
      vertex 19.6814 23.2344 5
      vertex 19.6488 21.7654 5
      vertex 19.8236 21.7913 5
    endloop
  endfacet
  facet normal -0 0 1
    outer loop
      vertex 19.366 23.1876 5
      vertex 19.6488 21.7654 5
      vertex 19.6814 23.2344 5
    endloop
  endfacet
  facet normal 0 0 1
    outer loop
      vertex 19.6488 21.7654 5
      vertex 19.366 23.1876 5
      vertex 19.4775 21.7225 5
    endloop
  endfacet
  facet normal -0 0 1
    outer loop
      vertex 19.0566 23.1101 5
      vertex 19.4775 21.7225 5
      vertex 19.366 23.1876 5
    endloop
  endfacet
  facet normal 0 0 1
    outer loop
      vertex 19.4775 21.7225 5
      vertex 19.0566 23.1101 5
      vertex 19.3112 21.663 5
    endloop
  endfacet
  facet normal -0 0 1
    outer loop
      vertex 18.7563 23.0026 5
      vertex 19.3112 21.663 5
      vertex 19.0566 23.1101 5
    endloop
  endfacet
  facet normal 0 0 1
    outer loop
      vertex 19.3112 21.663 5
      vertex 18.7563 23.0026 5
      vertex 19.1515 21.5875 5
    endloop
  endfacet
  facet normal -0 0 1
    outer loop
      vertex 18.468 22.8662 5
      vertex 19.1515 21.5875 5
      vertex 18.7563 23.0026 5
    endloop
  endfacet
  facet normal 0 0 1
    outer loop
      vertex 19.1515 21.5875 5
      vertex 18.468 22.8662 5
      vertex 19 21.4966 5
    endloop
  endfacet
  facet normal -0 0 1
    outer loop
      vertex 18.1944 22.7023 5
      vertex 19 21.4966 5
      vertex 18.468 22.8662 5
    endloop
  endfacet
  facet normal 0 0 1
    outer loop
      vertex 19 21.4966 5
      vertex 18.1944 22.7023 5
      vertex 18.8581 21.3914 5
    endloop
  endfacet
  facet normal -0 0 1
    outer loop
      vertex 17.9382 22.5123 5
      vertex 18.8581 21.3914 5
      vertex 18.1944 22.7023 5
    endloop
  endfacet
  facet normal 0 0 1
    outer loop
      vertex 18.8581 21.3914 5
      vertex 17.9382 22.5123 5
      vertex 18.7272 21.2728 5
    endloop
  endfacet
  facet normal -0 0 1
    outer loop
      vertex 17.7019 22.2981 5
      vertex 18.7272 21.2728 5
      vertex 17.9382 22.5123 5
    endloop
  endfacet
  facet normal 0 0 1
    outer loop
      vertex 18.7272 21.2728 5
      vertex 17.7019 22.2981 5
      vertex 18.6086 21.1419 5
    endloop
  endfacet
  facet normal -0 0 1
    outer loop
      vertex 17.4877 22.0618 5
      vertex 18.6086 21.1419 5
      vertex 17.7019 22.2981 5
    endloop
  endfacet
  facet normal 0 0 1
    outer loop
      vertex 18.6086 21.1419 5
      vertex 17.4877 22.0618 5
      vertex 18.5034 21 5
    endloop
  endfacet
  facet normal -0 0 1
    outer loop
      vertex 17.2977 21.8056 5
      vertex 18.5034 21 5
      vertex 17.4877 22.0618 5
    endloop
  endfacet
  facet normal -0 0 1
    outer loop
      vertex 17.1338 21.532 5
      vertex 18.4125 20.8485 5
      vertex 17.2977 21.8056 5
    endloop
  endfacet
  facet normal 0 0 1
    outer loop
      vertex 18.5034 21 5
      vertex 17.2977 21.8056 5
      vertex 18.4125 20.8485 5
    endloop
  endfacet
  facet normal 0 0 1
    outer loop
      vertex 22.8662 18.468 5
      vertex 21.5875 19.1515 5
      vertex 22.7023 18.1944 5
    endloop
  endfacet
  facet normal -0 0 1
    outer loop
      vertex 21.4966 19 5
      vertex 22.7023 18.1944 5
      vertex 21.5875 19.1515 5
    endloop
  endfacet
  facet normal 0 0 1
    outer loop
      vertex 22.7023 18.1944 5
      vertex 21.4966 19 5
      vertex 22.5123 17.9382 5
    endloop
  endfacet
  facet normal -0 0 1
    outer loop
      vertex 21.3914 18.8581 5
      vertex 22.5123 17.9382 5
      vertex 21.4966 19 5
    endloop
  endfacet
  facet normal 0 0 1
    outer loop
      vertex 22.5123 17.9382 5
      vertex 21.3914 18.8581 5
      vertex 22.2981 17.7019 5
    endloop
  endfacet
  facet normal -0 0 1
    outer loop
      vertex 21.2728 18.7272 5
      vertex 22.2981 17.7019 5
      vertex 21.3914 18.8581 5
    endloop
  endfacet
  facet normal 0 0 1
    outer loop
      vertex 22.2981 17.7019 5
      vertex 21.2728 18.7272 5
      vertex 22.0618 17.4877 5
    endloop
  endfacet
  facet normal -0 0 1
    outer loop
      vertex 21.1419 18.6086 5
      vertex 22.0618 17.4877 5
      vertex 21.2728 18.7272 5
    endloop
  endfacet
  facet normal 0 0 1
    outer loop
      vertex 22.0618 17.4877 5
      vertex 21.1419 18.6086 5
      vertex 21.8056 17.2977 5
    endloop
  endfacet
  facet normal -0 0 1
    outer loop
      vertex 21 18.5034 5
      vertex 21.8056 17.2977 5
      vertex 21.1419 18.6086 5
    endloop
  endfacet
  facet normal 0 0 1
    outer loop
      vertex 21.8056 17.2977 5
      vertex 21 18.5034 5
      vertex 21.532 17.1338 5
    endloop
  endfacet
  facet normal -0 0 1
    outer loop
      vertex 20.8485 18.4125 5
      vertex 21.532 17.1338 5
      vertex 21 18.5034 5
    endloop
  endfacet
  facet normal 0 0 1
    outer loop
      vertex 21.532 17.1338 5
      vertex 20.8485 18.4125 5
      vertex 21.2437 16.9974 5
    endloop
  endfacet
  facet normal -0 0 1
    outer loop
      vertex 20.6888 18.337 5
      vertex 21.2437 16.9974 5
      vertex 20.8485 18.4125 5
    endloop
  endfacet
  facet normal 0 0 1
    outer loop
      vertex 21.2437 16.9974 5
      vertex 20.6888 18.337 5
      vertex 20.9434 16.8899 5
    endloop
  endfacet
  facet normal -0 0 1
    outer loop
      vertex 20.5225 18.2775 5
      vertex 20.9434 16.8899 5
      vertex 20.6888 18.337 5
    endloop
  endfacet
  facet normal 0 0 1
    outer loop
      vertex 20.9434 16.8899 5
      vertex 20.5225 18.2775 5
      vertex 20.634 16.8124 5
    endloop
  endfacet
  facet normal -0 0 1
    outer loop
      vertex 20.3512 18.2346 5
      vertex 20.634 16.8124 5
      vertex 20.5225 18.2775 5
    endloop
  endfacet
  facet normal 0 0 1
    outer loop
      vertex 20.3512 18.2346 5
      vertex 20.3186 16.7656 5
      vertex 20.634 16.8124 5
    endloop
  endfacet
  facet normal -0 0 1
    outer loop
      vertex 20.1764 18.2087 5
      vertex 20.3186 16.7656 5
      vertex 20.3512 18.2346 5
    endloop
  endfacet
  facet normal -0 0 1
    outer loop
      vertex 20 18.2 5
      vertex 20.3186 16.7656 5
      vertex 20.1764 18.2087 5
    endloop
  endfacet
  facet normal 0 0 1
    outer loop
      vertex 20 18.2 5
      vertex 20 16.75 5
      vertex 20.3186 16.7656 5
    endloop
  endfacet
  facet normal 0 0 1
    outer loop
      vertex 19.8236 18.2087 5
      vertex 20 16.75 5
      vertex 20 18.2 5
    endloop
  endfacet
  facet normal 0 0 1
    outer loop
      vertex 19.8236 18.2087 5
      vertex 19.6814 16.7656 5
      vertex 20 16.75 5
    endloop
  endfacet
  facet normal 0 0 1
    outer loop
      vertex 19.6488 18.2346 5
      vertex 19.6814 16.7656 5
      vertex 19.8236 18.2087 5
    endloop
  endfacet
  facet normal 0 0 1
    outer loop
      vertex 19.366 16.8124 5
      vertex 19.6488 18.2346 5
      vertex 19.4775 18.2775 5
    endloop
  endfacet
  facet normal 0 0 1
    outer loop
      vertex 19.6488 18.2346 5
      vertex 19.366 16.8124 5
      vertex 19.6814 16.7656 5
    endloop
  endfacet
  facet normal 0 0 1
    outer loop
      vertex 19.0566 16.8899 5
      vertex 19.4775 18.2775 5
      vertex 19.3112 18.337 5
    endloop
  endfacet
  facet normal 0 0 1
    outer loop
      vertex 18.7563 16.9974 5
      vertex 19.3112 18.337 5
      vertex 19.1515 18.4125 5
    endloop
  endfacet
  facet normal 0 0 1
    outer loop
      vertex 19.4775 18.2775 5
      vertex 19.0566 16.8899 5
      vertex 19.366 16.8124 5
    endloop
  endfacet
  facet normal 0 0 1
    outer loop
      vertex 18.468 17.1338 5
      vertex 19.1515 18.4125 5
      vertex 19 18.5034 5
    endloop
  endfacet
  facet normal 0 0 1
    outer loop
      vertex 18.1944 17.2977 5
      vertex 19 18.5034 5
      vertex 18.8581 18.6086 5
    endloop
  endfacet
  facet normal 0 0 1
    outer loop
      vertex 19.3112 18.337 5
      vertex 18.7563 16.9974 5
      vertex 19.0566 16.8899 5
    endloop
  endfacet
  facet normal 0 0 1
    outer loop
      vertex 17.9382 17.4877 5
      vertex 18.8581 18.6086 5
      vertex 18.7272 18.7272 5
    endloop
  endfacet
  facet normal 0 0 1
    outer loop
      vertex 17.7019 17.7019 5
      vertex 18.7272 18.7272 5
      vertex 18.6086 18.8581 5
    endloop
  endfacet
  facet normal 0 0 1
    outer loop
      vertex 17.4877 17.9382 5
      vertex 18.6086 18.8581 5
      vertex 18.5034 19 5
    endloop
  endfacet
  facet normal 0 0 1
    outer loop
      vertex 19.1515 18.4125 5
      vertex 18.468 17.1338 5
      vertex 18.7563 16.9974 5
    endloop
  endfacet
  facet normal 0 0 1
    outer loop
      vertex 17.2977 18.1944 5
      vertex 18.5034 19 5
      vertex 18.4125 19.1515 5
    endloop
  endfacet
  facet normal 0 0 1
    outer loop
      vertex 17.1338 18.468 5
      vertex 18.4125 19.1515 5
      vertex 18.337 19.3112 5
    endloop
  endfacet
  facet normal 0 0 1
    outer loop
      vertex 16.9974 18.7563 5
      vertex 18.337 19.3112 5
      vertex 18.2775 19.4775 5
    endloop
  endfacet
  facet normal 0 0 1
    outer loop
      vertex 16.8899 19.0566 5
      vertex 18.2775 19.4775 5
      vertex 18.2346 19.6488 5
    endloop
  endfacet
  facet normal 0 0 1
    outer loop
      vertex 16.8124 19.366 5
      vertex 18.2346 19.6488 5
      vertex 18.2087 19.8236 5
    endloop
  endfacet
  facet normal 0 0 1
    outer loop
      vertex 19 18.5034 5
      vertex 18.1944 17.2977 5
      vertex 18.468 17.1338 5
    endloop
  endfacet
  facet normal 0 0 1
    outer loop
      vertex 16.7656 19.6814 5
      vertex 18.2087 19.8236 5
      vertex 18.2 20 5
    endloop
  endfacet
  facet normal 0 0 1
    outer loop
      vertex 18.4125 20.8485 5
      vertex 17.1338 21.532 5
      vertex 18.337 20.6888 5
    endloop
  endfacet
  facet normal -0 0 1
    outer loop
      vertex 16.9974 21.2437 5
      vertex 18.337 20.6888 5
      vertex 17.1338 21.532 5
    endloop
  endfacet
  facet normal 0 0 1
    outer loop
      vertex 18.8581 18.6086 5
      vertex 17.9382 17.4877 5
      vertex 18.1944 17.2977 5
    endloop
  endfacet
  facet normal 0 0 1
    outer loop
      vertex 18.337 20.6888 5
      vertex 16.9974 21.2437 5
      vertex 18.2775 20.5225 5
    endloop
  endfacet
  facet normal 0 0 1
    outer loop
      vertex 18.7272 18.7272 5
      vertex 17.7019 17.7019 5
      vertex 17.9382 17.4877 5
    endloop
  endfacet
  facet normal -0 0 1
    outer loop
      vertex 16.8899 20.9434 5
      vertex 18.2775 20.5225 5
      vertex 16.9974 21.2437 5
    endloop
  endfacet
  facet normal 0 0 1
    outer loop
      vertex 18.6086 18.8581 5
      vertex 17.4877 17.9382 5
      vertex 17.7019 17.7019 5
    endloop
  endfacet
  facet normal 0 0 1
    outer loop
      vertex 18.2775 20.5225 5
      vertex 16.8899 20.9434 5
      vertex 18.2346 20.3512 5
    endloop
  endfacet
  facet normal 0 0 1
    outer loop
      vertex 18.5034 19 5
      vertex 17.2977 18.1944 5
      vertex 17.4877 17.9382 5
    endloop
  endfacet
  facet normal -0 0 1
    outer loop
      vertex 16.8124 20.634 5
      vertex 18.2346 20.3512 5
      vertex 16.8899 20.9434 5
    endloop
  endfacet
  facet normal 0 0 1
    outer loop
      vertex 18.4125 19.1515 5
      vertex 17.1338 18.468 5
      vertex 17.2977 18.1944 5
    endloop
  endfacet
  facet normal 0 0 1
    outer loop
      vertex 18.2346 20.3512 5
      vertex 16.8124 20.634 5
      vertex 18.2087 20.1764 5
    endloop
  endfacet
  facet normal 0 0 1
    outer loop
      vertex 18.337 19.3112 5
      vertex 16.9974 18.7563 5
      vertex 17.1338 18.468 5
    endloop
  endfacet
  facet normal -0 0 1
    outer loop
      vertex 16.7656 20.3186 5
      vertex 18.2087 20.1764 5
      vertex 16.8124 20.634 5
    endloop
  endfacet
  facet normal 0 0 1
    outer loop
      vertex 18.2775 19.4775 5
      vertex 16.8899 19.0566 5
      vertex 16.9974 18.7563 5
    endloop
  endfacet
  facet normal 0 0 1
    outer loop
      vertex 18.2087 20.1764 5
      vertex 16.7656 20.3186 5
      vertex 18.2 20 5
    endloop
  endfacet
  facet normal 0 0 1
    outer loop
      vertex 18.2346 19.6488 5
      vertex 16.8124 19.366 5
      vertex 16.8899 19.0566 5
    endloop
  endfacet
  facet normal 0 0 1
    outer loop
      vertex 16.75 20 5
      vertex 18.2 20 5
      vertex 16.7656 20.3186 5
    endloop
  endfacet
  facet normal 0 0 1
    outer loop
      vertex 18.2087 19.8236 5
      vertex 16.7656 19.6814 5
      vertex 16.8124 19.366 5
    endloop
  endfacet
  facet normal 0 0 1
    outer loop
      vertex 18.2 20 5
      vertex 16.75 20 5
      vertex 16.7656 19.6814 5
    endloop
  endfacet
  facet normal 0.803224 0.595677 0
    outer loop
      vertex 17.4877 17.9382 8
      vertex 17.2977 18.1944 5
      vertex 17.2977 18.1944 8
    endloop
  endfacet
  facet normal 0.803224 0.595677 0
    outer loop
      vertex 17.2977 18.1944 5
      vertex 17.4877 17.9382 8
      vertex 17.4877 17.9382 5
    endloop
  endfacet
  facet normal 0.998803 -0.0489056 0
    outer loop
      vertex 16.75 20 8
      vertex 16.7656 20.3186 5
      vertex 16.7656 20.3186 8
    endloop
  endfacet
  facet normal 0.998803 -0.0489056 0
    outer loop
      vertex 16.7656 20.3186 5
      vertex 16.75 20 8
      vertex 16.75 20 5
    endloop
  endfacet
  facet normal -0.740904 0.671611 0
    outer loop
      vertex 22.2981 17.7019 5
      vertex 22.5123 17.9382 8
      vertex 22.5123 17.9382 5
    endloop
  endfacet
  facet normal -0.740904 0.671611 0
    outer loop
      vertex 22.5123 17.9382 8
      vertex 22.2981 17.7019 5
      vertex 22.2981 17.7019 8
    endloop
  endfacet
  facet normal -1 0 0
    outer loop
      vertex -40 -26 0
      vertex -40 26 8
      vertex -40 26 0
    endloop
  endfacet
  facet normal -1 -0 0
    outer loop
      vertex -40 26 8
      vertex -40 -26 0
      vertex -40 -26 8
    endloop
  endfacet
  facet normal -0.998791 0.0491626 0
    outer loop
      vertex -40 26 0
      vertex -39.9807 26.3921 8
      vertex -39.9807 26.3921 0
    endloop
  endfacet
  facet normal -0.998791 0.0491626 0
    outer loop
      vertex -39.9807 26.3921 8
      vertex -40 26 0
      vertex -40 26 8
    endloop
  endfacet
  facet normal -0.85774 0.514084 0
    outer loop
      vertex -39.5277 27.8856 0
      vertex -39.3259 28.2223 8
      vertex -39.3259 28.2223 0
    endloop
  endfacet
  facet normal -0.85774 0.514084 0
    outer loop
      vertex -39.3259 28.2223 8
      vertex -39.5277 27.8856 0
      vertex -39.5277 27.8856 8
    endloop
  endfacet
  facet normal 0.9415 -0.337014 0
    outer loop
      vertex 39.6955 -27.5307 8
      vertex 39.8278 -27.1611 0
      vertex 39.8278 -27.1611 8
    endloop
  endfacet
  facet normal 0.9415 -0.337014 0
    outer loop
      vertex 39.8278 -27.1611 0
      vertex 39.6955 -27.5307 8
      vertex 39.6955 -27.5307 0
    endloop
  endfacet
  facet normal -0.42744 -0.904044 0
    outer loop
      vertex -37.8856 -29.5277 0
      vertex -37.5307 -29.6955 8
      vertex -37.8856 -29.5277 8
    endloop
  endfacet
  facet normal -0.42744 -0.904044 -0
    outer loop
      vertex -37.5307 -29.6955 8
      vertex -37.8856 -29.5277 0
      vertex -37.5307 -29.6955 0
    endloop
  endfacet
  facet normal 0.0491626 0.998791 -0
    outer loop
      vertex 36.3921 29.9807 0
      vertex 36 30 8
      vertex 36.3921 29.9807 8
    endloop
  endfacet
  facet normal 0.0491626 0.998791 0
    outer loop
      vertex 36 30 8
      vertex 36.3921 29.9807 0
      vertex 36 30 0
    endloop
  endfacet
  facet normal -0.42744 0.904044 0
    outer loop
      vertex -37.5307 29.6955 0
      vertex -37.8856 29.5277 8
      vertex -37.5307 29.6955 8
    endloop
  endfacet
  facet normal -0.42744 0.904044 0
    outer loop
      vertex -37.8856 29.5277 8
      vertex -37.5307 29.6955 0
      vertex -37.8856 29.5277 0
    endloop
  endfacet
  facet normal 0.989176 -0.146733 0
    outer loop
      vertex 39.9231 -26.7804 8
      vertex 39.9807 -26.3921 0
      vertex 39.9807 -26.3921 8
    endloop
  endfacet
  facet normal 0.989176 -0.146733 0
    outer loop
      vertex 39.9807 -26.3921 0
      vertex 39.9231 -26.7804 8
      vertex 39.9231 -26.7804 0
    endloop
  endfacet
  facet normal 0 -1 0
    outer loop
      vertex -36 -30 0
      vertex 36 -30 8
      vertex -36 -30 8
    endloop
  endfacet
  facet normal 0 -1 -0
    outer loop
      vertex 36 -30 8
      vertex -36 -30 0
      vertex 36 -30 0
    endloop
  endfacet
  facet normal -0.989176 -0.146733 0
    outer loop
      vertex -39.9231 -26.7804 0
      vertex -39.9807 -26.3921 8
      vertex -39.9807 -26.3921 0
    endloop
  endfacet
  facet normal -0.989176 -0.146733 0
    outer loop
      vertex -39.9807 -26.3921 8
      vertex -39.9231 -26.7804 0
      vertex -39.9231 -26.7804 8
    endloop
  endfacet
  facet normal -0.242835 0.970068 0
    outer loop
      vertex -36.7804 29.9231 0
      vertex -37.1611 29.8278 8
      vertex -36.7804 29.9231 8
    endloop
  endfacet
  facet normal -0.242835 0.970068 0
    outer loop
      vertex -37.1611 29.8278 8
      vertex -36.7804 29.9231 0
      vertex -37.1611 29.8278 0
    endloop
  endfacet
  facet normal -0.671607 0.740908 0
    outer loop
      vertex -38.5376 29.092 0
      vertex -38.8284 28.8284 8
      vertex -38.5376 29.092 8
    endloop
  endfacet
  facet normal -0.671607 0.740908 0
    outer loop
      vertex -38.8284 28.8284 8
      vertex -38.5376 29.092 0
      vertex -38.8284 28.8284 0
    endloop
  endfacet
  facet normal 0.970068 0.242835 0
    outer loop
      vertex 39.9231 26.7804 8
      vertex 39.8278 27.1611 0
      vertex 39.8278 27.1611 8
    endloop
  endfacet
  facet normal 0.970068 0.242835 0
    outer loop
      vertex 39.8278 27.1611 0
      vertex 39.9231 26.7804 8
      vertex 39.9231 26.7804 0
    endloop
  endfacet
  facet normal 1 -0 0
    outer loop
      vertex 40 -26 8
      vertex 40 26 0
      vertex 40 26 8
    endloop
  endfacet
  facet normal 1 0 0
    outer loop
      vertex 40 26 0
      vertex 40 -26 8
      vertex 40 -26 0
    endloop
  endfacet
  facet normal -0.803137 -0.595794 0
    outer loop
      vertex -39.092 -28.5376 0
      vertex -39.3259 -28.2223 8
      vertex -39.3259 -28.2223 0
    endloop
  endfacet
  facet normal -0.803137 -0.595794 0
    outer loop
      vertex -39.3259 -28.2223 8
      vertex -39.092 -28.5376 0
      vertex -39.092 -28.5376 8
    endloop
  endfacet
  facet normal 0.514084 0.85774 -0
    outer loop
      vertex 38.2223 29.3259 0
      vertex 37.8856 29.5277 8
      vertex 38.2223 29.3259 8
    endloop
  endfacet
  facet normal 0.514084 0.85774 0
    outer loop
      vertex 37.8856 29.5277 8
      vertex 38.2223 29.3259 0
      vertex 37.8856 29.5277 0
    endloop
  endfacet
  facet normal 0.595794 -0.803137 0
    outer loop
      vertex 38.2223 -29.3259 0
      vertex 38.5376 -29.092 8
      vertex 38.2223 -29.3259 8
    endloop
  endfacet
  facet normal 0.595794 -0.803137 0
    outer loop
      vertex 38.5376 -29.092 8
      vertex 38.2223 -29.3259 0
      vertex 38.5376 -29.092 0
    endloop
  endfacet
  facet normal 0 1 -0
    outer loop
      vertex 36 30 0
      vertex -36 30 8
      vertex 36 30 8
    endloop
  endfacet
  facet normal 0 1 0
    outer loop
      vertex -36 30 8
      vertex 36 30 0
      vertex -36 30 0
    endloop
  endfacet
  facet normal -0.740908 0.671607 0
    outer loop
      vertex -39.092 28.5376 0
      vertex -38.8284 28.8284 8
      vertex -38.8284 28.8284 0
    endloop
  endfacet
  facet normal -0.740908 0.671607 0
    outer loop
      vertex -38.8284 28.8284 8
      vertex -39.092 28.5376 0
      vertex -39.092 28.5376 8
    endloop
  endfacet
  facet normal 0.904044 -0.42744 0
    outer loop
      vertex 39.5277 -27.8856 8
      vertex 39.6955 -27.5307 0
      vertex 39.6955 -27.5307 8
    endloop
  endfacet
  facet normal 0.904044 -0.42744 0
    outer loop
      vertex 39.6955 -27.5307 0
      vertex 39.5277 -27.8856 8
      vertex 39.5277 -27.8856 0
    endloop
  endfacet
  facet normal -0.904044 -0.42744 0
    outer loop
      vertex -39.5277 -27.8856 0
      vertex -39.6955 -27.5307 8
      vertex -39.6955 -27.5307 0
    endloop
  endfacet
  facet normal -0.904044 -0.42744 0
    outer loop
      vertex -39.6955 -27.5307 8
      vertex -39.5277 -27.8856 0
      vertex -39.5277 -27.8856 8
    endloop
  endfacet
  facet normal -0.803137 0.595794 0
    outer loop
      vertex -39.3259 28.2223 0
      vertex -39.092 28.5376 8
      vertex -39.092 28.5376 0
    endloop
  endfacet
  facet normal -0.803137 0.595794 0
    outer loop
      vertex -39.092 28.5376 8
      vertex -39.3259 28.2223 0
      vertex -39.3259 28.2223 8
    endloop
  endfacet
  facet normal -0.998791 -0.0491626 0
    outer loop
      vertex -39.9807 -26.3921 0
      vertex -40 -26 8
      vertex -40 -26 0
    endloop
  endfacet
  facet normal -0.998791 -0.0491626 0
    outer loop
      vertex -40 -26 8
      vertex -39.9807 -26.3921 0
      vertex -39.9807 -26.3921 8
    endloop
  endfacet
  facet normal 0.904044 0.42744 0
    outer loop
      vertex 39.6955 27.5307 8
      vertex 39.5277 27.8856 0
      vertex 39.5277 27.8856 8
    endloop
  endfacet
  facet normal 0.904044 0.42744 0
    outer loop
      vertex 39.5277 27.8856 0
      vertex 39.6955 27.5307 8
      vertex 39.6955 27.5307 0
    endloop
  endfacet
  facet normal 0.595794 0.803137 -0
    outer loop
      vertex 38.5376 29.092 0
      vertex 38.2223 29.3259 8
      vertex 38.5376 29.092 8
    endloop
  endfacet
  facet normal 0.595794 0.803137 0
    outer loop
      vertex 38.2223 29.3259 8
      vertex 38.5376 29.092 0
      vertex 38.2223 29.3259 0
    endloop
  endfacet
  facet normal 0.998791 -0.0491626 0
    outer loop
      vertex 39.9807 -26.3921 8
      vertex 40 -26 0
      vertex 40 -26 8
    endloop
  endfacet
  facet normal 0.998791 -0.0491626 0
    outer loop
      vertex 40 -26 0
      vertex 39.9807 -26.3921 8
      vertex 39.9807 -26.3921 0
    endloop
  endfacet
  facet normal 0.42744 0.904044 -0
    outer loop
      vertex 37.8856 29.5277 0
      vertex 37.5307 29.6955 8
      vertex 37.8856 29.5277 8
    endloop
  endfacet
  facet normal 0.42744 0.904044 0
    outer loop
      vertex 37.5307 29.6955 8
      vertex 37.8856 29.5277 0
      vertex 37.5307 29.6955 0
    endloop
  endfacet
  facet normal 0.337014 0.9415 -0
    outer loop
      vertex 37.5307 29.6955 0
      vertex 37.1611 29.8278 8
      vertex 37.5307 29.6955 8
    endloop
  endfacet
  facet normal 0.337014 0.9415 0
    outer loop
      vertex 37.1611 29.8278 8
      vertex 37.5307 29.6955 0
      vertex 37.1611 29.8278 0
    endloop
  endfacet
  facet normal -0.337014 0.9415 0
    outer loop
      vertex -37.1611 29.8278 0
      vertex -37.5307 29.6955 8
      vertex -37.1611 29.8278 8
    endloop
  endfacet
  facet normal -0.337014 0.9415 0
    outer loop
      vertex -37.5307 29.6955 8
      vertex -37.1611 29.8278 0
      vertex -37.5307 29.6955 0
    endloop
  endfacet
  facet normal 0.514084 -0.85774 0
    outer loop
      vertex 37.8856 -29.5277 0
      vertex 38.2223 -29.3259 8
      vertex 37.8856 -29.5277 8
    endloop
  endfacet
  facet normal 0.514084 -0.85774 0
    outer loop
      vertex 38.2223 -29.3259 8
      vertex 37.8856 -29.5277 0
      vertex 38.2223 -29.3259 0
    endloop
  endfacet
  facet normal -0.904044 0.42744 0
    outer loop
      vertex -39.6955 27.5307 0
      vertex -39.5277 27.8856 8
      vertex -39.5277 27.8856 0
    endloop
  endfacet
  facet normal -0.904044 0.42744 0
    outer loop
      vertex -39.5277 27.8856 8
      vertex -39.6955 27.5307 0
      vertex -39.6955 27.5307 8
    endloop
  endfacet
  facet normal -0.514084 0.85774 0
    outer loop
      vertex -37.8856 29.5277 0
      vertex -38.2223 29.3259 8
      vertex -37.8856 29.5277 8
    endloop
  endfacet
  facet normal -0.514084 0.85774 0
    outer loop
      vertex -38.2223 29.3259 8
      vertex -37.8856 29.5277 0
      vertex -38.2223 29.3259 0
    endloop
  endfacet
  facet normal 0.0491626 -0.998791 0
    outer loop
      vertex 36 -30 0
      vertex 36.3921 -29.9807 8
      vertex 36 -30 8
    endloop
  endfacet
  facet normal 0.0491626 -0.998791 0
    outer loop
      vertex 36.3921 -29.9807 8
      vertex 36 -30 0
      vertex 36.3921 -29.9807 0
    endloop
  endfacet
  facet normal -0.242835 -0.970068 0
    outer loop
      vertex -37.1611 -29.8278 0
      vertex -36.7804 -29.9231 8
      vertex -37.1611 -29.8278 8
    endloop
  endfacet
  facet normal -0.242835 -0.970068 -0
    outer loop
      vertex -36.7804 -29.9231 8
      vertex -37.1611 -29.8278 0
      vertex -36.7804 -29.9231 0
    endloop
  endfacet
  facet normal -0.595794 -0.803137 0
    outer loop
      vertex -38.5376 -29.092 0
      vertex -38.2223 -29.3259 8
      vertex -38.5376 -29.092 8
    endloop
  endfacet
  facet normal -0.595794 -0.803137 -0
    outer loop
      vertex -38.2223 -29.3259 8
      vertex -38.5376 -29.092 0
      vertex -38.2223 -29.3259 0
    endloop
  endfacet
  facet normal -0.595794 0.803137 0
    outer loop
      vertex -38.2223 29.3259 0
      vertex -38.5376 29.092 8
      vertex -38.2223 29.3259 8
    endloop
  endfacet
  facet normal -0.595794 0.803137 0
    outer loop
      vertex -38.5376 29.092 8
      vertex -38.2223 29.3259 0
      vertex -38.5376 29.092 0
    endloop
  endfacet
  facet normal -0.146733 0.989176 0
    outer loop
      vertex -36.3921 29.9807 0
      vertex -36.7804 29.9231 8
      vertex -36.3921 29.9807 8
    endloop
  endfacet
  facet normal -0.146733 0.989176 0
    outer loop
      vertex -36.7804 29.9231 8
      vertex -36.3921 29.9807 0
      vertex -36.7804 29.9231 0
    endloop
  endfacet
  facet normal 0.803137 -0.595794 0
    outer loop
      vertex 39.092 -28.5376 8
      vertex 39.3259 -28.2223 0
      vertex 39.3259 -28.2223 8
    endloop
  endfacet
  facet normal 0.803137 -0.595794 0
    outer loop
      vertex 39.3259 -28.2223 0
      vertex 39.092 -28.5376 8
      vertex 39.092 -28.5376 0
    endloop
  endfacet
  facet normal 0.740908 0.671607 0
    outer loop
      vertex 39.092 28.5376 8
      vertex 38.8284 28.8284 0
      vertex 38.8284 28.8284 8
    endloop
  endfacet
  facet normal 0.740908 0.671607 0
    outer loop
      vertex 38.8284 28.8284 0
      vertex 39.092 28.5376 8
      vertex 39.092 28.5376 0
    endloop
  endfacet
  facet normal 0.85774 0.514084 0
    outer loop
      vertex 39.5277 27.8856 8
      vertex 39.3259 28.2223 0
      vertex 39.3259 28.2223 8
    endloop
  endfacet
  facet normal 0.85774 0.514084 0
    outer loop
      vertex 39.3259 28.2223 0
      vertex 39.5277 27.8856 8
      vertex 39.5277 27.8856 0
    endloop
  endfacet
  facet normal -0.970068 -0.242835 0
    outer loop
      vertex -39.8278 -27.1611 0
      vertex -39.9231 -26.7804 8
      vertex -39.9231 -26.7804 0
    endloop
  endfacet
  facet normal -0.970068 -0.242835 0
    outer loop
      vertex -39.9231 -26.7804 8
      vertex -39.8278 -27.1611 0
      vertex -39.8278 -27.1611 8
    endloop
  endfacet
  facet normal -0.0491626 0.998791 0
    outer loop
      vertex -36 30 0
      vertex -36.3921 29.9807 8
      vertex -36 30 8
    endloop
  endfacet
  facet normal -0.0491626 0.998791 0
    outer loop
      vertex -36.3921 29.9807 8
      vertex -36 30 0
      vertex -36.3921 29.9807 0
    endloop
  endfacet
  facet normal 0.242835 0.970068 -0
    outer loop
      vertex 37.1611 29.8278 0
      vertex 36.7804 29.9231 8
      vertex 37.1611 29.8278 8
    endloop
  endfacet
  facet normal 0.242835 0.970068 0
    outer loop
      vertex 36.7804 29.9231 8
      vertex 37.1611 29.8278 0
      vertex 36.7804 29.9231 0
    endloop
  endfacet
  facet normal 0.42744 -0.904044 0
    outer loop
      vertex 37.5307 -29.6955 0
      vertex 37.8856 -29.5277 8
      vertex 37.5307 -29.6955 8
    endloop
  endfacet
  facet normal 0.42744 -0.904044 0
    outer loop
      vertex 37.8856 -29.5277 8
      vertex 37.5307 -29.6955 0
      vertex 37.8856 -29.5277 0
    endloop
  endfacet
  facet normal 0.146733 0.989176 -0
    outer loop
      vertex 36.7804 29.9231 0
      vertex 36.3921 29.9807 8
      vertex 36.7804 29.9231 8
    endloop
  endfacet
  facet normal 0.146733 0.989176 0
    outer loop
      vertex 36.3921 29.9807 8
      vertex 36.7804 29.9231 0
      vertex 36.3921 29.9807 0
    endloop
  endfacet
  facet normal -0.85774 -0.514084 0
    outer loop
      vertex -39.3259 -28.2223 0
      vertex -39.5277 -27.8856 8
      vertex -39.5277 -27.8856 0
    endloop
  endfacet
  facet normal -0.85774 -0.514084 0
    outer loop
      vertex -39.5277 -27.8856 8
      vertex -39.3259 -28.2223 0
      vertex -39.3259 -28.2223 8
    endloop
  endfacet
  facet normal 0.337014 -0.9415 0
    outer loop
      vertex 37.1611 -29.8278 0
      vertex 37.5307 -29.6955 8
      vertex 37.1611 -29.8278 8
    endloop
  endfacet
  facet normal 0.337014 -0.9415 0
    outer loop
      vertex 37.5307 -29.6955 8
      vertex 37.1611 -29.8278 0
      vertex 37.5307 -29.6955 0
    endloop
  endfacet
  facet normal 0.989176 0.146733 0
    outer loop
      vertex 39.9807 26.3921 8
      vertex 39.9231 26.7804 0
      vertex 39.9231 26.7804 8
    endloop
  endfacet
  facet normal 0.989176 0.146733 0
    outer loop
      vertex 39.9231 26.7804 0
      vertex 39.9807 26.3921 8
      vertex 39.9807 26.3921 0
    endloop
  endfacet
  facet normal 0.9415 0.337014 0
    outer loop
      vertex 39.8278 27.1611 8
      vertex 39.6955 27.5307 0
      vertex 39.6955 27.5307 8
    endloop
  endfacet
  facet normal 0.9415 0.337014 0
    outer loop
      vertex 39.6955 27.5307 0
      vertex 39.8278 27.1611 8
      vertex 39.8278 27.1611 0
    endloop
  endfacet
  facet normal -0.989176 0.146733 0
    outer loop
      vertex -39.9807 26.3921 0
      vertex -39.9231 26.7804 8
      vertex -39.9231 26.7804 0
    endloop
  endfacet
  facet normal -0.989176 0.146733 0
    outer loop
      vertex -39.9231 26.7804 8
      vertex -39.9807 26.3921 0
      vertex -39.9807 26.3921 8
    endloop
  endfacet
  facet normal -0.146733 -0.989176 0
    outer loop
      vertex -36.7804 -29.9231 0
      vertex -36.3921 -29.9807 8
      vertex -36.7804 -29.9231 8
    endloop
  endfacet
  facet normal -0.146733 -0.989176 -0
    outer loop
      vertex -36.3921 -29.9807 8
      vertex -36.7804 -29.9231 0
      vertex -36.3921 -29.9807 0
    endloop
  endfacet
  facet normal 0.85774 -0.514084 0
    outer loop
      vertex 39.3259 -28.2223 8
      vertex 39.5277 -27.8856 0
      vertex 39.5277 -27.8856 8
    endloop
  endfacet
  facet normal 0.85774 -0.514084 0
    outer loop
      vertex 39.5277 -27.8856 0
      vertex 39.3259 -28.2223 8
      vertex 39.3259 -28.2223 0
    endloop
  endfacet
  facet normal 0.803137 0.595794 0
    outer loop
      vertex 39.3259 28.2223 8
      vertex 39.092 28.5376 0
      vertex 39.092 28.5376 8
    endloop
  endfacet
  facet normal 0.803137 0.595794 0
    outer loop
      vertex 39.092 28.5376 0
      vertex 39.3259 28.2223 8
      vertex 39.3259 28.2223 0
    endloop
  endfacet
  facet normal -0.970068 0.242835 0
    outer loop
      vertex -39.9231 26.7804 0
      vertex -39.8278 27.1611 8
      vertex -39.8278 27.1611 0
    endloop
  endfacet
  facet normal -0.970068 0.242835 0
    outer loop
      vertex -39.8278 27.1611 8
      vertex -39.9231 26.7804 0
      vertex -39.9231 26.7804 8
    endloop
  endfacet
  facet normal -0.9415 0.337014 0
    outer loop
      vertex -39.8278 27.1611 0
      vertex -39.6955 27.5307 8
      vertex -39.6955 27.5307 0
    endloop
  endfacet
  facet normal -0.9415 0.337014 0
    outer loop
      vertex -39.6955 27.5307 8
      vertex -39.8278 27.1611 0
      vertex -39.8278 27.1611 8
    endloop
  endfacet
  facet normal -0.514084 -0.85774 0
    outer loop
      vertex -38.2223 -29.3259 0
      vertex -37.8856 -29.5277 8
      vertex -38.2223 -29.3259 8
    endloop
  endfacet
  facet normal -0.514084 -0.85774 -0
    outer loop
      vertex -37.8856 -29.5277 8
      vertex -38.2223 -29.3259 0
      vertex -37.8856 -29.5277 0
    endloop
  endfacet
  facet normal 0.242835 -0.970068 0
    outer loop
      vertex 36.7804 -29.9231 0
      vertex 37.1611 -29.8278 8
      vertex 36.7804 -29.9231 8
    endloop
  endfacet
  facet normal 0.242835 -0.970068 0
    outer loop
      vertex 37.1611 -29.8278 8
      vertex 36.7804 -29.9231 0
      vertex 37.1611 -29.8278 0
    endloop
  endfacet
  facet normal 0.998791 0.0491626 0
    outer loop
      vertex 40 26 8
      vertex 39.9807 26.3921 0
      vertex 39.9807 26.3921 8
    endloop
  endfacet
  facet normal 0.998791 0.0491626 0
    outer loop
      vertex 39.9807 26.3921 0
      vertex 40 26 8
      vertex 40 26 0
    endloop
  endfacet
  facet normal 0.970068 -0.242835 0
    outer loop
      vertex 39.8278 -27.1611 8
      vertex 39.9231 -26.7804 0
      vertex 39.9231 -26.7804 8
    endloop
  endfacet
  facet normal 0.970068 -0.242835 0
    outer loop
      vertex 39.9231 -26.7804 0
      vertex 39.8278 -27.1611 8
      vertex 39.8278 -27.1611 0
    endloop
  endfacet
  facet normal -0.740908 -0.671607 0
    outer loop
      vertex -38.8284 -28.8284 0
      vertex -39.092 -28.5376 8
      vertex -39.092 -28.5376 0
    endloop
  endfacet
  facet normal -0.740908 -0.671607 0
    outer loop
      vertex -39.092 -28.5376 8
      vertex -38.8284 -28.8284 0
      vertex -38.8284 -28.8284 8
    endloop
  endfacet
  facet normal -0.337014 -0.9415 0
    outer loop
      vertex -37.5307 -29.6955 0
      vertex -37.1611 -29.8278 8
      vertex -37.5307 -29.6955 8
    endloop
  endfacet
  facet normal -0.337014 -0.9415 -0
    outer loop
      vertex -37.1611 -29.8278 8
      vertex -37.5307 -29.6955 0
      vertex -37.1611 -29.8278 0
    endloop
  endfacet
  facet normal 0.146733 -0.989176 0
    outer loop
      vertex 36.3921 -29.9807 0
      vertex 36.7804 -29.9231 8
      vertex 36.3921 -29.9807 8
    endloop
  endfacet
  facet normal 0.146733 -0.989176 0
    outer loop
      vertex 36.7804 -29.9231 8
      vertex 36.3921 -29.9807 0
      vertex 36.7804 -29.9231 0
    endloop
  endfacet
  facet normal 0.671607 0.740908 -0
    outer loop
      vertex 38.8284 28.8284 0
      vertex 38.5376 29.092 8
      vertex 38.8284 28.8284 8
    endloop
  endfacet
  facet normal 0.671607 0.740908 0
    outer loop
      vertex 38.5376 29.092 8
      vertex 38.8284 28.8284 0
      vertex 38.5376 29.092 0
    endloop
  endfacet
  facet normal -0 0 1
    outer loop
      vertex -17.9382 17.4877 8
      vertex -2.62823 2.15694 8
      vertex -17.7019 17.7019 8
    endloop
  endfacet
  facet normal 0 0 1
    outer loop
      vertex -3.4 0 8
      vertex -16.7656 -19.6814 8
      vertex -16.75 -20 8
    endloop
  endfacet
  facet normal 0 0 1
    outer loop
      vertex -2.62823 2.15694 8
      vertex -17.9382 17.4877 8
      vertex -2.827 1.88894 8
    endloop
  endfacet
  facet normal 0 0 1
    outer loop
      vertex -3.4 0 8
      vertex -16.8124 -19.366 8
      vertex -16.7656 -19.6814 8
    endloop
  endfacet
  facet normal -0 0 1
    outer loop
      vertex -18.1944 17.2977 8
      vertex -2.827 1.88894 8
      vertex -17.9382 17.4877 8
    endloop
  endfacet
  facet normal 0 0 1
    outer loop
      vertex -3.4 0 8
      vertex -16.8899 -19.0566 8
      vertex -16.8124 -19.366 8
    endloop
  endfacet
  facet normal 0 0 1
    outer loop
      vertex -2.827 1.88894 8
      vertex -18.1944 17.2977 8
      vertex -2.99853 1.60275 8
    endloop
  endfacet
  facet normal 0 0 1
    outer loop
      vertex -3.4 0 8
      vertex -16.9974 -18.7563 8
      vertex -16.8899 -19.0566 8
    endloop
  endfacet
  facet normal -0 0 1
    outer loop
      vertex -18.468 17.1338 8
      vertex -2.99853 1.60275 8
      vertex -18.1944 17.2977 8
    endloop
  endfacet
  facet normal 0 0 1
    outer loop
      vertex -3.4 0 8
      vertex -17.1338 -18.468 8
      vertex -16.9974 -18.7563 8
    endloop
  endfacet
  facet normal 0 0 1
    outer loop
      vertex -2.99853 1.60275 8
      vertex -18.468 17.1338 8
      vertex -3.14119 1.30112 8
    endloop
  endfacet
  facet normal 0 0 1
    outer loop
      vertex -3.4 0 8
      vertex -17.2977 -18.1944 8
      vertex -17.1338 -18.468 8
    endloop
  endfacet
  facet normal -0 0 1
    outer loop
      vertex -18.7563 16.9974 8
      vertex -3.14119 1.30112 8
      vertex -18.468 17.1338 8
    endloop
  endfacet
  facet normal 0 0 1
    outer loop
      vertex -3.4 0 8
      vertex -17.4877 -17.9382 8
      vertex -17.2977 -18.1944 8
    endloop
  endfacet
  facet normal 0 0 1
    outer loop
      vertex -3.14119 1.30112 8
      vertex -18.7563 16.9974 8
      vertex -3.2536 0.986967 8
    endloop
  endfacet
  facet normal 0 0 1
    outer loop
      vertex -3.4 0 8
      vertex -17.7019 -17.7019 8
      vertex -17.4877 -17.9382 8
    endloop
  endfacet
  facet normal -0 0 1
    outer loop
      vertex -19.0566 16.8899 8
      vertex -3.2536 0.986967 8
      vertex -18.7563 16.9974 8
    endloop
  endfacet
  facet normal 0 0 1
    outer loop
      vertex -3.4 0 8
      vertex -17.9382 -17.4877 8
      vertex -17.7019 -17.7019 8
    endloop
  endfacet
  facet normal 0 0 1
    outer loop
      vertex -3.2536 0.986967 8
      vertex -19.0566 16.8899 8
      vertex -3.33467 0.663306 8
    endloop
  endfacet
  facet normal 0 0 1
    outer loop
      vertex -3.4 0 8
      vertex -18.1944 -17.2977 8
      vertex -17.9382 -17.4877 8
    endloop
  endfacet
  facet normal -0 0 1
    outer loop
      vertex -19.366 16.8124 8
      vertex -3.33467 0.663306 8
      vertex -19.0566 16.8899 8
    endloop
  endfacet
  facet normal 0 0 1
    outer loop
      vertex -3.4 0 8
      vertex -18.468 -17.1338 8
      vertex -18.1944 -17.2977 8
    endloop
  endfacet
  facet normal 0 0 1
    outer loop
      vertex -3.33467 0.663306 8
      vertex -19.366 16.8124 8
      vertex -3.38363 0.333258 8
    endloop
  endfacet
  facet normal 0 0 1
    outer loop
      vertex -3.4 0 8
      vertex -18.7563 -16.9974 8
      vertex -18.468 -17.1338 8
    endloop
  endfacet
  facet normal -0 0 1
    outer loop
      vertex -19.6814 16.7656 8
      vertex -3.38363 0.333258 8
      vertex -19.366 16.8124 8
    endloop
  endfacet
  facet normal 0 0 1
    outer loop
      vertex -3.4 0 8
      vertex -19.0566 -16.8899 8
      vertex -18.7563 -16.9974 8
    endloop
  endfacet
  facet normal 0 0 1
    outer loop
      vertex -3.38363 0.333258 8
      vertex -19.6814 16.7656 8
      vertex -3.4 0 8
    endloop
  endfacet
  facet normal 0 0 1
    outer loop
      vertex -3.4 0 8
      vertex -19.366 -16.8124 8
      vertex -19.0566 -16.8899 8
    endloop
  endfacet
  facet normal -0 0 1
    outer loop
      vertex -20 16.75 8
      vertex -3.4 0 8
      vertex -19.6814 16.7656 8
    endloop
  endfacet
  facet normal 0 0 1
    outer loop
      vertex -3.4 0 8
      vertex -19.6814 -16.7656 8
      vertex -19.366 -16.8124 8
    endloop
  endfacet
  facet normal 0 0 1
    outer loop
      vertex -20 -16.75 8
      vertex -3.4 0 8
      vertex -20 16.75 8
    endloop
  endfacet
  facet normal 0 0 1
    outer loop
      vertex -3.4 0 8
      vertex -20 -16.75 8
      vertex -19.6814 -16.7656 8
    endloop
  endfacet
  facet normal 0 0 1
    outer loop
      vertex -20.3186 16.7656 8
      vertex -20 -16.75 8
      vertex -20 16.75 8
    endloop
  endfacet
  facet normal 0 0 1
    outer loop
      vertex -20.3186 16.7656 8
      vertex -20.3186 -16.7656 8
      vertex -20 -16.75 8
    endloop
  endfacet
  facet normal 0 0 1
    outer loop
      vertex -20.634 16.8124 8
      vertex -20.3186 -16.7656 8
      vertex -20.3186 16.7656 8
    endloop
  endfacet
  facet normal 0 0 1
    outer loop
      vertex -20.634 16.8124 8
      vertex -20.634 -16.8124 8
      vertex -20.3186 -16.7656 8
    endloop
  endfacet
  facet normal 0 0 1
    outer loop
      vertex -20.9434 16.8899 8
      vertex -20.634 -16.8124 8
      vertex -20.634 16.8124 8
    endloop
  endfacet
  facet normal 0 0 1
    outer loop
      vertex -20.9434 16.8899 8
      vertex -20.9434 -16.8899 8
      vertex -20.634 -16.8124 8
    endloop
  endfacet
  facet normal 0 0 1
    outer loop
      vertex -21.2437 16.9974 8
      vertex -20.9434 -16.8899 8
      vertex -20.9434 16.8899 8
    endloop
  endfacet
  facet normal 0 0 1
    outer loop
      vertex -21.2437 16.9974 8
      vertex -21.2437 -16.9974 8
      vertex -20.9434 -16.8899 8
    endloop
  endfacet
  facet normal 0 0 1
    outer loop
      vertex -21.532 17.1338 8
      vertex -21.2437 -16.9974 8
      vertex -21.2437 16.9974 8
    endloop
  endfacet
  facet normal 0 0 1
    outer loop
      vertex -21.532 17.1338 8
      vertex -21.532 -17.1338 8
      vertex -21.2437 -16.9974 8
    endloop
  endfacet
  facet normal 0 0 1
    outer loop
      vertex -21.8056 17.2977 8
      vertex -21.532 -17.1338 8
      vertex -21.532 17.1338 8
    endloop
  endfacet
  facet normal 0 0 1
    outer loop
      vertex -21.8056 17.2977 8
      vertex -21.8056 -17.2977 8
      vertex -21.532 -17.1338 8
    endloop
  endfacet
  facet normal 0 0 1
    outer loop
      vertex -22.0618 17.4877 8
      vertex -21.8056 -17.2977 8
      vertex -21.8056 17.2977 8
    endloop
  endfacet
  facet normal 0 0 1
    outer loop
      vertex -22.0618 17.4877 8
      vertex -22.0618 -17.4877 8
      vertex -21.8056 -17.2977 8
    endloop
  endfacet
  facet normal 0 0 1
    outer loop
      vertex -22.2981 17.7019 8
      vertex -22.0618 -17.4877 8
      vertex -22.0618 17.4877 8
    endloop
  endfacet
  facet normal 0 0 1
    outer loop
      vertex -22.2981 17.7019 8
      vertex -22.2981 -17.7019 8
      vertex -22.0618 -17.4877 8
    endloop
  endfacet
  facet normal 0 0 1
    outer loop
      vertex -40 26 8
      vertex -22.2981 17.7019 8
      vertex -22.5123 17.9382 8
    endloop
  endfacet
  facet normal 0 0 1
    outer loop
      vertex -22.2981 17.7019 8
      vertex -40 26 8
      vertex -22.2981 -17.7019 8
    endloop
  endfacet
  facet normal 0 0 1
    outer loop
      vertex -40 26 8
      vertex -22.5123 17.9382 8
      vertex -22.7023 18.1944 8
    endloop
  endfacet
  facet normal 0 0 1
    outer loop
      vertex -40 -26 8
      vertex -22.2981 -17.7019 8
      vertex -40 26 8
    endloop
  endfacet
  facet normal 0 0 1
    outer loop
      vertex -40 26 8
      vertex -22.7023 18.1944 8
      vertex -22.8662 18.468 8
    endloop
  endfacet
  facet normal 0 0 1
    outer loop
      vertex -22.2981 -17.7019 8
      vertex -40 -26 8
      vertex -22.5123 -17.9382 8
    endloop
  endfacet
  facet normal 0 0 1
    outer loop
      vertex -40 26 8
      vertex -22.8662 18.468 8
      vertex -23.0026 18.7563 8
    endloop
  endfacet
  facet normal 0 0 1
    outer loop
      vertex -22.5123 -17.9382 8
      vertex -40 -26 8
      vertex -22.7023 -18.1944 8
    endloop
  endfacet
  facet normal 0 0 1
    outer loop
      vertex -40 26 8
      vertex -23.0026 18.7563 8
      vertex -23.1101 19.0566 8
    endloop
  endfacet
  facet normal 0 0 1
    outer loop
      vertex -22.7023 -18.1944 8
      vertex -40 -26 8
      vertex -22.8662 -18.468 8
    endloop
  endfacet
  facet normal 0 0 1
    outer loop
      vertex -40 26 8
      vertex -23.1101 19.0566 8
      vertex -23.1876 19.366 8
    endloop
  endfacet
  facet normal 0 0 1
    outer loop
      vertex -22.8662 -18.468 8
      vertex -40 -26 8
      vertex -23.0026 -18.7563 8
    endloop
  endfacet
  facet normal 0 0 1
    outer loop
      vertex -40 26 8
      vertex -23.1876 19.366 8
      vertex -23.2344 19.6814 8
    endloop
  endfacet
  facet normal 0 0 1
    outer loop
      vertex -23.0026 -18.7563 8
      vertex -40 -26 8
      vertex -23.1101 -19.0566 8
    endloop
  endfacet
  facet normal 0 0 1
    outer loop
      vertex -40 26 8
      vertex -23.2344 19.6814 8
      vertex -23.25 20 8
    endloop
  endfacet
  facet normal 0 0 1
    outer loop
      vertex -23.1101 -19.0566 8
      vertex -40 -26 8
      vertex -23.1876 -19.366 8
    endloop
  endfacet
  facet normal 0 0 1
    outer loop
      vertex 23.1101 19.0566 8
      vertex 40 26 8
      vertex 23.1876 19.366 8
    endloop
  endfacet
  facet normal 0 0 1
    outer loop
      vertex 40 -26 8
      vertex 23.2344 -19.6814 8
      vertex 23.25 -20 8
    endloop
  endfacet
  facet normal 0 0 1
    outer loop
      vertex 23.0026 18.7563 8
      vertex 40 26 8
      vertex 23.1101 19.0566 8
    endloop
  endfacet
  facet normal 0 0 1
    outer loop
      vertex 40 -26 8
      vertex 23.1876 -19.366 8
      vertex 23.2344 -19.6814 8
    endloop
  endfacet
  facet normal 0 0 1
    outer loop
      vertex 22.8662 18.468 8
      vertex 40 26 8
      vertex 23.0026 18.7563 8
    endloop
  endfacet
  facet normal 0 0 1
    outer loop
      vertex 40 -26 8
      vertex 23.1101 -19.0566 8
      vertex 23.1876 -19.366 8
    endloop
  endfacet
  facet normal 0 0 1
    outer loop
      vertex 22.7023 18.1944 8
      vertex 40 26 8
      vertex 22.8662 18.468 8
    endloop
  endfacet
  facet normal 0 0 1
    outer loop
      vertex 40 -26 8
      vertex 23.0026 -18.7563 8
      vertex 23.1101 -19.0566 8
    endloop
  endfacet
  facet normal 0 0 1
    outer loop
      vertex 22.5123 17.9382 8
      vertex 40 26 8
      vertex 22.7023 18.1944 8
    endloop
  endfacet
  facet normal 0 0 1
    outer loop
      vertex 40 -26 8
      vertex 22.8662 -18.468 8
      vertex 23.0026 -18.7563 8
    endloop
  endfacet
  facet normal 0 0 1
    outer loop
      vertex 22.2981 17.7019 8
      vertex 40 26 8
      vertex 22.5123 17.9382 8
    endloop
  endfacet
  facet normal 0 0 1
    outer loop
      vertex 40 -26 8
      vertex 22.7023 -18.1944 8
      vertex 22.8662 -18.468 8
    endloop
  endfacet
  facet normal 0 0 1
    outer loop
      vertex 40 26 8
      vertex 22.2981 17.7019 8
      vertex 40 -26 8
    endloop
  endfacet
  facet normal 0 0 1
    outer loop
      vertex 40 -26 8
      vertex 22.5123 -17.9382 8
      vertex 22.7023 -18.1944 8
    endloop
  endfacet
  facet normal -0 0 1
    outer loop
      vertex 22.2981 -17.7019 8
      vertex 40 -26 8
      vertex 22.2981 17.7019 8
    endloop
  endfacet
  facet normal 0 0 1
    outer loop
      vertex 40 -26 8
      vertex 22.2981 -17.7019 8
      vertex 22.5123 -17.9382 8
    endloop
  endfacet
  facet normal -0 0 1
    outer loop
      vertex 22.0618 17.4877 8
      vertex 22.2981 -17.7019 8
      vertex 22.2981 17.7019 8
    endloop
  endfacet
  facet normal 0 0 1
    outer loop
      vertex 22.0618 17.4877 8
      vertex 22.0618 -17.4877 8
      vertex 22.2981 -17.7019 8
    endloop
  endfacet
  facet normal -0 0 1
    outer loop
      vertex 21.8056 17.2977 8
      vertex 22.0618 -17.4877 8
      vertex 22.0618 17.4877 8
    endloop
  endfacet
  facet normal 0 0 1
    outer loop
      vertex 21.8056 17.2977 8
      vertex 21.8056 -17.2977 8
      vertex 22.0618 -17.4877 8
    endloop
  endfacet
  facet normal -0 0 1
    outer loop
      vertex 21.532 17.1338 8
      vertex 21.8056 -17.2977 8
      vertex 21.8056 17.2977 8
    endloop
  endfacet
  facet normal 0 0 1
    outer loop
      vertex 21.532 17.1338 8
      vertex 21.532 -17.1338 8
      vertex 21.8056 -17.2977 8
    endloop
  endfacet
  facet normal -0 0 1
    outer loop
      vertex 21.2437 16.9974 8
      vertex 21.532 -17.1338 8
      vertex 21.532 17.1338 8
    endloop
  endfacet
  facet normal 0 0 1
    outer loop
      vertex 21.2437 16.9974 8
      vertex 21.2437 -16.9974 8
      vertex 21.532 -17.1338 8
    endloop
  endfacet
  facet normal -0 0 1
    outer loop
      vertex 20.9434 16.8899 8
      vertex 21.2437 -16.9974 8
      vertex 21.2437 16.9974 8
    endloop
  endfacet
  facet normal 0 0 1
    outer loop
      vertex 20.9434 16.8899 8
      vertex 20.9434 -16.8899 8
      vertex 21.2437 -16.9974 8
    endloop
  endfacet
  facet normal -0 0 1
    outer loop
      vertex 20.634 16.8124 8
      vertex 20.9434 -16.8899 8
      vertex 20.9434 16.8899 8
    endloop
  endfacet
  facet normal 0 0 1
    outer loop
      vertex 20.634 16.8124 8
      vertex 20.634 -16.8124 8
      vertex 20.9434 -16.8899 8
    endloop
  endfacet
  facet normal -0 0 1
    outer loop
      vertex 20.3186 16.7656 8
      vertex 20.634 -16.8124 8
      vertex 20.634 16.8124 8
    endloop
  endfacet
  facet normal 0 0 1
    outer loop
      vertex 20.3186 16.7656 8
      vertex 20.3186 -16.7656 8
      vertex 20.634 -16.8124 8
    endloop
  endfacet
  facet normal -0 0 1
    outer loop
      vertex 20 16.75 8
      vertex 20.3186 -16.7656 8
      vertex 20.3186 16.7656 8
    endloop
  endfacet
  facet normal 0 0 1
    outer loop
      vertex 20 16.75 8
      vertex 20 -16.75 8
      vertex 20.3186 -16.7656 8
    endloop
  endfacet
  facet normal 0 0 1
    outer loop
      vertex 3.4 0 8
      vertex 20 16.75 8
      vertex 19.6814 16.7656 8
    endloop
  endfacet
  facet normal 0 0 1
    outer loop
      vertex 20 16.75 8
      vertex 3.4 0 8
      vertex 20 -16.75 8
    endloop
  endfacet
  facet normal 0 0 1
    outer loop
      vertex 3.38363 0.333258 8
      vertex 19.6814 16.7656 8
      vertex 19.366 16.8124 8
    endloop
  endfacet
  facet normal 0 0 1
    outer loop
      vertex 20 -16.75 8
      vertex 3.4 0 8
      vertex 19.6814 -16.7656 8
    endloop
  endfacet
  facet normal 0 0 1
    outer loop
      vertex 3.33467 0.663306 8
      vertex 19.366 16.8124 8
      vertex 19.0566 16.8899 8
    endloop
  endfacet
  facet normal -0 0 1
    outer loop
      vertex 3.38363 -0.333258 8
      vertex 19.6814 -16.7656 8
      vertex 3.4 0 8
    endloop
  endfacet
  facet normal 0 0 1
    outer loop
      vertex 3.2536 0.986967 8
      vertex 19.0566 16.8899 8
      vertex 18.7563 16.9974 8
    endloop
  endfacet
  facet normal 0 0 1
    outer loop
      vertex 19.6814 -16.7656 8
      vertex 3.38363 -0.333258 8
      vertex 19.366 -16.8124 8
    endloop
  endfacet
  facet normal 0 0 1
    outer loop
      vertex 3.14119 1.30112 8
      vertex 18.7563 16.9974 8
      vertex 18.468 17.1338 8
    endloop
  endfacet
  facet normal -0 0 1
    outer loop
      vertex 3.33467 -0.663306 8
      vertex 19.366 -16.8124 8
      vertex 3.38363 -0.333258 8
    endloop
  endfacet
  facet normal 0 0 1
    outer loop
      vertex 2.99853 1.60275 8
      vertex 18.468 17.1338 8
      vertex 18.1944 17.2977 8
    endloop
  endfacet
  facet normal 0 0 1
    outer loop
      vertex 19.366 -16.8124 8
      vertex 3.33467 -0.663306 8
      vertex 19.0566 -16.8899 8
    endloop
  endfacet
  facet normal 0 0 1
    outer loop
      vertex 2.827 1.88894 8
      vertex 18.1944 17.2977 8
      vertex 17.9382 17.4877 8
    endloop
  endfacet
  facet normal -0 0 1
    outer loop
      vertex 3.2536 -0.986967 8
      vertex 19.0566 -16.8899 8
      vertex 3.33467 -0.663306 8
    endloop
  endfacet
  facet normal 0 0 1
    outer loop
      vertex 2.62823 2.15694 8
      vertex 17.9382 17.4877 8
      vertex 17.7019 17.7019 8
    endloop
  endfacet
  facet normal 0 0 1
    outer loop
      vertex 19.0566 -16.8899 8
      vertex 3.2536 -0.986967 8
      vertex 18.7563 -16.9974 8
    endloop
  endfacet
  facet normal 0 0 1
    outer loop
      vertex 2.40416 2.40416 8
      vertex 17.7019 17.7019 8
      vertex 17.4877 17.9382 8
    endloop
  endfacet
  facet normal -0 0 1
    outer loop
      vertex 3.14119 -1.30112 8
      vertex 18.7563 -16.9974 8
      vertex 3.2536 -0.986967 8
    endloop
  endfacet
  facet normal 0 0 1
    outer loop
      vertex 2.15694 2.62823 8
      vertex 17.4877 17.9382 8
      vertex 17.2977 18.1944 8
    endloop
  endfacet
  facet normal 0 0 1
    outer loop
      vertex 18.7563 -16.9974 8
      vertex 3.14119 -1.30112 8
      vertex 18.468 -17.1338 8
    endloop
  endfacet
  facet normal 0 0 1
    outer loop
      vertex 1.88894 2.827 8
      vertex 17.2977 18.1944 8
      vertex 17.1338 18.468 8
    endloop
  endfacet
  facet normal -0 0 1
    outer loop
      vertex 2.99853 -1.60275 8
      vertex 18.468 -17.1338 8
      vertex 3.14119 -1.30112 8
    endloop
  endfacet
  facet normal 0 0 1
    outer loop
      vertex 1.60275 2.99853 8
      vertex 17.1338 18.468 8
      vertex 16.9974 18.7563 8
    endloop
  endfacet
  facet normal 0 0 1
    outer loop
      vertex 18.468 -17.1338 8
      vertex 2.99853 -1.60275 8
      vertex 18.1944 -17.2977 8
    endloop
  endfacet
  facet normal 0 0 1
    outer loop
      vertex 1.30112 3.14119 8
      vertex 16.9974 18.7563 8
      vertex 16.8899 19.0566 8
    endloop
  endfacet
  facet normal -0 0 1
    outer loop
      vertex 2.827 -1.88894 8
      vertex 18.1944 -17.2977 8
      vertex 2.99853 -1.60275 8
    endloop
  endfacet
  facet normal 0 0 1
    outer loop
      vertex 0.986967 3.2536 8
      vertex 16.8899 19.0566 8
      vertex 16.8124 19.366 8
    endloop
  endfacet
  facet normal 0 0 1
    outer loop
      vertex 18.1944 -17.2977 8
      vertex 2.827 -1.88894 8
      vertex 17.9382 -17.4877 8
    endloop
  endfacet
  facet normal 0 0 1
    outer loop
      vertex 0.663306 3.33467 8
      vertex 16.8124 19.366 8
      vertex 16.7656 19.6814 8
    endloop
  endfacet
  facet normal -0 0 1
    outer loop
      vertex 2.62823 -2.15694 8
      vertex 17.9382 -17.4877 8
      vertex 2.827 -1.88894 8
    endloop
  endfacet
  facet normal 0 0 1
    outer loop
      vertex 0.333258 3.38363 8
      vertex 16.7656 19.6814 8
      vertex 16.75 20 8
    endloop
  endfacet
  facet normal 0 0 1
    outer loop
      vertex 17.9382 -17.4877 8
      vertex 2.62823 -2.15694 8
      vertex 17.7019 -17.7019 8
    endloop
  endfacet
  facet normal 0 0 1
    outer loop
      vertex 36 30 8
      vertex 40 26 8
      vertex 39.9807 26.3921 8
    endloop
  endfacet
  facet normal 0 0 1
    outer loop
      vertex 23.2344 19.6814 8
      vertex 40 26 8
      vertex 23.25 20 8
    endloop
  endfacet
  facet normal 0 0 1
    outer loop
      vertex 36 30 8
      vertex 39.9807 26.3921 8
      vertex 39.9231 26.7804 8
    endloop
  endfacet
  facet normal 0 0 1
    outer loop
      vertex 23.1876 19.366 8
      vertex 40 26 8
      vertex 23.2344 19.6814 8
    endloop
  endfacet
  facet normal 0 0 1
    outer loop
      vertex 36 30 8
      vertex 39.9231 26.7804 8
      vertex 39.8278 27.1611 8
    endloop
  endfacet
  facet normal -0 0 1
    outer loop
      vertex 23.2344 -20.3186 8
      vertex 40 -26 8
      vertex 23.25 -20 8
    endloop
  endfacet
  facet normal 0 0 1
    outer loop
      vertex 36 30 8
      vertex 39.8278 27.1611 8
      vertex 39.6955 27.5307 8
    endloop
  endfacet
  facet normal -0 0 1
    outer loop
      vertex 23.1876 -20.634 8
      vertex 40 -26 8
      vertex 23.2344 -20.3186 8
    endloop
  endfacet
  facet normal 0 0 1
    outer loop
      vertex 36 30 8
      vertex 39.6955 27.5307 8
      vertex 39.5277 27.8856 8
    endloop
  endfacet
  facet normal 0 0 1
    outer loop
      vertex 40 -26 8
      vertex 36 -30 8
      vertex 39.9807 -26.3921 8
    endloop
  endfacet
  facet normal 0 0 1
    outer loop
      vertex 36 30 8
      vertex 39.5277 27.8856 8
      vertex 39.3259 28.2223 8
    endloop
  endfacet
  facet normal 0 0 1
    outer loop
      vertex 39.9807 -26.3921 8
      vertex 36 -30 8
      vertex 39.9231 -26.7804 8
    endloop
  endfacet
  facet normal 0 0 1
    outer loop
      vertex 36 30 8
      vertex 39.3259 28.2223 8
      vertex 39.092 28.5376 8
    endloop
  endfacet
  facet normal 0 0 1
    outer loop
      vertex 39.9231 -26.7804 8
      vertex 36 -30 8
      vertex 39.8278 -27.1611 8
    endloop
  endfacet
  facet normal 0 0 1
    outer loop
      vertex 36 30 8
      vertex 39.092 28.5376 8
      vertex 38.8284 28.8284 8
    endloop
  endfacet
  facet normal 0 0 1
    outer loop
      vertex 39.8278 -27.1611 8
      vertex 36 -30 8
      vertex 39.6955 -27.5307 8
    endloop
  endfacet
  facet normal 0 0 1
    outer loop
      vertex 36 30 8
      vertex 38.8284 28.8284 8
      vertex 38.5376 29.092 8
    endloop
  endfacet
  facet normal 0 0 1
    outer loop
      vertex 39.5277 -27.8856 8
      vertex 36 -30 8
      vertex 39.3259 -28.2223 8
    endloop
  endfacet
  facet normal 0 0 1
    outer loop
      vertex 36 30 8
      vertex 38.5376 29.092 8
      vertex 38.2223 29.3259 8
    endloop
  endfacet
  facet normal 0 0 1
    outer loop
      vertex 39.3259 -28.2223 8
      vertex 36 -30 8
      vertex 39.092 -28.5376 8
    endloop
  endfacet
  facet normal 0 0 1
    outer loop
      vertex 36 30 8
      vertex 38.2223 29.3259 8
      vertex 37.8856 29.5277 8
    endloop
  endfacet
  facet normal 0 0 1
    outer loop
      vertex 39.092 -28.5376 8
      vertex 36 -30 8
      vertex 38.8284 -28.8284 8
    endloop
  endfacet
  facet normal 0 0 1
    outer loop
      vertex 36 30 8
      vertex 37.8856 29.5277 8
      vertex 37.5307 29.6955 8
    endloop
  endfacet
  facet normal 0 0 1
    outer loop
      vertex 38.8284 -28.8284 8
      vertex 36 -30 8
      vertex 38.5376 -29.092 8
    endloop
  endfacet
  facet normal 0 0 1
    outer loop
      vertex 36 30 8
      vertex 37.5307 29.6955 8
      vertex 37.1611 29.8278 8
    endloop
  endfacet
  facet normal 0 0 1
    outer loop
      vertex 38.5376 -29.092 8
      vertex 36 -30 8
      vertex 38.2223 -29.3259 8
    endloop
  endfacet
  facet normal 0 0 1
    outer loop
      vertex 36 30 8
      vertex 37.1611 29.8278 8
      vertex 36.7804 29.9231 8
    endloop
  endfacet
  facet normal 0 0 1
    outer loop
      vertex 38.2223 -29.3259 8
      vertex 36 -30 8
      vertex 37.8856 -29.5277 8
    endloop
  endfacet
  facet normal 0 0 1
    outer loop
      vertex 36 30 8
      vertex 36.7804 29.9231 8
      vertex 36.3921 29.9807 8
    endloop
  endfacet
  facet normal 0 0 1
    outer loop
      vertex 37.8856 -29.5277 8
      vertex 36 -30 8
      vertex 37.5307 -29.6955 8
    endloop
  endfacet
  facet normal 0 0 1
    outer loop
      vertex 23.1876 20.634 8
      vertex 40 26 8
      vertex 36 30 8
    endloop
  endfacet
  facet normal 0 0 1
    outer loop
      vertex 37.5307 -29.6955 8
      vertex 36 -30 8
      vertex 37.1611 -29.8278 8
    endloop
  endfacet
  facet normal 0 0 1
    outer loop
      vertex 37.1611 -29.8278 8
      vertex 36 -30 8
      vertex 36.7804 -29.9231 8
    endloop
  endfacet
  facet normal 0 0 1
    outer loop
      vertex 40 26 8
      vertex 23.2344 20.3186 8
      vertex 23.25 20 8
    endloop
  endfacet
  facet normal 0 0 1
    outer loop
      vertex 40 26 8
      vertex 23.1876 20.634 8
      vertex 23.2344 20.3186 8
    endloop
  endfacet
  facet normal 0 0 1
    outer loop
      vertex 36 30 8
      vertex 23.1101 20.9434 8
      vertex 23.1876 20.634 8
    endloop
  endfacet
  facet normal 0 0 1
    outer loop
      vertex 36 30 8
      vertex 23.0026 21.2437 8
      vertex 23.1101 20.9434 8
    endloop
  endfacet
  facet normal 0 0 1
    outer loop
      vertex 36 30 8
      vertex 22.8662 21.532 8
      vertex 23.0026 21.2437 8
    endloop
  endfacet
  facet normal 0 0 1
    outer loop
      vertex 36 30 8
      vertex 22.7023 21.8056 8
      vertex 22.8662 21.532 8
    endloop
  endfacet
  facet normal 0 0 1
    outer loop
      vertex 36 30 8
      vertex 22.5123 22.0618 8
      vertex 22.7023 21.8056 8
    endloop
  endfacet
  facet normal 0 0 1
    outer loop
      vertex 36 30 8
      vertex 22.2981 22.2981 8
      vertex 22.5123 22.0618 8
    endloop
  endfacet
  facet normal 0 0 1
    outer loop
      vertex 36 30 8
      vertex 22.0618 22.5123 8
      vertex 22.2981 22.2981 8
    endloop
  endfacet
  facet normal 0 0 1
    outer loop
      vertex 36 30 8
      vertex 21.8056 22.7023 8
      vertex 22.0618 22.5123 8
    endloop
  endfacet
  facet normal 0 0 1
    outer loop
      vertex 36 30 8
      vertex 21.532 22.8662 8
      vertex 21.8056 22.7023 8
    endloop
  endfacet
  facet normal 0 0 1
    outer loop
      vertex 36 30 8
      vertex 21.2437 23.0026 8
      vertex 21.532 22.8662 8
    endloop
  endfacet
  facet normal 0 0 1
    outer loop
      vertex 36 30 8
      vertex 20.9434 23.1101 8
      vertex 21.2437 23.0026 8
    endloop
  endfacet
  facet normal 0 0 1
    outer loop
      vertex 36 30 8
      vertex 20.634 23.1876 8
      vertex 20.9434 23.1101 8
    endloop
  endfacet
  facet normal 0 0 1
    outer loop
      vertex 36 30 8
      vertex 20.3186 23.2344 8
      vertex 20.634 23.1876 8
    endloop
  endfacet
  facet normal 0 0 1
    outer loop
      vertex 36 30 8
      vertex 20 23.25 8
      vertex 20.3186 23.2344 8
    endloop
  endfacet
  facet normal 0 0 1
    outer loop
      vertex 36 30 8
      vertex 19.6814 23.2344 8
      vertex 20 23.25 8
    endloop
  endfacet
  facet normal 0 0 1
    outer loop
      vertex 36 30 8
      vertex 19.366 23.1876 8
      vertex 19.6814 23.2344 8
    endloop
  endfacet
  facet normal 0 0 1
    outer loop
      vertex 36 30 8
      vertex 19.0566 23.1101 8
      vertex 19.366 23.1876 8
    endloop
  endfacet
  facet normal 0 0 1
    outer loop
      vertex -19.0566 23.1101 8
      vertex 19.0566 23.1101 8
      vertex 36 30 8
    endloop
  endfacet
  facet normal -0 0 1
    outer loop
      vertex 2.40416 -2.40416 8
      vertex 17.7019 -17.7019 8
      vertex 2.62823 -2.15694 8
    endloop
  endfacet
  facet normal 0 0 1
    outer loop
      vertex -16.75 20 8
      vertex 16.75 20 8
      vertex 16.7656 20.3186 8
    endloop
  endfacet
  facet normal 0 0 1
    outer loop
      vertex -16.7656 20.3186 8
      vertex 16.7656 20.3186 8
      vertex 16.8124 20.634 8
    endloop
  endfacet
  facet normal 0 0 1
    outer loop
      vertex -16.8124 20.634 8
      vertex 16.8124 20.634 8
      vertex 16.8899 20.9434 8
    endloop
  endfacet
  facet normal 0 0 1
    outer loop
      vertex -16.8899 20.9434 8
      vertex 16.8899 20.9434 8
      vertex 16.9974 21.2437 8
    endloop
  endfacet
  facet normal 0 0 1
    outer loop
      vertex -16.9974 21.2437 8
      vertex 16.9974 21.2437 8
      vertex 17.1338 21.532 8
    endloop
  endfacet
  facet normal 0 0 1
    outer loop
      vertex -17.1338 21.532 8
      vertex 17.1338 21.532 8
      vertex 17.2977 21.8056 8
    endloop
  endfacet
  facet normal 0 0 1
    outer loop
      vertex 19.6814 16.7656 8
      vertex 3.38363 0.333258 8
      vertex 3.4 0 8
    endloop
  endfacet
  facet normal 0 0 1
    outer loop
      vertex 19.366 16.8124 8
      vertex 3.33467 0.663306 8
      vertex 3.38363 0.333258 8
    endloop
  endfacet
  facet normal 0 0 1
    outer loop
      vertex 19.0566 16.8899 8
      vertex 3.2536 0.986967 8
      vertex 3.33467 0.663306 8
    endloop
  endfacet
  facet normal 0 0 1
    outer loop
      vertex 18.7563 16.9974 8
      vertex 3.14119 1.30112 8
      vertex 3.2536 0.986967 8
    endloop
  endfacet
  facet normal 0 0 1
    outer loop
      vertex 18.468 17.1338 8
      vertex 2.99853 1.60275 8
      vertex 3.14119 1.30112 8
    endloop
  endfacet
  facet normal 0 0 1
    outer loop
      vertex 18.1944 17.2977 8
      vertex 2.827 1.88894 8
      vertex 2.99853 1.60275 8
    endloop
  endfacet
  facet normal 0 0 1
    outer loop
      vertex 17.9382 17.4877 8
      vertex 2.62823 2.15694 8
      vertex 2.827 1.88894 8
    endloop
  endfacet
  facet normal 0 0 1
    outer loop
      vertex -17.2977 21.8056 8
      vertex 17.2977 21.8056 8
      vertex 17.4877 22.0618 8
    endloop
  endfacet
  facet normal 0 0 1
    outer loop
      vertex 17.7019 17.7019 8
      vertex 2.40416 2.40416 8
      vertex 2.62823 2.15694 8
    endloop
  endfacet
  facet normal 0 0 1
    outer loop
      vertex 17.4877 17.9382 8
      vertex 2.15694 2.62823 8
      vertex 2.40416 2.40416 8
    endloop
  endfacet
  facet normal 0 0 1
    outer loop
      vertex 17.2977 18.1944 8
      vertex 1.88894 2.827 8
      vertex 2.15694 2.62823 8
    endloop
  endfacet
  facet normal 0 0 1
    outer loop
      vertex 17.1338 18.468 8
      vertex 1.60275 2.99853 8
      vertex 1.88894 2.827 8
    endloop
  endfacet
  facet normal 0 0 1
    outer loop
      vertex 16.9974 18.7563 8
      vertex 1.30112 3.14119 8
      vertex 1.60275 2.99853 8
    endloop
  endfacet
  facet normal 0 0 1
    outer loop
      vertex 16.8899 19.0566 8
      vertex 0.986967 3.2536 8
      vertex 1.30112 3.14119 8
    endloop
  endfacet
  facet normal 0 0 1
    outer loop
      vertex 16.8124 19.366 8
      vertex 0.663306 3.33467 8
      vertex 0.986967 3.2536 8
    endloop
  endfacet
  facet normal 0 0 1
    outer loop
      vertex 16.7656 19.6814 8
      vertex 0.333258 3.38363 8
      vertex 0.663306 3.33467 8
    endloop
  endfacet
  facet normal 0 0 1
    outer loop
      vertex -17.4877 22.0618 8
      vertex 17.4877 22.0618 8
      vertex 17.7019 22.2981 8
    endloop
  endfacet
  facet normal 0 0 1
    outer loop
      vertex 16.75 20 8
      vertex 0 3.4 8
      vertex 0.333258 3.38363 8
    endloop
  endfacet
  facet normal 0 0 1
    outer loop
      vertex 16.75 20 8
      vertex -16.75 20 8
      vertex 0 3.4 8
    endloop
  endfacet
  facet normal 0 0 1
    outer loop
      vertex 0 3.4 8
      vertex -16.75 20 8
      vertex -0.333258 3.38363 8
    endloop
  endfacet
  facet normal -0 0 1
    outer loop
      vertex -16.7656 19.6814 8
      vertex -0.333258 3.38363 8
      vertex -16.75 20 8
    endloop
  endfacet
  facet normal 0 0 1
    outer loop
      vertex -0.333258 3.38363 8
      vertex -16.7656 19.6814 8
      vertex -0.663306 3.33467 8
    endloop
  endfacet
  facet normal -0 0 1
    outer loop
      vertex -16.8124 19.366 8
      vertex -0.663306 3.33467 8
      vertex -16.7656 19.6814 8
    endloop
  endfacet
  facet normal 0 0 1
    outer loop
      vertex -0.663306 3.33467 8
      vertex -16.8124 19.366 8
      vertex -0.986967 3.2536 8
    endloop
  endfacet
  facet normal -0 0 1
    outer loop
      vertex -16.8899 19.0566 8
      vertex -0.986967 3.2536 8
      vertex -16.8124 19.366 8
    endloop
  endfacet
  facet normal 0 0 1
    outer loop
      vertex -0.986967 3.2536 8
      vertex -16.8899 19.0566 8
      vertex -1.30112 3.14119 8
    endloop
  endfacet
  facet normal -0 0 1
    outer loop
      vertex -17.7019 17.7019 8
      vertex -2.40416 2.40416 8
      vertex -17.4877 17.9382 8
    endloop
  endfacet
  facet normal 0 0 1
    outer loop
      vertex -2.15694 2.62823 8
      vertex -17.4877 17.9382 8
      vertex -2.40416 2.40416 8
    endloop
  endfacet
  facet normal -0 0 1
    outer loop
      vertex -17.4877 17.9382 8
      vertex -2.15694 2.62823 8
      vertex -17.2977 18.1944 8
    endloop
  endfacet
  facet normal 0 0 1
    outer loop
      vertex -1.88894 2.827 8
      vertex -17.2977 18.1944 8
      vertex -2.15694 2.62823 8
    endloop
  endfacet
  facet normal -0 0 1
    outer loop
      vertex -17.2977 18.1944 8
      vertex -1.88894 2.827 8
      vertex -17.1338 18.468 8
    endloop
  endfacet
  facet normal 0 0 1
    outer loop
      vertex -1.60275 2.99853 8
      vertex -17.1338 18.468 8
      vertex -1.88894 2.827 8
    endloop
  endfacet
  facet normal -0 0 1
    outer loop
      vertex -17.1338 18.468 8
      vertex -1.60275 2.99853 8
      vertex -16.9974 18.7563 8
    endloop
  endfacet
  facet normal 0 0 1
    outer loop
      vertex -1.30112 3.14119 8
      vertex -16.9974 18.7563 8
      vertex -1.60275 2.99853 8
    endloop
  endfacet
  facet normal -0 0 1
    outer loop
      vertex -16.9974 18.7563 8
      vertex -1.30112 3.14119 8
      vertex -16.8899 19.0566 8
    endloop
  endfacet
  facet normal 0 0 1
    outer loop
      vertex -17.7019 22.2981 8
      vertex 17.7019 22.2981 8
      vertex 17.9382 22.5123 8
    endloop
  endfacet
  facet normal 0 0 1
    outer loop
      vertex -17.9382 22.5123 8
      vertex 17.9382 22.5123 8
      vertex 18.1944 22.7023 8
    endloop
  endfacet
  facet normal 0 0 1
    outer loop
      vertex -18.1944 22.7023 8
      vertex 18.1944 22.7023 8
      vertex 18.468 22.8662 8
    endloop
  endfacet
  facet normal 0 0 1
    outer loop
      vertex -18.468 22.8662 8
      vertex 18.468 22.8662 8
      vertex 18.7563 23.0026 8
    endloop
  endfacet
  facet normal 0 0 1
    outer loop
      vertex 19.0566 23.1101 8
      vertex -19.0566 23.1101 8
      vertex 18.7563 23.0026 8
    endloop
  endfacet
  facet normal 0 0 1
    outer loop
      vertex 16.7656 20.3186 8
      vertex -16.7656 20.3186 8
      vertex -16.75 20 8
    endloop
  endfacet
  facet normal 0 0 1
    outer loop
      vertex 16.8124 20.634 8
      vertex -16.8124 20.634 8
      vertex -16.7656 20.3186 8
    endloop
  endfacet
  facet normal 0 0 1
    outer loop
      vertex 16.8899 20.9434 8
      vertex -16.8899 20.9434 8
      vertex -16.8124 20.634 8
    endloop
  endfacet
  facet normal 0 0 1
    outer loop
      vertex 16.9974 21.2437 8
      vertex -16.9974 21.2437 8
      vertex -16.8899 20.9434 8
    endloop
  endfacet
  facet normal 0 0 1
    outer loop
      vertex 17.1338 21.532 8
      vertex -17.1338 21.532 8
      vertex -16.9974 21.2437 8
    endloop
  endfacet
  facet normal 0 0 1
    outer loop
      vertex 17.2977 21.8056 8
      vertex -17.2977 21.8056 8
      vertex -17.1338 21.532 8
    endloop
  endfacet
  facet normal 0 0 1
    outer loop
      vertex 17.4877 22.0618 8
      vertex -17.4877 22.0618 8
      vertex -17.2977 21.8056 8
    endloop
  endfacet
  facet normal 0 0 1
    outer loop
      vertex 17.7019 22.2981 8
      vertex -17.7019 22.2981 8
      vertex -17.4877 22.0618 8
    endloop
  endfacet
  facet normal 0 0 1
    outer loop
      vertex 17.9382 22.5123 8
      vertex -17.9382 22.5123 8
      vertex -17.7019 22.2981 8
    endloop
  endfacet
  facet normal 0 0 1
    outer loop
      vertex 18.1944 22.7023 8
      vertex -18.1944 22.7023 8
      vertex -17.9382 22.5123 8
    endloop
  endfacet
  facet normal 0 0 1
    outer loop
      vertex 18.468 22.8662 8
      vertex -18.468 22.8662 8
      vertex -18.1944 22.7023 8
    endloop
  endfacet
  facet normal 0 0 1
    outer loop
      vertex 18.7563 23.0026 8
      vertex -18.7563 23.0026 8
      vertex -18.468 22.8662 8
    endloop
  endfacet
  facet normal 0 0 1
    outer loop
      vertex 18.7563 23.0026 8
      vertex -19.0566 23.1101 8
      vertex -18.7563 23.0026 8
    endloop
  endfacet
  facet normal -0 0 1
    outer loop
      vertex -36 30 8
      vertex -19.0566 23.1101 8
      vertex 36 30 8
    endloop
  endfacet
  facet normal 0 0 1
    outer loop
      vertex -19.0566 23.1101 8
      vertex -36 30 8
      vertex -19.366 23.1876 8
    endloop
  endfacet
  facet normal 0 0 1
    outer loop
      vertex -19.366 23.1876 8
      vertex -36 30 8
      vertex -19.6814 23.2344 8
    endloop
  endfacet
  facet normal 0 0 1
    outer loop
      vertex -19.6814 23.2344 8
      vertex -36 30 8
      vertex -20 23.25 8
    endloop
  endfacet
  facet normal 0 0 1
    outer loop
      vertex -23.2344 20.3186 8
      vertex -40 26 8
      vertex -23.25 20 8
    endloop
  endfacet
  facet normal 0 0 1
    outer loop
      vertex -23.1876 20.634 8
      vertex -40 26 8
      vertex -23.2344 20.3186 8
    endloop
  endfacet
  facet normal -0 0 1
    outer loop
      vertex -40 26 8
      vertex -23.1876 20.634 8
      vertex -36 30 8
    endloop
  endfacet
  facet normal 0 0 1
    outer loop
      vertex -23.1101 20.9434 8
      vertex -36 30 8
      vertex -23.1876 20.634 8
    endloop
  endfacet
  facet normal 0 0 1
    outer loop
      vertex -23.0026 21.2437 8
      vertex -36 30 8
      vertex -23.1101 20.9434 8
    endloop
  endfacet
  facet normal 0 0 1
    outer loop
      vertex -22.8662 21.532 8
      vertex -36 30 8
      vertex -23.0026 21.2437 8
    endloop
  endfacet
  facet normal 0 0 1
    outer loop
      vertex -22.7023 21.8056 8
      vertex -36 30 8
      vertex -22.8662 21.532 8
    endloop
  endfacet
  facet normal 0 0 1
    outer loop
      vertex -22.5123 22.0618 8
      vertex -36 30 8
      vertex -22.7023 21.8056 8
    endloop
  endfacet
  facet normal 0 0 1
    outer loop
      vertex -22.2981 22.2981 8
      vertex -36 30 8
      vertex -22.5123 22.0618 8
    endloop
  endfacet
  facet normal 0 0 1
    outer loop
      vertex -22.0618 22.5123 8
      vertex -36 30 8
      vertex -22.2981 22.2981 8
    endloop
  endfacet
  facet normal 0 0 1
    outer loop
      vertex -21.8056 22.7023 8
      vertex -36 30 8
      vertex -22.0618 22.5123 8
    endloop
  endfacet
  facet normal 0 0 1
    outer loop
      vertex -21.532 22.8662 8
      vertex -36 30 8
      vertex -21.8056 22.7023 8
    endloop
  endfacet
  facet normal 0 0 1
    outer loop
      vertex -21.2437 23.0026 8
      vertex -36 30 8
      vertex -21.532 22.8662 8
    endloop
  endfacet
  facet normal 0 0 1
    outer loop
      vertex -20.9434 23.1101 8
      vertex -36 30 8
      vertex -21.2437 23.0026 8
    endloop
  endfacet
  facet normal 0 0 1
    outer loop
      vertex -20.634 23.1876 8
      vertex -36 30 8
      vertex -20.9434 23.1101 8
    endloop
  endfacet
  facet normal 0 0 1
    outer loop
      vertex -20.3186 23.2344 8
      vertex -36 30 8
      vertex -20.634 23.1876 8
    endloop
  endfacet
  facet normal 0 0 1
    outer loop
      vertex -20 23.25 8
      vertex -36 30 8
      vertex -20.3186 23.2344 8
    endloop
  endfacet
  facet normal 0 0 1
    outer loop
      vertex 36.7804 -29.9231 8
      vertex 36 -30 8
      vertex 36.3921 -29.9807 8
    endloop
  endfacet
  facet normal 0 0 1
    outer loop
      vertex 39.6955 -27.5307 8
      vertex 36 -30 8
      vertex 39.5277 -27.8856 8
    endloop
  endfacet
  facet normal 0 0 1
    outer loop
      vertex 40 -26 8
      vertex 23.1876 -20.634 8
      vertex 36 -30 8
    endloop
  endfacet
  facet normal -0 0 1
    outer loop
      vertex 23.1101 -20.9434 8
      vertex 36 -30 8
      vertex 23.1876 -20.634 8
    endloop
  endfacet
  facet normal -0 0 1
    outer loop
      vertex 23.0026 -21.2437 8
      vertex 36 -30 8
      vertex 23.1101 -20.9434 8
    endloop
  endfacet
  facet normal -0 0 1
    outer loop
      vertex 22.8662 -21.532 8
      vertex 36 -30 8
      vertex 23.0026 -21.2437 8
    endloop
  endfacet
  facet normal -0 0 1
    outer loop
      vertex 22.7023 -21.8056 8
      vertex 36 -30 8
      vertex 22.8662 -21.532 8
    endloop
  endfacet
  facet normal -0 0 1
    outer loop
      vertex 22.5123 -22.0618 8
      vertex 36 -30 8
      vertex 22.7023 -21.8056 8
    endloop
  endfacet
  facet normal -0 0 1
    outer loop
      vertex 22.2981 -22.2981 8
      vertex 36 -30 8
      vertex 22.5123 -22.0618 8
    endloop
  endfacet
  facet normal -0 0 1
    outer loop
      vertex 22.0618 -22.5123 8
      vertex 36 -30 8
      vertex 22.2981 -22.2981 8
    endloop
  endfacet
  facet normal -0 0 1
    outer loop
      vertex 21.8056 -22.7023 8
      vertex 36 -30 8
      vertex 22.0618 -22.5123 8
    endloop
  endfacet
  facet normal -0 0 1
    outer loop
      vertex 21.532 -22.8662 8
      vertex 36 -30 8
      vertex 21.8056 -22.7023 8
    endloop
  endfacet
  facet normal -0 0 1
    outer loop
      vertex 21.2437 -23.0026 8
      vertex 36 -30 8
      vertex 21.532 -22.8662 8
    endloop
  endfacet
  facet normal -0 0 1
    outer loop
      vertex 20.9434 -23.1101 8
      vertex 36 -30 8
      vertex 21.2437 -23.0026 8
    endloop
  endfacet
  facet normal -0 0 1
    outer loop
      vertex 20.634 -23.1876 8
      vertex 36 -30 8
      vertex 20.9434 -23.1101 8
    endloop
  endfacet
  facet normal -0 0 1
    outer loop
      vertex 20.3186 -23.2344 8
      vertex 36 -30 8
      vertex 20.634 -23.1876 8
    endloop
  endfacet
  facet normal -0 0 1
    outer loop
      vertex 20 -23.25 8
      vertex 36 -30 8
      vertex 20.3186 -23.2344 8
    endloop
  endfacet
  facet normal 0 0 1
    outer loop
      vertex 19.6814 -23.2344 8
      vertex 36 -30 8
      vertex 20 -23.25 8
    endloop
  endfacet
  facet normal 0 0 1
    outer loop
      vertex 19.366 -23.1876 8
      vertex 36 -30 8
      vertex 19.6814 -23.2344 8
    endloop
  endfacet
  facet normal 0 0 1
    outer loop
      vertex 19.0566 -23.1101 8
      vertex 36 -30 8
      vertex 19.366 -23.1876 8
    endloop
  endfacet
  facet normal 0 0 1
    outer loop
      vertex -19.0566 -23.1101 8
      vertex 19.0566 -23.1101 8
      vertex 18.7563 -23.0026 8
    endloop
  endfacet
  facet normal 0 0 1
    outer loop
      vertex 17.7019 -17.7019 8
      vertex 2.40416 -2.40416 8
      vertex 17.4877 -17.9382 8
    endloop
  endfacet
  facet normal -0 0 1
    outer loop
      vertex 2.15694 -2.62823 8
      vertex 17.4877 -17.9382 8
      vertex 2.40416 -2.40416 8
    endloop
  endfacet
  facet normal 0 0 1
    outer loop
      vertex 17.4877 -17.9382 8
      vertex 2.15694 -2.62823 8
      vertex 17.2977 -18.1944 8
    endloop
  endfacet
  facet normal -0 0 1
    outer loop
      vertex 1.88894 -2.827 8
      vertex 17.2977 -18.1944 8
      vertex 2.15694 -2.62823 8
    endloop
  endfacet
  facet normal 0 0 1
    outer loop
      vertex 17.2977 -18.1944 8
      vertex 1.88894 -2.827 8
      vertex 17.1338 -18.468 8
    endloop
  endfacet
  facet normal -0 0 1
    outer loop
      vertex 1.60275 -2.99853 8
      vertex 17.1338 -18.468 8
      vertex 1.88894 -2.827 8
    endloop
  endfacet
  facet normal 0 0 1
    outer loop
      vertex 17.1338 -18.468 8
      vertex 1.60275 -2.99853 8
      vertex 16.9974 -18.7563 8
    endloop
  endfacet
  facet normal -0 0 1
    outer loop
      vertex 1.30112 -3.14119 8
      vertex 16.9974 -18.7563 8
      vertex 1.60275 -2.99853 8
    endloop
  endfacet
  facet normal 0 0 1
    outer loop
      vertex 16.9974 -18.7563 8
      vertex 1.30112 -3.14119 8
      vertex 16.8899 -19.0566 8
    endloop
  endfacet
  facet normal -0 0 1
    outer loop
      vertex 0.986967 -3.2536 8
      vertex 16.8899 -19.0566 8
      vertex 1.30112 -3.14119 8
    endloop
  endfacet
  facet normal 0 0 1
    outer loop
      vertex 16.8899 -19.0566 8
      vertex 0.986967 -3.2536 8
      vertex 16.8124 -19.366 8
    endloop
  endfacet
  facet normal -0 0 1
    outer loop
      vertex 0.663306 -3.33467 8
      vertex 16.8124 -19.366 8
      vertex 0.986967 -3.2536 8
    endloop
  endfacet
  facet normal 0 0 1
    outer loop
      vertex 16.8124 -19.366 8
      vertex 0.663306 -3.33467 8
      vertex 16.7656 -19.6814 8
    endloop
  endfacet
  facet normal -0 0 1
    outer loop
      vertex 0.333258 -3.38363 8
      vertex 16.7656 -19.6814 8
      vertex 0.663306 -3.33467 8
    endloop
  endfacet
  facet normal 0 0 1
    outer loop
      vertex 16.7656 -19.6814 8
      vertex 0.333258 -3.38363 8
      vertex 16.75 -20 8
    endloop
  endfacet
  facet normal -0 0 1
    outer loop
      vertex 0 -3.4 8
      vertex 16.75 -20 8
      vertex 0.333258 -3.38363 8
    endloop
  endfacet
  facet normal 0 0 1
    outer loop
      vertex -16.75 -20 8
      vertex 16.75 -20 8
      vertex 0 -3.4 8
    endloop
  endfacet
  facet normal 0 0 1
    outer loop
      vertex 16.75 -20 8
      vertex -16.75 -20 8
      vertex 16.7656 -20.3186 8
    endloop
  endfacet
  facet normal 0 0 1
    outer loop
      vertex -16.7656 -20.3186 8
      vertex 16.7656 -20.3186 8
      vertex -16.75 -20 8
    endloop
  endfacet
  facet normal 0 0 1
    outer loop
      vertex 16.7656 -20.3186 8
      vertex -16.7656 -20.3186 8
      vertex 16.8124 -20.634 8
    endloop
  endfacet
  facet normal 0 0 1
    outer loop
      vertex -16.8124 -20.634 8
      vertex 16.8124 -20.634 8
      vertex -16.7656 -20.3186 8
    endloop
  endfacet
  facet normal 0 0 1
    outer loop
      vertex 16.8124 -20.634 8
      vertex -16.8124 -20.634 8
      vertex 16.8899 -20.9434 8
    endloop
  endfacet
  facet normal 0 0 1
    outer loop
      vertex -16.8899 -20.9434 8
      vertex 16.8899 -20.9434 8
      vertex -16.8124 -20.634 8
    endloop
  endfacet
  facet normal 0 0 1
    outer loop
      vertex 16.8899 -20.9434 8
      vertex -16.8899 -20.9434 8
      vertex 16.9974 -21.2437 8
    endloop
  endfacet
  facet normal 0 0 1
    outer loop
      vertex -16.75 -20 8
      vertex 0 -3.4 8
      vertex -0.333258 -3.38363 8
    endloop
  endfacet
  facet normal 0 0 1
    outer loop
      vertex -16.75 -20 8
      vertex -0.333258 -3.38363 8
      vertex -0.663306 -3.33467 8
    endloop
  endfacet
  facet normal 0 0 1
    outer loop
      vertex -16.75 -20 8
      vertex -0.663306 -3.33467 8
      vertex -0.986967 -3.2536 8
    endloop
  endfacet
  facet normal 0 0 1
    outer loop
      vertex -16.75 -20 8
      vertex -0.986967 -3.2536 8
      vertex -1.30112 -3.14119 8
    endloop
  endfacet
  facet normal 0 0 1
    outer loop
      vertex -16.75 -20 8
      vertex -1.30112 -3.14119 8
      vertex -1.60275 -2.99853 8
    endloop
  endfacet
  facet normal 0 0 1
    outer loop
      vertex -16.75 -20 8
      vertex -1.60275 -2.99853 8
      vertex -1.88894 -2.827 8
    endloop
  endfacet
  facet normal 0 0 1
    outer loop
      vertex -16.75 -20 8
      vertex -1.88894 -2.827 8
      vertex -2.15694 -2.62823 8
    endloop
  endfacet
  facet normal 0 0 1
    outer loop
      vertex -16.75 -20 8
      vertex -2.15694 -2.62823 8
      vertex -2.40416 -2.40416 8
    endloop
  endfacet
  facet normal 0 0 1
    outer loop
      vertex -2.40416 2.40416 8
      vertex -17.7019 17.7019 8
      vertex -2.62823 2.15694 8
    endloop
  endfacet
  facet normal 0 0 1
    outer loop
      vertex -3.4 0 8
      vertex -16.75 -20 8
      vertex -3.38363 -0.333258 8
    endloop
  endfacet
  facet normal 0 0 1
    outer loop
      vertex -3.38363 -0.333258 8
      vertex -16.75 -20 8
      vertex -3.33467 -0.663306 8
    endloop
  endfacet
  facet normal 0 0 1
    outer loop
      vertex -3.33467 -0.663306 8
      vertex -16.75 -20 8
      vertex -3.2536 -0.986967 8
    endloop
  endfacet
  facet normal 0 0 1
    outer loop
      vertex -3.2536 -0.986967 8
      vertex -16.75 -20 8
      vertex -3.14119 -1.30112 8
    endloop
  endfacet
  facet normal 0 0 1
    outer loop
      vertex -3.14119 -1.30112 8
      vertex -16.75 -20 8
      vertex -2.99853 -1.60275 8
    endloop
  endfacet
  facet normal 0 0 1
    outer loop
      vertex -2.99853 -1.60275 8
      vertex -16.75 -20 8
      vertex -2.827 -1.88894 8
    endloop
  endfacet
  facet normal 0 0 1
    outer loop
      vertex -16.75 -20 8
      vertex -2.62823 -2.15694 8
      vertex -2.827 -1.88894 8
    endloop
  endfacet
  facet normal 0 0 1
    outer loop
      vertex -16.75 -20 8
      vertex -2.40416 -2.40416 8
      vertex -2.62823 -2.15694 8
    endloop
  endfacet
  facet normal 0 0 1
    outer loop
      vertex -16.9974 -21.2437 8
      vertex 16.9974 -21.2437 8
      vertex -16.8899 -20.9434 8
    endloop
  endfacet
  facet normal 0 0 1
    outer loop
      vertex 16.9974 -21.2437 8
      vertex -16.9974 -21.2437 8
      vertex 17.1338 -21.532 8
    endloop
  endfacet
  facet normal 0 0 1
    outer loop
      vertex -17.1338 -21.532 8
      vertex 17.1338 -21.532 8
      vertex -16.9974 -21.2437 8
    endloop
  endfacet
  facet normal 0 0 1
    outer loop
      vertex 17.1338 -21.532 8
      vertex -17.1338 -21.532 8
      vertex 17.2977 -21.8056 8
    endloop
  endfacet
  facet normal 0 0 1
    outer loop
      vertex -17.2977 -21.8056 8
      vertex 17.2977 -21.8056 8
      vertex -17.1338 -21.532 8
    endloop
  endfacet
  facet normal 0 0 1
    outer loop
      vertex 17.2977 -21.8056 8
      vertex -17.2977 -21.8056 8
      vertex 17.4877 -22.0618 8
    endloop
  endfacet
  facet normal 0 0 1
    outer loop
      vertex -17.4877 -22.0618 8
      vertex 17.4877 -22.0618 8
      vertex -17.2977 -21.8056 8
    endloop
  endfacet
  facet normal 0 0 1
    outer loop
      vertex 17.4877 -22.0618 8
      vertex -17.4877 -22.0618 8
      vertex 17.7019 -22.2981 8
    endloop
  endfacet
  facet normal 0 0 1
    outer loop
      vertex -17.7019 -22.2981 8
      vertex 17.7019 -22.2981 8
      vertex -17.4877 -22.0618 8
    endloop
  endfacet
  facet normal 0 0 1
    outer loop
      vertex 17.7019 -22.2981 8
      vertex -17.7019 -22.2981 8
      vertex 17.9382 -22.5123 8
    endloop
  endfacet
  facet normal 0 0 1
    outer loop
      vertex -17.9382 -22.5123 8
      vertex 17.9382 -22.5123 8
      vertex -17.7019 -22.2981 8
    endloop
  endfacet
  facet normal 0 0 1
    outer loop
      vertex 17.9382 -22.5123 8
      vertex -17.9382 -22.5123 8
      vertex 18.1944 -22.7023 8
    endloop
  endfacet
  facet normal 0 0 1
    outer loop
      vertex -18.1944 -22.7023 8
      vertex 18.1944 -22.7023 8
      vertex -17.9382 -22.5123 8
    endloop
  endfacet
  facet normal 0 0 1
    outer loop
      vertex 18.1944 -22.7023 8
      vertex -18.1944 -22.7023 8
      vertex 18.468 -22.8662 8
    endloop
  endfacet
  facet normal 0 0 1
    outer loop
      vertex -18.468 -22.8662 8
      vertex 18.468 -22.8662 8
      vertex -18.1944 -22.7023 8
    endloop
  endfacet
  facet normal 0 0 1
    outer loop
      vertex 18.468 -22.8662 8
      vertex -18.468 -22.8662 8
      vertex 18.7563 -23.0026 8
    endloop
  endfacet
  facet normal 0 0 1
    outer loop
      vertex -18.7563 -23.0026 8
      vertex 18.7563 -23.0026 8
      vertex -18.468 -22.8662 8
    endloop
  endfacet
  facet normal 0 0 1
    outer loop
      vertex -19.0566 -23.1101 8
      vertex 18.7563 -23.0026 8
      vertex -18.7563 -23.0026 8
    endloop
  endfacet
  facet normal 0 0 1
    outer loop
      vertex 19.0566 -23.1101 8
      vertex -19.0566 -23.1101 8
      vertex 36 -30 8
    endloop
  endfacet
  facet normal 0 0 1
    outer loop
      vertex -36 -30 8
      vertex -19.0566 -23.1101 8
      vertex -19.366 -23.1876 8
    endloop
  endfacet
  facet normal 0 0 1
    outer loop
      vertex -36 -30 8
      vertex -19.366 -23.1876 8
      vertex -19.6814 -23.2344 8
    endloop
  endfacet
  facet normal 0 0 1
    outer loop
      vertex -36 -30 8
      vertex -19.6814 -23.2344 8
      vertex -20 -23.25 8
    endloop
  endfacet
  facet normal 0 0 1
    outer loop
      vertex -36 -30 8
      vertex -20 -23.25 8
      vertex -20.3186 -23.2344 8
    endloop
  endfacet
  facet normal 0 0 1
    outer loop
      vertex -23.1876 -19.366 8
      vertex -40 -26 8
      vertex -23.2344 -19.6814 8
    endloop
  endfacet
  facet normal 0 0 1
    outer loop
      vertex -23.2344 -19.6814 8
      vertex -40 -26 8
      vertex -23.25 -20 8
    endloop
  endfacet
  facet normal 0 0 1
    outer loop
      vertex -23.25 -20 8
      vertex -40 -26 8
      vertex -23.2344 -20.3186 8
    endloop
  endfacet
  facet normal 0 0 1
    outer loop
      vertex -19.0566 -23.1101 8
      vertex -36 -30 8
      vertex 36 -30 8
    endloop
  endfacet
  facet normal 0 0 1
    outer loop
      vertex -20.634 -23.1876 8
      vertex -36 -30 8
      vertex -20.3186 -23.2344 8
    endloop
  endfacet
  facet normal 0 0 1
    outer loop
      vertex -20.9434 -23.1101 8
      vertex -36 -30 8
      vertex -20.634 -23.1876 8
    endloop
  endfacet
  facet normal 0 0 1
    outer loop
      vertex -21.2437 -23.0026 8
      vertex -36 -30 8
      vertex -20.9434 -23.1101 8
    endloop
  endfacet
  facet normal 0 0 1
    outer loop
      vertex -21.532 -22.8662 8
      vertex -36 -30 8
      vertex -21.2437 -23.0026 8
    endloop
  endfacet
  facet normal 0 0 1
    outer loop
      vertex -21.8056 -22.7023 8
      vertex -36 -30 8
      vertex -21.532 -22.8662 8
    endloop
  endfacet
  facet normal 0 0 1
    outer loop
      vertex -22.0618 -22.5123 8
      vertex -36 -30 8
      vertex -21.8056 -22.7023 8
    endloop
  endfacet
  facet normal 0 0 1
    outer loop
      vertex -22.2981 -22.2981 8
      vertex -36 -30 8
      vertex -22.0618 -22.5123 8
    endloop
  endfacet
  facet normal 0 0 1
    outer loop
      vertex -22.5123 -22.0618 8
      vertex -36 -30 8
      vertex -22.2981 -22.2981 8
    endloop
  endfacet
  facet normal 0 0 1
    outer loop
      vertex -22.7023 -21.8056 8
      vertex -36 -30 8
      vertex -22.5123 -22.0618 8
    endloop
  endfacet
  facet normal 0 0 1
    outer loop
      vertex -22.8662 -21.532 8
      vertex -36 -30 8
      vertex -22.7023 -21.8056 8
    endloop
  endfacet
  facet normal 0 0 1
    outer loop
      vertex -23.0026 -21.2437 8
      vertex -36 -30 8
      vertex -22.8662 -21.532 8
    endloop
  endfacet
  facet normal 0 0 1
    outer loop
      vertex -23.1101 -20.9434 8
      vertex -36 -30 8
      vertex -23.0026 -21.2437 8
    endloop
  endfacet
  facet normal 0 0 1
    outer loop
      vertex -23.2344 -20.3186 8
      vertex -40 -26 8
      vertex -23.1876 -20.634 8
    endloop
  endfacet
  facet normal 0 0 1
    outer loop
      vertex -40 26 8
      vertex -36 30 8
      vertex -36.3921 29.9807 8
    endloop
  endfacet
  facet normal 0 -0 1
    outer loop
      vertex -36 -30 8
      vertex -23.1876 -20.634 8
      vertex -40 -26 8
    endloop
  endfacet
  facet normal 0 0 1
    outer loop
      vertex -40 26 8
      vertex -36.3921 29.9807 8
      vertex -36.7804 29.9231 8
    endloop
  endfacet
  facet normal 0 0 1
    outer loop
      vertex -23.1876 -20.634 8
      vertex -36 -30 8
      vertex -23.1101 -20.9434 8
    endloop
  endfacet
  facet normal 0 0 1
    outer loop
      vertex -40 26 8
      vertex -36.7804 29.9231 8
      vertex -37.1611 29.8278 8
    endloop
  endfacet
  facet normal 0 0 1
    outer loop
      vertex -36 -30 8
      vertex -40 -26 8
      vertex -36.3921 -29.9807 8
    endloop
  endfacet
  facet normal 0 0 1
    outer loop
      vertex -40 26 8
      vertex -37.1611 29.8278 8
      vertex -37.5307 29.6955 8
    endloop
  endfacet
  facet normal 0 0 1
    outer loop
      vertex -36.3921 -29.9807 8
      vertex -40 -26 8
      vertex -36.7804 -29.9231 8
    endloop
  endfacet
  facet normal 0 0 1
    outer loop
      vertex -40 26 8
      vertex -37.5307 29.6955 8
      vertex -37.8856 29.5277 8
    endloop
  endfacet
  facet normal 0 0 1
    outer loop
      vertex -36.7804 -29.9231 8
      vertex -40 -26 8
      vertex -37.1611 -29.8278 8
    endloop
  endfacet
  facet normal 0 0 1
    outer loop
      vertex -40 26 8
      vertex -37.8856 29.5277 8
      vertex -38.2223 29.3259 8
    endloop
  endfacet
  facet normal 0 0 1
    outer loop
      vertex -37.1611 -29.8278 8
      vertex -40 -26 8
      vertex -37.5307 -29.6955 8
    endloop
  endfacet
  facet normal 0 0 1
    outer loop
      vertex -40 26 8
      vertex -38.2223 29.3259 8
      vertex -38.5376 29.092 8
    endloop
  endfacet
  facet normal 0 0 1
    outer loop
      vertex -37.5307 -29.6955 8
      vertex -40 -26 8
      vertex -37.8856 -29.5277 8
    endloop
  endfacet
  facet normal 0 0 1
    outer loop
      vertex -40 26 8
      vertex -38.5376 29.092 8
      vertex -38.8284 28.8284 8
    endloop
  endfacet
  facet normal 0 0 1
    outer loop
      vertex -37.8856 -29.5277 8
      vertex -40 -26 8
      vertex -38.2223 -29.3259 8
    endloop
  endfacet
  facet normal 0 0 1
    outer loop
      vertex -40 26 8
      vertex -38.8284 28.8284 8
      vertex -39.092 28.5376 8
    endloop
  endfacet
  facet normal 0 0 1
    outer loop
      vertex -38.2223 -29.3259 8
      vertex -40 -26 8
      vertex -38.5376 -29.092 8
    endloop
  endfacet
  facet normal 0 0 1
    outer loop
      vertex -40 26 8
      vertex -39.092 28.5376 8
      vertex -39.3259 28.2223 8
    endloop
  endfacet
  facet normal 0 0 1
    outer loop
      vertex -38.5376 -29.092 8
      vertex -40 -26 8
      vertex -38.8284 -28.8284 8
    endloop
  endfacet
  facet normal 0 0 1
    outer loop
      vertex -40 26 8
      vertex -39.3259 28.2223 8
      vertex -39.5277 27.8856 8
    endloop
  endfacet
  facet normal 0 0 1
    outer loop
      vertex -38.8284 -28.8284 8
      vertex -40 -26 8
      vertex -39.092 -28.5376 8
    endloop
  endfacet
  facet normal 0 0 1
    outer loop
      vertex -40 26 8
      vertex -39.5277 27.8856 8
      vertex -39.6955 27.5307 8
    endloop
  endfacet
  facet normal 0 0 1
    outer loop
      vertex -39.092 -28.5376 8
      vertex -40 -26 8
      vertex -39.3259 -28.2223 8
    endloop
  endfacet
  facet normal 0 0 1
    outer loop
      vertex -40 26 8
      vertex -39.6955 27.5307 8
      vertex -39.8278 27.1611 8
    endloop
  endfacet
  facet normal 0 0 1
    outer loop
      vertex -39.3259 -28.2223 8
      vertex -40 -26 8
      vertex -39.5277 -27.8856 8
    endloop
  endfacet
  facet normal 0 0 1
    outer loop
      vertex -40 26 8
      vertex -39.8278 27.1611 8
      vertex -39.9231 26.7804 8
    endloop
  endfacet
  facet normal 0 0 1
    outer loop
      vertex -39.5277 -27.8856 8
      vertex -40 -26 8
      vertex -39.6955 -27.5307 8
    endloop
  endfacet
  facet normal 0 0 1
    outer loop
      vertex -40 26 8
      vertex -39.9231 26.7804 8
      vertex -39.9807 26.3921 8
    endloop
  endfacet
  facet normal 0 0 1
    outer loop
      vertex -39.6955 -27.5307 8
      vertex -40 -26 8
      vertex -39.8278 -27.1611 8
    endloop
  endfacet
  facet normal 0 0 1
    outer loop
      vertex -39.8278 -27.1611 8
      vertex -40 -26 8
      vertex -39.9231 -26.7804 8
    endloop
  endfacet
  facet normal 0 0 1
    outer loop
      vertex -39.9231 -26.7804 8
      vertex -40 -26 8
      vertex -39.9807 -26.3921 8
    endloop
  endfacet
  facet normal -0.9415 -0.337014 0
    outer loop
      vertex -39.6955 -27.5307 0
      vertex -39.8278 -27.1611 8
      vertex -39.8278 -27.1611 0
    endloop
  endfacet
  facet normal -0.9415 -0.337014 0
    outer loop
      vertex -39.8278 -27.1611 8
      vertex -39.6955 -27.5307 0
      vertex -39.6955 -27.5307 8
    endloop
  endfacet
  facet normal -0.671607 -0.740908 0
    outer loop
      vertex -38.8284 -28.8284 0
      vertex -38.5376 -29.092 8
      vertex -38.8284 -28.8284 8
    endloop
  endfacet
  facet normal -0.671607 -0.740908 -0
    outer loop
      vertex -38.5376 -29.092 8
      vertex -38.8284 -28.8284 0
      vertex -38.5376 -29.092 0
    endloop
  endfacet
  facet normal 0.740908 -0.671607 0
    outer loop
      vertex 38.8284 -28.8284 8
      vertex 39.092 -28.5376 0
      vertex 39.092 -28.5376 8
    endloop
  endfacet
  facet normal 0.740908 -0.671607 0
    outer loop
      vertex 39.092 -28.5376 0
      vertex 38.8284 -28.8284 8
      vertex 38.8284 -28.8284 0
    endloop
  endfacet
  facet normal 0.671607 -0.740908 0
    outer loop
      vertex 38.5376 -29.092 0
      vertex 38.8284 -28.8284 8
      vertex 38.5376 -29.092 8
    endloop
  endfacet
  facet normal 0.671607 -0.740908 0
    outer loop
      vertex 38.8284 -28.8284 8
      vertex 38.5376 -29.092 0
      vertex 38.8284 -28.8284 0
    endloop
  endfacet
  facet normal -0.0491626 -0.998791 0
    outer loop
      vertex -36.3921 -29.9807 0
      vertex -36 -30 8
      vertex -36.3921 -29.9807 8
    endloop
  endfacet
  facet normal -0.0491626 -0.998791 -0
    outer loop
      vertex -36 -30 8
      vertex -36.3921 -29.9807 0
      vertex -36 -30 0
    endloop
  endfacet
  facet normal -0 0 -1
    outer loop
      vertex -3.88909 -3.88909 0
      vertex -18.8581 -18.6086 0
      vertex -4.25156 -3.48916 0
    endloop
  endfacet
  facet normal 0 0 -1
    outer loop
      vertex -5.5 0 0
      vertex -18.2087 19.8236 0
      vertex -18.2 20 0
    endloop
  endfacet
  facet normal 0 0 -1
    outer loop
      vertex -19 -18.5034 0
      vertex -4.25156 -3.48916 0
      vertex -18.8581 -18.6086 0
    endloop
  endfacet
  facet normal 0 0 -1
    outer loop
      vertex -5.5 0 0
      vertex -18.2346 19.6488 0
      vertex -18.2087 19.8236 0
    endloop
  endfacet
  facet normal -0 0 -1
    outer loop
      vertex -4.25156 -3.48916 0
      vertex -19 -18.5034 0
      vertex -4.57308 -3.05564 0
    endloop
  endfacet
  facet normal 0 0 -1
    outer loop
      vertex -5.5 0 0
      vertex -18.2775 19.4775 0
      vertex -18.2346 19.6488 0
    endloop
  endfacet
  facet normal 0 0 -1
    outer loop
      vertex -19.1515 -18.4125 0
      vertex -4.57308 -3.05564 0
      vertex -19 -18.5034 0
    endloop
  endfacet
  facet normal 0 0 -1
    outer loop
      vertex -5.5 0 0
      vertex -18.337 19.3112 0
      vertex -18.2775 19.4775 0
    endloop
  endfacet
  facet normal -0 0 -1
    outer loop
      vertex -4.57308 -3.05564 0
      vertex -19.1515 -18.4125 0
      vertex -4.85057 -2.59268 0
    endloop
  endfacet
  facet normal 0 0 -1
    outer loop
      vertex -5.5 0 0
      vertex -18.4125 19.1515 0
      vertex -18.337 19.3112 0
    endloop
  endfacet
  facet normal 0 0 -1
    outer loop
      vertex -19.3112 -18.337 0
      vertex -4.85057 -2.59268 0
      vertex -19.1515 -18.4125 0
    endloop
  endfacet
  facet normal 0 0 -1
    outer loop
      vertex -5.5 0 0
      vertex -18.5034 19 0
      vertex -18.4125 19.1515 0
    endloop
  endfacet
  facet normal -0 0 -1
    outer loop
      vertex -4.85057 -2.59268 0
      vertex -19.3112 -18.337 0
      vertex -5.08134 -2.10476 0
    endloop
  endfacet
  facet normal 0 0 -1
    outer loop
      vertex -5.5 0 0
      vertex -18.6086 18.8581 0
      vertex -18.5034 19 0
    endloop
  endfacet
  facet normal 0 0 -1
    outer loop
      vertex -19.4775 -18.2775 0
      vertex -5.08134 -2.10476 0
      vertex -19.3112 -18.337 0
    endloop
  endfacet
  facet normal 0 0 -1
    outer loop
      vertex -5.5 0 0
      vertex -18.7272 18.7272 0
      vertex -18.6086 18.8581 0
    endloop
  endfacet
  facet normal 0 0 -1
    outer loop
      vertex -19.6488 -18.2346 0
      vertex -5.08134 -2.10476 0
      vertex -19.4775 -18.2775 0
    endloop
  endfacet
  facet normal 0 0 -1
    outer loop
      vertex -5.5 0 0
      vertex -18.8581 18.6086 0
      vertex -18.7272 18.7272 0
    endloop
  endfacet
  facet normal -0 0 -1
    outer loop
      vertex -5.08134 -2.10476 0
      vertex -19.6488 -18.2346 0
      vertex -5.26317 -1.59657 0
    endloop
  endfacet
  facet normal 0 0 -1
    outer loop
      vertex -5.5 0 0
      vertex -19 18.5034 0
      vertex -18.8581 18.6086 0
    endloop
  endfacet
  facet normal 0 0 -1
    outer loop
      vertex -19.8236 -18.2087 0
      vertex -5.26317 -1.59657 0
      vertex -19.6488 -18.2346 0
    endloop
  endfacet
  facet normal 0 0 -1
    outer loop
      vertex -5.5 0 0
      vertex -19.1515 18.4125 0
      vertex -19 18.5034 0
    endloop
  endfacet
  facet normal -0 0 -1
    outer loop
      vertex -5.26317 -1.59657 0
      vertex -19.8236 -18.2087 0
      vertex -5.39432 -1.073 0
    endloop
  endfacet
  facet normal 0 0 -1
    outer loop
      vertex -5.5 0 0
      vertex -19.3112 18.337 0
      vertex -19.1515 18.4125 0
    endloop
  endfacet
  facet normal 0 0 -1
    outer loop
      vertex -20 -18.2 0
      vertex -5.39432 -1.073 0
      vertex -19.8236 -18.2087 0
    endloop
  endfacet
  facet normal 0 0 -1
    outer loop
      vertex -5.5 0 0
      vertex -19.4775 18.2775 0
      vertex -19.3112 18.337 0
    endloop
  endfacet
  facet normal -0 0 -1
    outer loop
      vertex -5.39432 -1.073 0
      vertex -20 -18.2 0
      vertex -5.47352 -0.539094 0
    endloop
  endfacet
  facet normal 0 0 -1
    outer loop
      vertex -5.5 0 0
      vertex -19.6488 18.2346 0
      vertex -19.4775 18.2775 0
    endloop
  endfacet
  facet normal 0 0 -1
    outer loop
      vertex -20.1764 -18.2087 0
      vertex -5.47352 -0.539094 0
      vertex -20 -18.2 0
    endloop
  endfacet
  facet normal 0 0 -1
    outer loop
      vertex -5.5 0 0
      vertex -19.8236 18.2087 0
      vertex -19.6488 18.2346 0
    endloop
  endfacet
  facet normal -0 0 -1
    outer loop
      vertex -5.47352 -0.539094 0
      vertex -20.1764 -18.2087 0
      vertex -5.5 0 0
    endloop
  endfacet
  facet normal 0 0 -1
    outer loop
      vertex -5.5 0 0
      vertex -20 18.2 0
      vertex -19.8236 18.2087 0
    endloop
  endfacet
  facet normal 0 0 -1
    outer loop
      vertex -20.3512 -18.2346 0
      vertex -5.5 0 0
      vertex -20.1764 -18.2087 0
    endloop
  endfacet
  facet normal 0 0 -1
    outer loop
      vertex -5.5 0 0
      vertex -20.1764 18.2087 0
      vertex -20 18.2 0
    endloop
  endfacet
  facet normal 0 0 -1
    outer loop
      vertex -20.3512 18.2346 0
      vertex -5.5 0 0
      vertex -20.3512 -18.2346 0
    endloop
  endfacet
  facet normal 0 0 -1
    outer loop
      vertex -5.5 0 0
      vertex -20.3512 18.2346 0
      vertex -20.1764 18.2087 0
    endloop
  endfacet
  facet normal 0 0 -1
    outer loop
      vertex -20.5225 -18.2775 0
      vertex -20.3512 18.2346 0
      vertex -20.3512 -18.2346 0
    endloop
  endfacet
  facet normal 0 0 -1
    outer loop
      vertex -20.5225 -18.2775 0
      vertex -20.5225 18.2775 0
      vertex -20.3512 18.2346 0
    endloop
  endfacet
  facet normal 0 0 -1
    outer loop
      vertex -20.6888 -18.337 0
      vertex -20.5225 18.2775 0
      vertex -20.5225 -18.2775 0
    endloop
  endfacet
  facet normal 0 0 -1
    outer loop
      vertex -20.6888 -18.337 0
      vertex -20.6888 18.337 0
      vertex -20.5225 18.2775 0
    endloop
  endfacet
  facet normal 0 0 -1
    outer loop
      vertex -20.8485 -18.4125 0
      vertex -20.6888 18.337 0
      vertex -20.6888 -18.337 0
    endloop
  endfacet
  facet normal 0 0 -1
    outer loop
      vertex -20.8485 -18.4125 0
      vertex -20.8485 18.4125 0
      vertex -20.6888 18.337 0
    endloop
  endfacet
  facet normal 0 0 -1
    outer loop
      vertex -21 -18.5034 0
      vertex -20.8485 18.4125 0
      vertex -20.8485 -18.4125 0
    endloop
  endfacet
  facet normal 0 0 -1
    outer loop
      vertex -21 -18.5034 0
      vertex -21 18.5034 0
      vertex -20.8485 18.4125 0
    endloop
  endfacet
  facet normal 0 0 -1
    outer loop
      vertex -21.1419 -18.6086 0
      vertex -21 18.5034 0
      vertex -21 -18.5034 0
    endloop
  endfacet
  facet normal 0 0 -1
    outer loop
      vertex -21.1419 -18.6086 0
      vertex -21.1419 18.6086 0
      vertex -21 18.5034 0
    endloop
  endfacet
  facet normal 0 0 -1
    outer loop
      vertex -21.2728 -18.7272 0
      vertex -21.1419 18.6086 0
      vertex -21.1419 -18.6086 0
    endloop
  endfacet
  facet normal 0 0 -1
    outer loop
      vertex -21.2728 -18.7272 0
      vertex -21.2728 18.7272 0
      vertex -21.1419 18.6086 0
    endloop
  endfacet
  facet normal 0 0 -1
    outer loop
      vertex -40 -26 0
      vertex -21.2728 -18.7272 0
      vertex -21.3914 -18.8581 0
    endloop
  endfacet
  facet normal -0 0 -1
    outer loop
      vertex -21.2728 -18.7272 0
      vertex -40 -26 0
      vertex -21.2728 18.7272 0
    endloop
  endfacet
  facet normal 0 0 -1
    outer loop
      vertex -40 -26 0
      vertex -21.3914 -18.8581 0
      vertex -21.4966 -19 0
    endloop
  endfacet
  facet normal 0 0 -1
    outer loop
      vertex -40 26 0
      vertex -21.2728 18.7272 0
      vertex -40 -26 0
    endloop
  endfacet
  facet normal 0 0 -1
    outer loop
      vertex -40 -26 0
      vertex -21.4966 -19 0
      vertex -21.5875 -19.1515 0
    endloop
  endfacet
  facet normal 0 0 -1
    outer loop
      vertex -21.2728 18.7272 0
      vertex -40 26 0
      vertex -21.3914 18.8581 0
    endloop
  endfacet
  facet normal 0 0 -1
    outer loop
      vertex -40 -26 0
      vertex -21.5875 -19.1515 0
      vertex -21.663 -19.3112 0
    endloop
  endfacet
  facet normal 0 0 -1
    outer loop
      vertex -21.3914 18.8581 0
      vertex -40 26 0
      vertex -21.4966 19 0
    endloop
  endfacet
  facet normal 0 0 -1
    outer loop
      vertex -40 -26 0
      vertex -21.663 -19.3112 0
      vertex -21.7225 -19.4775 0
    endloop
  endfacet
  facet normal 0 0 -1
    outer loop
      vertex -21.4966 19 0
      vertex -40 26 0
      vertex -21.5875 19.1515 0
    endloop
  endfacet
  facet normal 0 0 -1
    outer loop
      vertex -40 -26 0
      vertex -21.7225 -19.4775 0
      vertex -21.7654 -19.6488 0
    endloop
  endfacet
  facet normal 0 0 -1
    outer loop
      vertex -21.5875 19.1515 0
      vertex -40 26 0
      vertex -21.663 19.3112 0
    endloop
  endfacet
  facet normal 0 0 -1
    outer loop
      vertex -40 -26 0
      vertex -21.7654 -19.6488 0
      vertex -21.7913 -19.8236 0
    endloop
  endfacet
  facet normal 0 0 -1
    outer loop
      vertex -21.663 19.3112 0
      vertex -40 26 0
      vertex -21.7225 19.4775 0
    endloop
  endfacet
  facet normal 0 0 -1
    outer loop
      vertex -40 -26 0
      vertex -21.7913 -19.8236 0
      vertex -21.8 -20 0
    endloop
  endfacet
  facet normal 0 0 -1
    outer loop
      vertex -21.7225 19.4775 0
      vertex -40 26 0
      vertex -21.7654 19.6488 0
    endloop
  endfacet
  facet normal 0 0 -1
    outer loop
      vertex 21.7225 -19.4775 0
      vertex 40 -26 0
      vertex 21.7654 -19.6488 0
    endloop
  endfacet
  facet normal 0 0 -1
    outer loop
      vertex 40 26 0
      vertex 21.7913 19.8236 0
      vertex 21.8 20 0
    endloop
  endfacet
  facet normal 0 0 -1
    outer loop
      vertex 21.663 -19.3112 0
      vertex 40 -26 0
      vertex 21.7225 -19.4775 0
    endloop
  endfacet
  facet normal 0 0 -1
    outer loop
      vertex 40 26 0
      vertex 21.7654 19.6488 0
      vertex 21.7913 19.8236 0
    endloop
  endfacet
  facet normal 0 0 -1
    outer loop
      vertex 21.5875 -19.1515 0
      vertex 40 -26 0
      vertex 21.663 -19.3112 0
    endloop
  endfacet
  facet normal 0 0 -1
    outer loop
      vertex 40 26 0
      vertex 21.7225 19.4775 0
      vertex 21.7654 19.6488 0
    endloop
  endfacet
  facet normal 0 0 -1
    outer loop
      vertex 21.4966 -19 0
      vertex 40 -26 0
      vertex 21.5875 -19.1515 0
    endloop
  endfacet
  facet normal 0 0 -1
    outer loop
      vertex 40 26 0
      vertex 21.663 19.3112 0
      vertex 21.7225 19.4775 0
    endloop
  endfacet
  facet normal 0 0 -1
    outer loop
      vertex 21.3914 -18.8581 0
      vertex 40 -26 0
      vertex 21.4966 -19 0
    endloop
  endfacet
  facet normal 0 0 -1
    outer loop
      vertex 40 26 0
      vertex 21.5875 19.1515 0
      vertex 21.663 19.3112 0
    endloop
  endfacet
  facet normal 0 0 -1
    outer loop
      vertex 21.2728 -18.7272 0
      vertex 40 -26 0
      vertex 21.3914 -18.8581 0
    endloop
  endfacet
  facet normal 0 0 -1
    outer loop
      vertex 40 26 0
      vertex 21.4966 19 0
      vertex 21.5875 19.1515 0
    endloop
  endfacet
  facet normal 0 0 -1
    outer loop
      vertex 40 -26 0
      vertex 21.2728 -18.7272 0
      vertex 40 26 0
    endloop
  endfacet
  facet normal 0 0 -1
    outer loop
      vertex 40 26 0
      vertex 21.3914 18.8581 0
      vertex 21.4966 19 0
    endloop
  endfacet
  facet normal 0 0 -1
    outer loop
      vertex 21.2728 18.7272 0
      vertex 40 26 0
      vertex 21.2728 -18.7272 0
    endloop
  endfacet
  facet normal 0 0 -1
    outer loop
      vertex 40 26 0
      vertex 21.2728 18.7272 0
      vertex 21.3914 18.8581 0
    endloop
  endfacet
  facet normal 0 0 -1
    outer loop
      vertex 21.1419 -18.6086 0
      vertex 21.2728 18.7272 0
      vertex 21.2728 -18.7272 0
    endloop
  endfacet
  facet normal 0 0 -1
    outer loop
      vertex 21.1419 -18.6086 0
      vertex 21.1419 18.6086 0
      vertex 21.2728 18.7272 0
    endloop
  endfacet
  facet normal 0 0 -1
    outer loop
      vertex 21 -18.5034 0
      vertex 21.1419 18.6086 0
      vertex 21.1419 -18.6086 0
    endloop
  endfacet
  facet normal 0 0 -1
    outer loop
      vertex 21 -18.5034 0
      vertex 21 18.5034 0
      vertex 21.1419 18.6086 0
    endloop
  endfacet
  facet normal 0 0 -1
    outer loop
      vertex 20.8485 -18.4125 0
      vertex 21 18.5034 0
      vertex 21 -18.5034 0
    endloop
  endfacet
  facet normal 0 0 -1
    outer loop
      vertex 20.8485 -18.4125 0
      vertex 20.8485 18.4125 0
      vertex 21 18.5034 0
    endloop
  endfacet
  facet normal 0 0 -1
    outer loop
      vertex 20.6888 -18.337 0
      vertex 20.8485 18.4125 0
      vertex 20.8485 -18.4125 0
    endloop
  endfacet
  facet normal 0 0 -1
    outer loop
      vertex 20.6888 -18.337 0
      vertex 20.6888 18.337 0
      vertex 20.8485 18.4125 0
    endloop
  endfacet
  facet normal 0 0 -1
    outer loop
      vertex 20.5225 -18.2775 0
      vertex 20.6888 18.337 0
      vertex 20.6888 -18.337 0
    endloop
  endfacet
  facet normal 0 0 -1
    outer loop
      vertex 20.5225 -18.2775 0
      vertex 20.5225 18.2775 0
      vertex 20.6888 18.337 0
    endloop
  endfacet
  facet normal 0 0 -1
    outer loop
      vertex 20.3512 -18.2346 0
      vertex 20.5225 18.2775 0
      vertex 20.5225 -18.2775 0
    endloop
  endfacet
  facet normal 0 0 -1
    outer loop
      vertex 20.3512 -18.2346 0
      vertex 20.3512 18.2346 0
      vertex 20.5225 18.2775 0
    endloop
  endfacet
  facet normal 0 0 -1
    outer loop
      vertex 5.5 0 0
      vertex 20.3512 -18.2346 0
      vertex 20.1764 -18.2087 0
    endloop
  endfacet
  facet normal 0 0 -1
    outer loop
      vertex 20.3512 -18.2346 0
      vertex 5.5 0 0
      vertex 20.3512 18.2346 0
    endloop
  endfacet
  facet normal 0 0 -1
    outer loop
      vertex 5.47352 -0.539094 0
      vertex 20.1764 -18.2087 0
      vertex 20 -18.2 0
    endloop
  endfacet
  facet normal 0 0 -1
    outer loop
      vertex 20.3512 18.2346 0
      vertex 5.5 0 0
      vertex 20.1764 18.2087 0
    endloop
  endfacet
  facet normal 0 0 -1
    outer loop
      vertex 5.39432 -1.073 0
      vertex 20 -18.2 0
      vertex 19.8236 -18.2087 0
    endloop
  endfacet
  facet normal 0 0 -1
    outer loop
      vertex 5.47352 0.539094 0
      vertex 20.1764 18.2087 0
      vertex 5.5 0 0
    endloop
  endfacet
  facet normal 0 0 -1
    outer loop
      vertex 5.26317 -1.59657 0
      vertex 19.8236 -18.2087 0
      vertex 19.6488 -18.2346 0
    endloop
  endfacet
  facet normal 0 0 -1
    outer loop
      vertex 20.1764 18.2087 0
      vertex 5.47352 0.539094 0
      vertex 20 18.2 0
    endloop
  endfacet
  facet normal 0 0 -1
    outer loop
      vertex 5.08134 -2.10476 0
      vertex 19.6488 -18.2346 0
      vertex 19.4775 -18.2775 0
    endloop
  endfacet
  facet normal 0 0 -1
    outer loop
      vertex 5.39432 1.073 0
      vertex 20 18.2 0
      vertex 5.47352 0.539094 0
    endloop
  endfacet
  facet normal 0 0 -1
    outer loop
      vertex 5.08134 -2.10476 0
      vertex 19.4775 -18.2775 0
      vertex 19.3112 -18.337 0
    endloop
  endfacet
  facet normal -0 0 -1
    outer loop
      vertex 20 18.2 0
      vertex 5.39432 1.073 0
      vertex 19.8236 18.2087 0
    endloop
  endfacet
  facet normal 0 0 -1
    outer loop
      vertex 4.85057 -2.59268 0
      vertex 19.3112 -18.337 0
      vertex 19.1515 -18.4125 0
    endloop
  endfacet
  facet normal 0 0 -1
    outer loop
      vertex 5.26317 1.59657 0
      vertex 19.8236 18.2087 0
      vertex 5.39432 1.073 0
    endloop
  endfacet
  facet normal 0 0 -1
    outer loop
      vertex 4.57308 -3.05564 0
      vertex 19.1515 -18.4125 0
      vertex 19 -18.5034 0
    endloop
  endfacet
  facet normal -0 0 -1
    outer loop
      vertex 19.8236 18.2087 0
      vertex 5.26317 1.59657 0
      vertex 19.6488 18.2346 0
    endloop
  endfacet
  facet normal 0 0 -1
    outer loop
      vertex 4.25156 -3.48916 0
      vertex 19 -18.5034 0
      vertex 18.8581 -18.6086 0
    endloop
  endfacet
  facet normal 0 0 -1
    outer loop
      vertex 5.08134 2.10476 0
      vertex 19.6488 18.2346 0
      vertex 5.26317 1.59657 0
    endloop
  endfacet
  facet normal 0 0 -1
    outer loop
      vertex 3.88909 -3.88909 0
      vertex 18.8581 -18.6086 0
      vertex 18.7272 -18.7272 0
    endloop
  endfacet
  facet normal -0 0 -1
    outer loop
      vertex 19.6488 18.2346 0
      vertex 5.08134 2.10476 0
      vertex 19.4775 18.2775 0
    endloop
  endfacet
  facet normal 0 0 -1
    outer loop
      vertex 3.88909 -3.88909 0
      vertex 18.7272 -18.7272 0
      vertex 18.6086 -18.8581 0
    endloop
  endfacet
  facet normal -0 0 -1
    outer loop
      vertex 19.4775 18.2775 0
      vertex 5.08134 2.10476 0
      vertex 19.3112 18.337 0
    endloop
  endfacet
  facet normal 0 0 -1
    outer loop
      vertex 3.48916 -4.25156 0
      vertex 18.6086 -18.8581 0
      vertex 18.5034 -19 0
    endloop
  endfacet
  facet normal 0 0 -1
    outer loop
      vertex 4.85057 2.59268 0
      vertex 19.3112 18.337 0
      vertex 5.08134 2.10476 0
    endloop
  endfacet
  facet normal 0 0 -1
    outer loop
      vertex 3.05564 -4.57308 0
      vertex 18.5034 -19 0
      vertex 18.4125 -19.1515 0
    endloop
  endfacet
  facet normal -0 0 -1
    outer loop
      vertex 19.3112 18.337 0
      vertex 4.85057 2.59268 0
      vertex 19.1515 18.4125 0
    endloop
  endfacet
  facet normal 0 0 -1
    outer loop
      vertex 2.59268 -4.85057 0
      vertex 18.4125 -19.1515 0
      vertex 18.337 -19.3112 0
    endloop
  endfacet
  facet normal 0 0 -1
    outer loop
      vertex 4.57308 3.05564 0
      vertex 19.1515 18.4125 0
      vertex 4.85057 2.59268 0
    endloop
  endfacet
  facet normal 0 0 -1
    outer loop
      vertex 2.59268 -4.85057 0
      vertex 18.337 -19.3112 0
      vertex 18.2775 -19.4775 0
    endloop
  endfacet
  facet normal -0 0 -1
    outer loop
      vertex 19.1515 18.4125 0
      vertex 4.57308 3.05564 0
      vertex 19 18.5034 0
    endloop
  endfacet
  facet normal 0 0 -1
    outer loop
      vertex 2.10476 -5.08134 0
      vertex 18.2775 -19.4775 0
      vertex 18.2346 -19.6488 0
    endloop
  endfacet
  facet normal 0 0 -1
    outer loop
      vertex 4.25156 3.48916 0
      vertex 19 18.5034 0
      vertex 4.57308 3.05564 0
    endloop
  endfacet
  facet normal 0 0 -1
    outer loop
      vertex 1.59657 -5.26317 0
      vertex 18.2346 -19.6488 0
      vertex 18.2087 -19.8236 0
    endloop
  endfacet
  facet normal -0 0 -1
    outer loop
      vertex 19 18.5034 0
      vertex 4.25156 3.48916 0
      vertex 18.8581 18.6086 0
    endloop
  endfacet
  facet normal 0 0 -1
    outer loop
      vertex 1.073 -5.39432 0
      vertex 18.2087 -19.8236 0
      vertex 18.2 -20 0
    endloop
  endfacet
  facet normal 0 0 -1
    outer loop
      vertex 3.88909 3.88909 0
      vertex 18.8581 18.6086 0
      vertex 4.25156 3.48916 0
    endloop
  endfacet
  facet normal 0 0 -1
    outer loop
      vertex 36 -30 0
      vertex 40 -26 0
      vertex 39.9807 -26.3921 0
    endloop
  endfacet
  facet normal 0 0 -1
    outer loop
      vertex 21.7913 -19.8236 0
      vertex 40 -26 0
      vertex 21.8 -20 0
    endloop
  endfacet
  facet normal 0 0 -1
    outer loop
      vertex 36 -30 0
      vertex 39.9807 -26.3921 0
      vertex 39.9231 -26.7804 0
    endloop
  endfacet
  facet normal 0 0 -1
    outer loop
      vertex 21.7654 -19.6488 0
      vertex 40 -26 0
      vertex 21.7913 -19.8236 0
    endloop
  endfacet
  facet normal 0 0 -1
    outer loop
      vertex 36 -30 0
      vertex 39.9231 -26.7804 0
      vertex 39.8278 -27.1611 0
    endloop
  endfacet
  facet normal 0 0 -1
    outer loop
      vertex 21.7913 20.1764 0
      vertex 40 26 0
      vertex 21.8 20 0
    endloop
  endfacet
  facet normal 0 0 -1
    outer loop
      vertex 36 -30 0
      vertex 39.8278 -27.1611 0
      vertex 39.6955 -27.5307 0
    endloop
  endfacet
  facet normal 0 -0 -1
    outer loop
      vertex 36 30 0
      vertex 40 26 0
      vertex 21.7913 20.1764 0
    endloop
  endfacet
  facet normal 0 0 -1
    outer loop
      vertex 36 -30 0
      vertex 39.6955 -27.5307 0
      vertex 39.5277 -27.8856 0
    endloop
  endfacet
  facet normal 0 0 -1
    outer loop
      vertex 40 26 0
      vertex 36 30 0
      vertex 39.9807 26.3921 0
    endloop
  endfacet
  facet normal 0 0 -1
    outer loop
      vertex 36 -30 0
      vertex 39.5277 -27.8856 0
      vertex 39.3259 -28.2223 0
    endloop
  endfacet
  facet normal 0 0 -1
    outer loop
      vertex 39.9231 26.7804 0
      vertex 36 30 0
      vertex 39.8278 27.1611 0
    endloop
  endfacet
  facet normal 0 0 -1
    outer loop
      vertex 36 -30 0
      vertex 39.3259 -28.2223 0
      vertex 39.092 -28.5376 0
    endloop
  endfacet
  facet normal 0 0 -1
    outer loop
      vertex 39.8278 27.1611 0
      vertex 36 30 0
      vertex 39.6955 27.5307 0
    endloop
  endfacet
  facet normal 0 0 -1
    outer loop
      vertex 36 -30 0
      vertex 39.092 -28.5376 0
      vertex 38.8284 -28.8284 0
    endloop
  endfacet
  facet normal 0 0 -1
    outer loop
      vertex 39.6955 27.5307 0
      vertex 36 30 0
      vertex 39.5277 27.8856 0
    endloop
  endfacet
  facet normal 0 0 -1
    outer loop
      vertex 36 -30 0
      vertex 38.8284 -28.8284 0
      vertex 38.5376 -29.092 0
    endloop
  endfacet
  facet normal 0 0 -1
    outer loop
      vertex 39.5277 27.8856 0
      vertex 36 30 0
      vertex 39.3259 28.2223 0
    endloop
  endfacet
  facet normal 0 0 -1
    outer loop
      vertex 36 -30 0
      vertex 38.5376 -29.092 0
      vertex 38.2223 -29.3259 0
    endloop
  endfacet
  facet normal 0 0 -1
    outer loop
      vertex 39.3259 28.2223 0
      vertex 36 30 0
      vertex 39.092 28.5376 0
    endloop
  endfacet
  facet normal 0 0 -1
    outer loop
      vertex 36 -30 0
      vertex 38.2223 -29.3259 0
      vertex 37.8856 -29.5277 0
    endloop
  endfacet
  facet normal 0 0 -1
    outer loop
      vertex 39.092 28.5376 0
      vertex 36 30 0
      vertex 38.8284 28.8284 0
    endloop
  endfacet
  facet normal 0 0 -1
    outer loop
      vertex 36 -30 0
      vertex 37.8856 -29.5277 0
      vertex 37.5307 -29.6955 0
    endloop
  endfacet
  facet normal 0 0 -1
    outer loop
      vertex 38.8284 28.8284 0
      vertex 36 30 0
      vertex 38.5376 29.092 0
    endloop
  endfacet
  facet normal 0 0 -1
    outer loop
      vertex 36 -30 0
      vertex 37.5307 -29.6955 0
      vertex 37.1611 -29.8278 0
    endloop
  endfacet
  facet normal 0 0 -1
    outer loop
      vertex 38.5376 29.092 0
      vertex 36 30 0
      vertex 38.2223 29.3259 0
    endloop
  endfacet
  facet normal 0 0 -1
    outer loop
      vertex 36 -30 0
      vertex 37.1611 -29.8278 0
      vertex 36.7804 -29.9231 0
    endloop
  endfacet
  facet normal 0 0 -1
    outer loop
      vertex 38.2223 29.3259 0
      vertex 36 30 0
      vertex 37.8856 29.5277 0
    endloop
  endfacet
  facet normal 0 0 -1
    outer loop
      vertex 36 -30 0
      vertex 36.7804 -29.9231 0
      vertex 36.3921 -29.9807 0
    endloop
  endfacet
  facet normal 0 0 -1
    outer loop
      vertex 37.8856 29.5277 0
      vertex 36 30 0
      vertex 37.5307 29.6955 0
    endloop
  endfacet
  facet normal -0 0 -1
    outer loop
      vertex 40 -26 0
      vertex 36 -30 0
      vertex 21.7913 -20.1764 0
    endloop
  endfacet
  facet normal 0 0 -1
    outer loop
      vertex 37.5307 29.6955 0
      vertex 36 30 0
      vertex 37.1611 29.8278 0
    endloop
  endfacet
  facet normal 0 0 -1
    outer loop
      vertex 37.1611 29.8278 0
      vertex 36 30 0
      vertex 36.7804 29.9231 0
    endloop
  endfacet
  facet normal 0 0 -1
    outer loop
      vertex 40 -26 0
      vertex 21.7913 -20.1764 0
      vertex 21.8 -20 0
    endloop
  endfacet
  facet normal 0 0 -1
    outer loop
      vertex 36 -30 0
      vertex 21.7654 -20.3512 0
      vertex 21.7913 -20.1764 0
    endloop
  endfacet
  facet normal 0 0 -1
    outer loop
      vertex 36 -30 0
      vertex 21.7225 -20.5225 0
      vertex 21.7654 -20.3512 0
    endloop
  endfacet
  facet normal 0 0 -1
    outer loop
      vertex 36 -30 0
      vertex 21.663 -20.6888 0
      vertex 21.7225 -20.5225 0
    endloop
  endfacet
  facet normal 0 0 -1
    outer loop
      vertex 36 -30 0
      vertex 21.5875 -20.8485 0
      vertex 21.663 -20.6888 0
    endloop
  endfacet
  facet normal 0 0 -1
    outer loop
      vertex 36 -30 0
      vertex 21.4966 -21 0
      vertex 21.5875 -20.8485 0
    endloop
  endfacet
  facet normal 0 0 -1
    outer loop
      vertex 36 -30 0
      vertex 21.3914 -21.1419 0
      vertex 21.4966 -21 0
    endloop
  endfacet
  facet normal 0 0 -1
    outer loop
      vertex 36 -30 0
      vertex 21.2728 -21.2728 0
      vertex 21.3914 -21.1419 0
    endloop
  endfacet
  facet normal 0 0 -1
    outer loop
      vertex 36 -30 0
      vertex 21.1419 -21.3914 0
      vertex 21.2728 -21.2728 0
    endloop
  endfacet
  facet normal 0 0 -1
    outer loop
      vertex 36 -30 0
      vertex 21 -21.4966 0
      vertex 21.1419 -21.3914 0
    endloop
  endfacet
  facet normal 0 0 -1
    outer loop
      vertex 36 -30 0
      vertex 20.8485 -21.5875 0
      vertex 21 -21.4966 0
    endloop
  endfacet
  facet normal 0 0 -1
    outer loop
      vertex 36 -30 0
      vertex 20.6888 -21.663 0
      vertex 20.8485 -21.5875 0
    endloop
  endfacet
  facet normal 0 0 -1
    outer loop
      vertex 36 -30 0
      vertex 20.5225 -21.7225 0
      vertex 20.6888 -21.663 0
    endloop
  endfacet
  facet normal 0 0 -1
    outer loop
      vertex 36 -30 0
      vertex 20.3512 -21.7654 0
      vertex 20.5225 -21.7225 0
    endloop
  endfacet
  facet normal 0 0 -1
    outer loop
      vertex 36 -30 0
      vertex 20.1764 -21.7913 0
      vertex 20.3512 -21.7654 0
    endloop
  endfacet
  facet normal 0 0 -1
    outer loop
      vertex 36 -30 0
      vertex 20 -21.8 0
      vertex 20.1764 -21.7913 0
    endloop
  endfacet
  facet normal 0 0 -1
    outer loop
      vertex 36 -30 0
      vertex 19.8236 -21.7913 0
      vertex 20 -21.8 0
    endloop
  endfacet
  facet normal 0 0 -1
    outer loop
      vertex 36 -30 0
      vertex 19.6488 -21.7654 0
      vertex 19.8236 -21.7913 0
    endloop
  endfacet
  facet normal 0 0 -1
    outer loop
      vertex 36 -30 0
      vertex 19.4775 -21.7225 0
      vertex 19.6488 -21.7654 0
    endloop
  endfacet
  facet normal 0 0 -1
    outer loop
      vertex -19.4775 -21.7225 0
      vertex 19.4775 -21.7225 0
      vertex 36 -30 0
    endloop
  endfacet
  facet normal 0 0 -1
    outer loop
      vertex 19.4775 -21.7225 0
      vertex -19.4775 -21.7225 0
      vertex 19.3112 -21.663 0
    endloop
  endfacet
  facet normal -0 0 -1
    outer loop
      vertex 18.8581 18.6086 0
      vertex 3.88909 3.88909 0
      vertex 18.7272 18.7272 0
    endloop
  endfacet
  facet normal 0 0 -1
    outer loop
      vertex 0.539094 -5.47352 0
      vertex 18.2 -20 0
      vertex 18.2087 -20.1764 0
    endloop
  endfacet
  facet normal 0 0 -1
    outer loop
      vertex 0.539094 -5.47352 0
      vertex 18.2087 -20.1764 0
      vertex 18.2346 -20.3512 0
    endloop
  endfacet
  facet normal 0 0 -1
    outer loop
      vertex -18.2346 -20.3512 0
      vertex 18.2346 -20.3512 0
      vertex 18.2775 -20.5225 0
    endloop
  endfacet
  facet normal 0 0 -1
    outer loop
      vertex -18.2775 -20.5225 0
      vertex 18.2775 -20.5225 0
      vertex 18.337 -20.6888 0
    endloop
  endfacet
  facet normal 0 0 -1
    outer loop
      vertex -18.337 -20.6888 0
      vertex 18.337 -20.6888 0
      vertex 18.4125 -20.8485 0
    endloop
  endfacet
  facet normal 0 0 -1
    outer loop
      vertex -18.4125 -20.8485 0
      vertex 18.4125 -20.8485 0
      vertex 18.5034 -21 0
    endloop
  endfacet
  facet normal 0 0 -1
    outer loop
      vertex 20.1764 -18.2087 0
      vertex 5.47352 -0.539094 0
      vertex 5.5 0 0
    endloop
  endfacet
  facet normal 0 0 -1
    outer loop
      vertex 20 -18.2 0
      vertex 5.39432 -1.073 0
      vertex 5.47352 -0.539094 0
    endloop
  endfacet
  facet normal 0 0 -1
    outer loop
      vertex 19.8236 -18.2087 0
      vertex 5.26317 -1.59657 0
      vertex 5.39432 -1.073 0
    endloop
  endfacet
  facet normal 0 0 -1
    outer loop
      vertex 19.6488 -18.2346 0
      vertex 5.08134 -2.10476 0
      vertex 5.26317 -1.59657 0
    endloop
  endfacet
  facet normal 0 0 -1
    outer loop
      vertex 19.3112 -18.337 0
      vertex 4.85057 -2.59268 0
      vertex 5.08134 -2.10476 0
    endloop
  endfacet
  facet normal 0 0 -1
    outer loop
      vertex -18.5034 -21 0
      vertex 18.5034 -21 0
      vertex 18.6086 -21.1419 0
    endloop
  endfacet
  facet normal 0 0 -1
    outer loop
      vertex 19.1515 -18.4125 0
      vertex 4.57308 -3.05564 0
      vertex 4.85057 -2.59268 0
    endloop
  endfacet
  facet normal 0 0 -1
    outer loop
      vertex 19 -18.5034 0
      vertex 4.25156 -3.48916 0
      vertex 4.57308 -3.05564 0
    endloop
  endfacet
  facet normal 0 0 -1
    outer loop
      vertex 18.8581 -18.6086 0
      vertex 3.88909 -3.88909 0
      vertex 4.25156 -3.48916 0
    endloop
  endfacet
  facet normal 0 0 -1
    outer loop
      vertex 18.6086 -18.8581 0
      vertex 3.48916 -4.25156 0
      vertex 3.88909 -3.88909 0
    endloop
  endfacet
  facet normal 0 0 -1
    outer loop
      vertex 18.5034 -19 0
      vertex 3.05564 -4.57308 0
      vertex 3.48916 -4.25156 0
    endloop
  endfacet
  facet normal 0 0 -1
    outer loop
      vertex -18.6086 -21.1419 0
      vertex 18.6086 -21.1419 0
      vertex 18.7272 -21.2728 0
    endloop
  endfacet
  facet normal 0 0 -1
    outer loop
      vertex 18.4125 -19.1515 0
      vertex 2.59268 -4.85057 0
      vertex 3.05564 -4.57308 0
    endloop
  endfacet
  facet normal 0 0 -1
    outer loop
      vertex 18.2775 -19.4775 0
      vertex 2.10476 -5.08134 0
      vertex 2.59268 -4.85057 0
    endloop
  endfacet
  facet normal 0 0 -1
    outer loop
      vertex 18.2346 -19.6488 0
      vertex 1.59657 -5.26317 0
      vertex 2.10476 -5.08134 0
    endloop
  endfacet
  facet normal 0 0 -1
    outer loop
      vertex 18.2087 -19.8236 0
      vertex 1.073 -5.39432 0
      vertex 1.59657 -5.26317 0
    endloop
  endfacet
  facet normal 0 0 -1
    outer loop
      vertex -18.7272 -21.2728 0
      vertex 18.7272 -21.2728 0
      vertex 18.8581 -21.3914 0
    endloop
  endfacet
  facet normal 0 0 -1
    outer loop
      vertex 18.2 -20 0
      vertex 0.539094 -5.47352 0
      vertex 1.073 -5.39432 0
    endloop
  endfacet
  facet normal 0 0 -1
    outer loop
      vertex 18.2346 -20.3512 0
      vertex 0 -5.5 0
      vertex 0.539094 -5.47352 0
    endloop
  endfacet
  facet normal 0 0 -1
    outer loop
      vertex 18.2346 -20.3512 0
      vertex -18.2346 -20.3512 0
      vertex 0 -5.5 0
    endloop
  endfacet
  facet normal -0 0 -1
    outer loop
      vertex 0 -5.5 0
      vertex -18.2346 -20.3512 0
      vertex -0.539094 -5.47352 0
    endloop
  endfacet
  facet normal 0 -0 -1
    outer loop
      vertex -18.2087 -20.1764 0
      vertex -0.539094 -5.47352 0
      vertex -18.2346 -20.3512 0
    endloop
  endfacet
  facet normal 0 -0 -1
    outer loop
      vertex -18.2 -20 0
      vertex -0.539094 -5.47352 0
      vertex -18.2087 -20.1764 0
    endloop
  endfacet
  facet normal -0 0 -1
    outer loop
      vertex -0.539094 -5.47352 0
      vertex -18.2 -20 0
      vertex -1.073 -5.39432 0
    endloop
  endfacet
  facet normal 0 0 -1
    outer loop
      vertex -18.2087 -19.8236 0
      vertex -1.073 -5.39432 0
      vertex -18.2 -20 0
    endloop
  endfacet
  facet normal 0 0 -1
    outer loop
      vertex -18.2346 -19.6488 0
      vertex -1.59657 -5.26317 0
      vertex -18.2087 -19.8236 0
    endloop
  endfacet
  facet normal 0 0 -1
    outer loop
      vertex -18.7272 -18.7272 0
      vertex -3.88909 -3.88909 0
      vertex -18.6086 -18.8581 0
    endloop
  endfacet
  facet normal -0 0 -1
    outer loop
      vertex -3.48916 -4.25156 0
      vertex -18.6086 -18.8581 0
      vertex -3.88909 -3.88909 0
    endloop
  endfacet
  facet normal 0 0 -1
    outer loop
      vertex -18.6086 -18.8581 0
      vertex -3.48916 -4.25156 0
      vertex -18.5034 -19 0
    endloop
  endfacet
  facet normal -0 0 -1
    outer loop
      vertex -3.05564 -4.57308 0
      vertex -18.5034 -19 0
      vertex -3.48916 -4.25156 0
    endloop
  endfacet
  facet normal 0 0 -1
    outer loop
      vertex -18.5034 -19 0
      vertex -3.05564 -4.57308 0
      vertex -18.4125 -19.1515 0
    endloop
  endfacet
  facet normal -0 0 -1
    outer loop
      vertex -2.59268 -4.85057 0
      vertex -18.4125 -19.1515 0
      vertex -3.05564 -4.57308 0
    endloop
  endfacet
  facet normal 0 0 -1
    outer loop
      vertex -18.4125 -19.1515 0
      vertex -2.59268 -4.85057 0
      vertex -18.337 -19.3112 0
    endloop
  endfacet
  facet normal 0 0 -1
    outer loop
      vertex -18.337 -19.3112 0
      vertex -2.59268 -4.85057 0
      vertex -18.2775 -19.4775 0
    endloop
  endfacet
  facet normal -0 0 -1
    outer loop
      vertex -2.10476 -5.08134 0
      vertex -18.2775 -19.4775 0
      vertex -2.59268 -4.85057 0
    endloop
  endfacet
  facet normal -0 0 -1
    outer loop
      vertex -1.59657 -5.26317 0
      vertex -18.2346 -19.6488 0
      vertex -2.10476 -5.08134 0
    endloop
  endfacet
  facet normal 0 0 -1
    outer loop
      vertex -18.8581 -21.3914 0
      vertex 18.8581 -21.3914 0
      vertex 19 -21.4966 0
    endloop
  endfacet
  facet normal 0 0 -1
    outer loop
      vertex -19 -21.4966 0
      vertex 19 -21.4966 0
      vertex 19.1515 -21.5875 0
    endloop
  endfacet
  facet normal 0 -0 -1
    outer loop
      vertex -19.3112 -21.663 0
      vertex 19.3112 -21.663 0
      vertex -19.4775 -21.7225 0
    endloop
  endfacet
  facet normal 0 0 -1
    outer loop
      vertex -18.2775 -19.4775 0
      vertex -2.10476 -5.08134 0
      vertex -18.2346 -19.6488 0
    endloop
  endfacet
  facet normal -0 0 -1
    outer loop
      vertex -1.073 -5.39432 0
      vertex -18.2087 -19.8236 0
      vertex -1.59657 -5.26317 0
    endloop
  endfacet
  facet normal 0 0 -1
    outer loop
      vertex 18.2775 -20.5225 0
      vertex -18.2775 -20.5225 0
      vertex -18.2346 -20.3512 0
    endloop
  endfacet
  facet normal 0 0 -1
    outer loop
      vertex 18.337 -20.6888 0
      vertex -18.337 -20.6888 0
      vertex -18.2775 -20.5225 0
    endloop
  endfacet
  facet normal 0 0 -1
    outer loop
      vertex 18.4125 -20.8485 0
      vertex -18.4125 -20.8485 0
      vertex -18.337 -20.6888 0
    endloop
  endfacet
  facet normal 0 0 -1
    outer loop
      vertex 18.5034 -21 0
      vertex -18.5034 -21 0
      vertex -18.4125 -20.8485 0
    endloop
  endfacet
  facet normal 0 0 -1
    outer loop
      vertex 18.6086 -21.1419 0
      vertex -18.6086 -21.1419 0
      vertex -18.5034 -21 0
    endloop
  endfacet
  facet normal 0 0 -1
    outer loop
      vertex 18.7272 -21.2728 0
      vertex -18.7272 -21.2728 0
      vertex -18.6086 -21.1419 0
    endloop
  endfacet
  facet normal 0 0 -1
    outer loop
      vertex 18.8581 -21.3914 0
      vertex -18.8581 -21.3914 0
      vertex -18.7272 -21.2728 0
    endloop
  endfacet
  facet normal 0 0 -1
    outer loop
      vertex 19 -21.4966 0
      vertex -19 -21.4966 0
      vertex -18.8581 -21.3914 0
    endloop
  endfacet
  facet normal 0 0 -1
    outer loop
      vertex 19.1515 -21.5875 0
      vertex -19.1515 -21.5875 0
      vertex -19 -21.4966 0
    endloop
  endfacet
  facet normal -0 0 -1
    outer loop
      vertex 19.1515 -21.5875 0
      vertex -19.3112 -21.663 0
      vertex -19.1515 -21.5875 0
    endloop
  endfacet
  facet normal 0 0 -1
    outer loop
      vertex 19.3112 -21.663 0
      vertex -19.3112 -21.663 0
      vertex 19.1515 -21.5875 0
    endloop
  endfacet
  facet normal 0 0 -1
    outer loop
      vertex -36 -30 0
      vertex -19.4775 -21.7225 0
      vertex 36 -30 0
    endloop
  endfacet
  facet normal 0 0 -1
    outer loop
      vertex -19.4775 -21.7225 0
      vertex -36 -30 0
      vertex -19.6488 -21.7654 0
    endloop
  endfacet
  facet normal 0 0 -1
    outer loop
      vertex -19.6488 -21.7654 0
      vertex -36 -30 0
      vertex -19.8236 -21.7913 0
    endloop
  endfacet
  facet normal 0 0 -1
    outer loop
      vertex -19.8236 -21.7913 0
      vertex -36 -30 0
      vertex -20 -21.8 0
    endloop
  endfacet
  facet normal -0 0 -1
    outer loop
      vertex -21.7913 -20.1764 0
      vertex -40 -26 0
      vertex -21.8 -20 0
    endloop
  endfacet
  facet normal 0 0 -1
    outer loop
      vertex -40 -26 0
      vertex -21.7913 -20.1764 0
      vertex -36 -30 0
    endloop
  endfacet
  facet normal -0 0 -1
    outer loop
      vertex -21.7654 -20.3512 0
      vertex -36 -30 0
      vertex -21.7913 -20.1764 0
    endloop
  endfacet
  facet normal -0 0 -1
    outer loop
      vertex -21.7225 -20.5225 0
      vertex -36 -30 0
      vertex -21.7654 -20.3512 0
    endloop
  endfacet
  facet normal -0 0 -1
    outer loop
      vertex -21.663 -20.6888 0
      vertex -36 -30 0
      vertex -21.7225 -20.5225 0
    endloop
  endfacet
  facet normal -0 0 -1
    outer loop
      vertex -21.5875 -20.8485 0
      vertex -36 -30 0
      vertex -21.663 -20.6888 0
    endloop
  endfacet
  facet normal -0 0 -1
    outer loop
      vertex -21.4966 -21 0
      vertex -36 -30 0
      vertex -21.5875 -20.8485 0
    endloop
  endfacet
  facet normal -0 0 -1
    outer loop
      vertex -21.3914 -21.1419 0
      vertex -36 -30 0
      vertex -21.4966 -21 0
    endloop
  endfacet
  facet normal -0 0 -1
    outer loop
      vertex -21.2728 -21.2728 0
      vertex -36 -30 0
      vertex -21.3914 -21.1419 0
    endloop
  endfacet
  facet normal -0 0 -1
    outer loop
      vertex -21.1419 -21.3914 0
      vertex -36 -30 0
      vertex -21.2728 -21.2728 0
    endloop
  endfacet
  facet normal -0 0 -1
    outer loop
      vertex -21 -21.4966 0
      vertex -36 -30 0
      vertex -21.1419 -21.3914 0
    endloop
  endfacet
  facet normal -0 0 -1
    outer loop
      vertex -20.8485 -21.5875 0
      vertex -36 -30 0
      vertex -21 -21.4966 0
    endloop
  endfacet
  facet normal -0 0 -1
    outer loop
      vertex -20.6888 -21.663 0
      vertex -36 -30 0
      vertex -20.8485 -21.5875 0
    endloop
  endfacet
  facet normal -0 0 -1
    outer loop
      vertex -20.5225 -21.7225 0
      vertex -36 -30 0
      vertex -20.6888 -21.663 0
    endloop
  endfacet
  facet normal -0 0 -1
    outer loop
      vertex -20.3512 -21.7654 0
      vertex -36 -30 0
      vertex -20.5225 -21.7225 0
    endloop
  endfacet
  facet normal -0 0 -1
    outer loop
      vertex -20.1764 -21.7913 0
      vertex -36 -30 0
      vertex -20.3512 -21.7654 0
    endloop
  endfacet
  facet normal -0 0 -1
    outer loop
      vertex -20 -21.8 0
      vertex -36 -30 0
      vertex -20.1764 -21.7913 0
    endloop
  endfacet
  facet normal 0 0 -1
    outer loop
      vertex 36.7804 29.9231 0
      vertex 36 30 0
      vertex 36.3921 29.9807 0
    endloop
  endfacet
  facet normal 0 0 -1
    outer loop
      vertex 39.9807 26.3921 0
      vertex 36 30 0
      vertex 39.9231 26.7804 0
    endloop
  endfacet
  facet normal 0 0 -1
    outer loop
      vertex 21.7654 20.3512 0
      vertex 36 30 0
      vertex 21.7913 20.1764 0
    endloop
  endfacet
  facet normal 0 0 -1
    outer loop
      vertex 21.7225 20.5225 0
      vertex 36 30 0
      vertex 21.7654 20.3512 0
    endloop
  endfacet
  facet normal 0 0 -1
    outer loop
      vertex 21.663 20.6888 0
      vertex 36 30 0
      vertex 21.7225 20.5225 0
    endloop
  endfacet
  facet normal 0 0 -1
    outer loop
      vertex 21.5875 20.8485 0
      vertex 36 30 0
      vertex 21.663 20.6888 0
    endloop
  endfacet
  facet normal 0 0 -1
    outer loop
      vertex 21.4966 21 0
      vertex 36 30 0
      vertex 21.5875 20.8485 0
    endloop
  endfacet
  facet normal 0 0 -1
    outer loop
      vertex 21.3914 21.1419 0
      vertex 36 30 0
      vertex 21.4966 21 0
    endloop
  endfacet
  facet normal 0 0 -1
    outer loop
      vertex 21.2728 21.2728 0
      vertex 36 30 0
      vertex 21.3914 21.1419 0
    endloop
  endfacet
  facet normal 0 0 -1
    outer loop
      vertex 21.1419 21.3914 0
      vertex 36 30 0
      vertex 21.2728 21.2728 0
    endloop
  endfacet
  facet normal 0 0 -1
    outer loop
      vertex 21 21.4966 0
      vertex 36 30 0
      vertex 21.1419 21.3914 0
    endloop
  endfacet
  facet normal 0 0 -1
    outer loop
      vertex 20.8485 21.5875 0
      vertex 36 30 0
      vertex 21 21.4966 0
    endloop
  endfacet
  facet normal 0 0 -1
    outer loop
      vertex 20.6888 21.663 0
      vertex 36 30 0
      vertex 20.8485 21.5875 0
    endloop
  endfacet
  facet normal 0 0 -1
    outer loop
      vertex 20.5225 21.7225 0
      vertex 36 30 0
      vertex 20.6888 21.663 0
    endloop
  endfacet
  facet normal 0 0 -1
    outer loop
      vertex 20.3512 21.7654 0
      vertex 36 30 0
      vertex 20.5225 21.7225 0
    endloop
  endfacet
  facet normal 0 0 -1
    outer loop
      vertex 20.1764 21.7913 0
      vertex 36 30 0
      vertex 20.3512 21.7654 0
    endloop
  endfacet
  facet normal 0 0 -1
    outer loop
      vertex 20 21.8 0
      vertex 36 30 0
      vertex 20.1764 21.7913 0
    endloop
  endfacet
  facet normal 0 0 -1
    outer loop
      vertex 19.8236 21.7913 0
      vertex 36 30 0
      vertex 20 21.8 0
    endloop
  endfacet
  facet normal 0 0 -1
    outer loop
      vertex 19.6488 21.7654 0
      vertex 36 30 0
      vertex 19.8236 21.7913 0
    endloop
  endfacet
  facet normal 0 0 -1
    outer loop
      vertex 19.4775 21.7225 0
      vertex 36 30 0
      vertex 19.6488 21.7654 0
    endloop
  endfacet
  facet normal 0 0 -1
    outer loop
      vertex -19.4775 21.7225 0
      vertex 19.4775 21.7225 0
      vertex 19.3112 21.663 0
    endloop
  endfacet
  facet normal 0 0 -1
    outer loop
      vertex -19.3112 21.663 0
      vertex 19.3112 21.663 0
      vertex 19.1515 21.5875 0
    endloop
  endfacet
  facet normal -0 0 -1
    outer loop
      vertex 18.7272 18.7272 0
      vertex 3.88909 3.88909 0
      vertex 18.6086 18.8581 0
    endloop
  endfacet
  facet normal 0 0 -1
    outer loop
      vertex 3.48916 4.25156 0
      vertex 18.6086 18.8581 0
      vertex 3.88909 3.88909 0
    endloop
  endfacet
  facet normal -0 0 -1
    outer loop
      vertex 18.6086 18.8581 0
      vertex 3.48916 4.25156 0
      vertex 18.5034 19 0
    endloop
  endfacet
  facet normal 0 0 -1
    outer loop
      vertex 3.05564 4.57308 0
      vertex 18.5034 19 0
      vertex 3.48916 4.25156 0
    endloop
  endfacet
  facet normal -0 0 -1
    outer loop
      vertex 18.5034 19 0
      vertex 3.05564 4.57308 0
      vertex 18.4125 19.1515 0
    endloop
  endfacet
  facet normal 0 0 -1
    outer loop
      vertex 2.59268 4.85057 0
      vertex 18.4125 19.1515 0
      vertex 3.05564 4.57308 0
    endloop
  endfacet
  facet normal -0 0 -1
    outer loop
      vertex 18.4125 19.1515 0
      vertex 2.59268 4.85057 0
      vertex 18.337 19.3112 0
    endloop
  endfacet
  facet normal -0 0 -1
    outer loop
      vertex 18.337 19.3112 0
      vertex 2.59268 4.85057 0
      vertex 18.2775 19.4775 0
    endloop
  endfacet
  facet normal 0 0 -1
    outer loop
      vertex 2.10476 5.08134 0
      vertex 18.2775 19.4775 0
      vertex 2.59268 4.85057 0
    endloop
  endfacet
  facet normal -0 0 -1
    outer loop
      vertex 18.2775 19.4775 0
      vertex 2.10476 5.08134 0
      vertex 18.2346 19.6488 0
    endloop
  endfacet
  facet normal 0 0 -1
    outer loop
      vertex 1.59657 5.26317 0
      vertex 18.2346 19.6488 0
      vertex 2.10476 5.08134 0
    endloop
  endfacet
  facet normal -0 0 -1
    outer loop
      vertex 18.2346 19.6488 0
      vertex 1.59657 5.26317 0
      vertex 18.2087 19.8236 0
    endloop
  endfacet
  facet normal 0 0 -1
    outer loop
      vertex 1.073 5.39432 0
      vertex 18.2087 19.8236 0
      vertex 1.59657 5.26317 0
    endloop
  endfacet
  facet normal -0 0 -1
    outer loop
      vertex 18.2087 19.8236 0
      vertex 1.073 5.39432 0
      vertex 18.2 20 0
    endloop
  endfacet
  facet normal 0 0 -1
    outer loop
      vertex 0.539094 5.47352 0
      vertex 18.2 20 0
      vertex 1.073 5.39432 0
    endloop
  endfacet
  facet normal -0 0 -1
    outer loop
      vertex 18.2 20 0
      vertex 0.539094 5.47352 0
      vertex 18.2087 20.1764 0
    endloop
  endfacet
  facet normal -0 0 -1
    outer loop
      vertex 18.2087 20.1764 0
      vertex 0.539094 5.47352 0
      vertex 18.2346 20.3512 0
    endloop
  endfacet
  facet normal 0 0 -1
    outer loop
      vertex 0 5.5 0
      vertex 18.2346 20.3512 0
      vertex 0.539094 5.47352 0
    endloop
  endfacet
  facet normal 0 0 -1
    outer loop
      vertex -18.2346 20.3512 0
      vertex 18.2346 20.3512 0
      vertex 0 5.5 0
    endloop
  endfacet
  facet normal 0 0 -1
    outer loop
      vertex 18.2346 20.3512 0
      vertex -18.2346 20.3512 0
      vertex 18.2775 20.5225 0
    endloop
  endfacet
  facet normal 0 0 -1
    outer loop
      vertex -18.2775 20.5225 0
      vertex 18.2775 20.5225 0
      vertex -18.2346 20.3512 0
    endloop
  endfacet
  facet normal 0 0 -1
    outer loop
      vertex 18.2775 20.5225 0
      vertex -18.2775 20.5225 0
      vertex 18.337 20.6888 0
    endloop
  endfacet
  facet normal 0 0 -1
    outer loop
      vertex -18.337 20.6888 0
      vertex 18.337 20.6888 0
      vertex -18.2775 20.5225 0
    endloop
  endfacet
  facet normal 0 0 -1
    outer loop
      vertex 18.337 20.6888 0
      vertex -18.337 20.6888 0
      vertex 18.4125 20.8485 0
    endloop
  endfacet
  facet normal 0 0 -1
    outer loop
      vertex -18.4125 20.8485 0
      vertex 18.4125 20.8485 0
      vertex -18.337 20.6888 0
    endloop
  endfacet
  facet normal 0 0 -1
    outer loop
      vertex -18.2346 20.3512 0
      vertex 0 5.5 0
      vertex -0.539094 5.47352 0
    endloop
  endfacet
  facet normal 0 0 -1
    outer loop
      vertex -18.2 20 0
      vertex -0.539094 5.47352 0
      vertex -1.073 5.39432 0
    endloop
  endfacet
  facet normal 0 0 -1
    outer loop
      vertex -18.2 20 0
      vertex -1.073 5.39432 0
      vertex -1.59657 5.26317 0
    endloop
  endfacet
  facet normal 0 0 -1
    outer loop
      vertex -18.2 20 0
      vertex -1.59657 5.26317 0
      vertex -2.10476 5.08134 0
    endloop
  endfacet
  facet normal 0 0 -1
    outer loop
      vertex -18.2 20 0
      vertex -2.10476 5.08134 0
      vertex -2.59268 4.85057 0
    endloop
  endfacet
  facet normal 0 0 -1
    outer loop
      vertex -18.2 20 0
      vertex -2.59268 4.85057 0
      vertex -3.05564 4.57308 0
    endloop
  endfacet
  facet normal 0 0 -1
    outer loop
      vertex -18.2 20 0
      vertex -3.05564 4.57308 0
      vertex -3.48916 4.25156 0
    endloop
  endfacet
  facet normal 0 0 -1
    outer loop
      vertex -18.8581 -18.6086 0
      vertex -3.88909 -3.88909 0
      vertex -18.7272 -18.7272 0
    endloop
  endfacet
  facet normal 0 0 -1
    outer loop
      vertex -5.5 0 0
      vertex -18.2 20 0
      vertex -5.47352 0.539094 0
    endloop
  endfacet
  facet normal 0 0 -1
    outer loop
      vertex -5.47352 0.539094 0
      vertex -18.2 20 0
      vertex -5.39432 1.073 0
    endloop
  endfacet
  facet normal 0 0 -1
    outer loop
      vertex -5.39432 1.073 0
      vertex -18.2 20 0
      vertex -5.26317 1.59657 0
    endloop
  endfacet
  facet normal 0 0 -1
    outer loop
      vertex -5.26317 1.59657 0
      vertex -18.2 20 0
      vertex -5.08134 2.10476 0
    endloop
  endfacet
  facet normal 0 0 -1
    outer loop
      vertex -5.08134 2.10476 0
      vertex -18.2 20 0
      vertex -4.85057 2.59268 0
    endloop
  endfacet
  facet normal 0 0 -1
    outer loop
      vertex -18.2 20 0
      vertex -4.57308 3.05564 0
      vertex -4.85057 2.59268 0
    endloop
  endfacet
  facet normal 0 0 -1
    outer loop
      vertex -18.2 20 0
      vertex -4.25156 3.48916 0
      vertex -4.57308 3.05564 0
    endloop
  endfacet
  facet normal 0 0 -1
    outer loop
      vertex -18.2 20 0
      vertex -3.88909 3.88909 0
      vertex -4.25156 3.48916 0
    endloop
  endfacet
  facet normal 0 0 -1
    outer loop
      vertex -18.2 20 0
      vertex -3.48916 4.25156 0
      vertex -3.88909 3.88909 0
    endloop
  endfacet
  facet normal 0 0 -1
    outer loop
      vertex -0.539094 5.47352 0
      vertex -18.2 20 0
      vertex -18.2087 20.1764 0
    endloop
  endfacet
  facet normal 0 0 -1
    outer loop
      vertex -0.539094 5.47352 0
      vertex -18.2087 20.1764 0
      vertex -18.2346 20.3512 0
    endloop
  endfacet
  facet normal 0 0 -1
    outer loop
      vertex 18.4125 20.8485 0
      vertex -18.4125 20.8485 0
      vertex 18.5034 21 0
    endloop
  endfacet
  facet normal 0 0 -1
    outer loop
      vertex -18.5034 21 0
      vertex 18.5034 21 0
      vertex -18.4125 20.8485 0
    endloop
  endfacet
  facet normal 0 0 -1
    outer loop
      vertex 18.5034 21 0
      vertex -18.5034 21 0
      vertex 18.6086 21.1419 0
    endloop
  endfacet
  facet normal 0 0 -1
    outer loop
      vertex -18.6086 21.1419 0
      vertex 18.6086 21.1419 0
      vertex -18.5034 21 0
    endloop
  endfacet
  facet normal 0 0 -1
    outer loop
      vertex 18.6086 21.1419 0
      vertex -18.6086 21.1419 0
      vertex 18.7272 21.2728 0
    endloop
  endfacet
  facet normal 0 0 -1
    outer loop
      vertex -18.7272 21.2728 0
      vertex 18.7272 21.2728 0
      vertex -18.6086 21.1419 0
    endloop
  endfacet
  facet normal 0 0 -1
    outer loop
      vertex 18.7272 21.2728 0
      vertex -18.7272 21.2728 0
      vertex 18.8581 21.3914 0
    endloop
  endfacet
  facet normal 0 0 -1
    outer loop
      vertex -18.8581 21.3914 0
      vertex 18.8581 21.3914 0
      vertex -18.7272 21.2728 0
    endloop
  endfacet
  facet normal 0 0 -1
    outer loop
      vertex 18.8581 21.3914 0
      vertex -18.8581 21.3914 0
      vertex 19 21.4966 0
    endloop
  endfacet
  facet normal 0 0 -1
    outer loop
      vertex -19 21.4966 0
      vertex 19 21.4966 0
      vertex -18.8581 21.3914 0
    endloop
  endfacet
  facet normal 0 0 -1
    outer loop
      vertex 19 21.4966 0
      vertex -19 21.4966 0
      vertex 19.1515 21.5875 0
    endloop
  endfacet
  facet normal 0 0 -1
    outer loop
      vertex -19.1515 21.5875 0
      vertex 19.1515 21.5875 0
      vertex -19 21.4966 0
    endloop
  endfacet
  facet normal 0 0 -1
    outer loop
      vertex -19.3112 21.663 0
      vertex 19.1515 21.5875 0
      vertex -19.1515 21.5875 0
    endloop
  endfacet
  facet normal 0 0 -1
    outer loop
      vertex 19.3112 21.663 0
      vertex -19.3112 21.663 0
      vertex -19.4775 21.7225 0
    endloop
  endfacet
  facet normal 0 0 -1
    outer loop
      vertex 19.4775 21.7225 0
      vertex -19.4775 21.7225 0
      vertex 36 30 0
    endloop
  endfacet
  facet normal 0 0 -1
    outer loop
      vertex -36 30 0
      vertex -19.4775 21.7225 0
      vertex -19.6488 21.7654 0
    endloop
  endfacet
  facet normal 0 0 -1
    outer loop
      vertex -36 30 0
      vertex -19.6488 21.7654 0
      vertex -19.8236 21.7913 0
    endloop
  endfacet
  facet normal 0 0 -1
    outer loop
      vertex -36 30 0
      vertex -19.8236 21.7913 0
      vertex -20 21.8 0
    endloop
  endfacet
  facet normal 0 0 -1
    outer loop
      vertex -36 30 0
      vertex -20 21.8 0
      vertex -20.1764 21.7913 0
    endloop
  endfacet
  facet normal 0 0 -1
    outer loop
      vertex -21.7654 19.6488 0
      vertex -40 26 0
      vertex -21.7913 19.8236 0
    endloop
  endfacet
  facet normal 0 0 -1
    outer loop
      vertex -21.7913 19.8236 0
      vertex -40 26 0
      vertex -21.8 20 0
    endloop
  endfacet
  facet normal 0 0 -1
    outer loop
      vertex -21.8 20 0
      vertex -40 26 0
      vertex -21.7913 20.1764 0
    endloop
  endfacet
  facet normal 0 0 -1
    outer loop
      vertex -19.4775 21.7225 0
      vertex -36 30 0
      vertex 36 30 0
    endloop
  endfacet
  facet normal 0 0 -1
    outer loop
      vertex -20.3512 21.7654 0
      vertex -36 30 0
      vertex -20.1764 21.7913 0
    endloop
  endfacet
  facet normal 0 0 -1
    outer loop
      vertex -20.5225 21.7225 0
      vertex -36 30 0
      vertex -20.3512 21.7654 0
    endloop
  endfacet
  facet normal 0 0 -1
    outer loop
      vertex -20.6888 21.663 0
      vertex -36 30 0
      vertex -20.5225 21.7225 0
    endloop
  endfacet
  facet normal 0 0 -1
    outer loop
      vertex -20.8485 21.5875 0
      vertex -36 30 0
      vertex -20.6888 21.663 0
    endloop
  endfacet
  facet normal 0 0 -1
    outer loop
      vertex -21 21.4966 0
      vertex -36 30 0
      vertex -20.8485 21.5875 0
    endloop
  endfacet
  facet normal 0 0 -1
    outer loop
      vertex -21.1419 21.3914 0
      vertex -36 30 0
      vertex -21 21.4966 0
    endloop
  endfacet
  facet normal 0 0 -1
    outer loop
      vertex -21.2728 21.2728 0
      vertex -36 30 0
      vertex -21.1419 21.3914 0
    endloop
  endfacet
  facet normal 0 0 -1
    outer loop
      vertex -21.3914 21.1419 0
      vertex -36 30 0
      vertex -21.2728 21.2728 0
    endloop
  endfacet
  facet normal 0 0 -1
    outer loop
      vertex -21.4966 21 0
      vertex -36 30 0
      vertex -21.3914 21.1419 0
    endloop
  endfacet
  facet normal 0 0 -1
    outer loop
      vertex -21.5875 20.8485 0
      vertex -36 30 0
      vertex -21.4966 21 0
    endloop
  endfacet
  facet normal 0 0 -1
    outer loop
      vertex -21.663 20.6888 0
      vertex -36 30 0
      vertex -21.5875 20.8485 0
    endloop
  endfacet
  facet normal 0 0 -1
    outer loop
      vertex -21.7225 20.5225 0
      vertex -36 30 0
      vertex -21.663 20.6888 0
    endloop
  endfacet
  facet normal 0 -0 -1
    outer loop
      vertex -36 30 0
      vertex -21.7913 20.1764 0
      vertex -40 26 0
    endloop
  endfacet
  facet normal 0 0 -1
    outer loop
      vertex -40 -26 0
      vertex -36 -30 0
      vertex -36.3921 -29.9807 0
    endloop
  endfacet
  facet normal 0 0 -1
    outer loop
      vertex -21.7913 20.1764 0
      vertex -36 30 0
      vertex -21.7654 20.3512 0
    endloop
  endfacet
  facet normal 0 0 -1
    outer loop
      vertex -40 -26 0
      vertex -36.3921 -29.9807 0
      vertex -36.7804 -29.9231 0
    endloop
  endfacet
  facet normal 0 0 -1
    outer loop
      vertex -21.7654 20.3512 0
      vertex -36 30 0
      vertex -21.7225 20.5225 0
    endloop
  endfacet
  facet normal 0 0 -1
    outer loop
      vertex -40 -26 0
      vertex -36.7804 -29.9231 0
      vertex -37.1611 -29.8278 0
    endloop
  endfacet
  facet normal 0 0 -1
    outer loop
      vertex -36 30 0
      vertex -40 26 0
      vertex -36.3921 29.9807 0
    endloop
  endfacet
  facet normal 0 0 -1
    outer loop
      vertex -40 -26 0
      vertex -37.1611 -29.8278 0
      vertex -37.5307 -29.6955 0
    endloop
  endfacet
  facet normal 0 0 -1
    outer loop
      vertex -36.3921 29.9807 0
      vertex -40 26 0
      vertex -36.7804 29.9231 0
    endloop
  endfacet
  facet normal 0 0 -1
    outer loop
      vertex -40 -26 0
      vertex -37.5307 -29.6955 0
      vertex -37.8856 -29.5277 0
    endloop
  endfacet
  facet normal 0 0 -1
    outer loop
      vertex -36.7804 29.9231 0
      vertex -40 26 0
      vertex -37.1611 29.8278 0
    endloop
  endfacet
  facet normal 0 0 -1
    outer loop
      vertex -40 -26 0
      vertex -37.8856 -29.5277 0
      vertex -38.2223 -29.3259 0
    endloop
  endfacet
  facet normal 0 0 -1
    outer loop
      vertex -37.1611 29.8278 0
      vertex -40 26 0
      vertex -37.5307 29.6955 0
    endloop
  endfacet
  facet normal 0 0 -1
    outer loop
      vertex -40 -26 0
      vertex -38.2223 -29.3259 0
      vertex -38.5376 -29.092 0
    endloop
  endfacet
  facet normal 0 0 -1
    outer loop
      vertex -37.5307 29.6955 0
      vertex -40 26 0
      vertex -37.8856 29.5277 0
    endloop
  endfacet
  facet normal 0 0 -1
    outer loop
      vertex -40 -26 0
      vertex -38.5376 -29.092 0
      vertex -38.8284 -28.8284 0
    endloop
  endfacet
  facet normal 0 0 -1
    outer loop
      vertex -37.8856 29.5277 0
      vertex -40 26 0
      vertex -38.2223 29.3259 0
    endloop
  endfacet
  facet normal 0 0 -1
    outer loop
      vertex -40 -26 0
      vertex -38.8284 -28.8284 0
      vertex -39.092 -28.5376 0
    endloop
  endfacet
  facet normal 0 0 -1
    outer loop
      vertex -38.2223 29.3259 0
      vertex -40 26 0
      vertex -38.5376 29.092 0
    endloop
  endfacet
  facet normal 0 0 -1
    outer loop
      vertex -40 -26 0
      vertex -39.092 -28.5376 0
      vertex -39.3259 -28.2223 0
    endloop
  endfacet
  facet normal 0 0 -1
    outer loop
      vertex -38.5376 29.092 0
      vertex -40 26 0
      vertex -38.8284 28.8284 0
    endloop
  endfacet
  facet normal 0 0 -1
    outer loop
      vertex -40 -26 0
      vertex -39.3259 -28.2223 0
      vertex -39.5277 -27.8856 0
    endloop
  endfacet
  facet normal 0 0 -1
    outer loop
      vertex -38.8284 28.8284 0
      vertex -40 26 0
      vertex -39.092 28.5376 0
    endloop
  endfacet
  facet normal 0 0 -1
    outer loop
      vertex -40 -26 0
      vertex -39.5277 -27.8856 0
      vertex -39.6955 -27.5307 0
    endloop
  endfacet
  facet normal 0 0 -1
    outer loop
      vertex -39.092 28.5376 0
      vertex -40 26 0
      vertex -39.3259 28.2223 0
    endloop
  endfacet
  facet normal 0 0 -1
    outer loop
      vertex -40 -26 0
      vertex -39.6955 -27.5307 0
      vertex -39.8278 -27.1611 0
    endloop
  endfacet
  facet normal 0 0 -1
    outer loop
      vertex -39.3259 28.2223 0
      vertex -40 26 0
      vertex -39.5277 27.8856 0
    endloop
  endfacet
  facet normal 0 0 -1
    outer loop
      vertex -40 -26 0
      vertex -39.8278 -27.1611 0
      vertex -39.9231 -26.7804 0
    endloop
  endfacet
  facet normal 0 0 -1
    outer loop
      vertex -39.5277 27.8856 0
      vertex -40 26 0
      vertex -39.6955 27.5307 0
    endloop
  endfacet
  facet normal 0 0 -1
    outer loop
      vertex -40 -26 0
      vertex -39.9231 -26.7804 0
      vertex -39.9807 -26.3921 0
    endloop
  endfacet
  facet normal 0 0 -1
    outer loop
      vertex -39.6955 27.5307 0
      vertex -40 26 0
      vertex -39.8278 27.1611 0
    endloop
  endfacet
  facet normal 0 0 -1
    outer loop
      vertex -39.8278 27.1611 0
      vertex -40 26 0
      vertex -39.9231 26.7804 0
    endloop
  endfacet
  facet normal 0 0 -1
    outer loop
      vertex -39.9231 26.7804 0
      vertex -40 26 0
      vertex -39.9807 26.3921 0
    endloop
  endfacet
  facet normal 0.336901 -0.94154 0
    outer loop
      vertex -1.30112 3.14119 3.8
      vertex -0.986967 3.2536 8
      vertex -1.30112 3.14119 8
    endloop
  endfacet
  facet normal 0.336901 -0.94154 0
    outer loop
      vertex -0.986967 3.2536 8
      vertex -1.30112 3.14119 3.8
      vertex -0.986967 3.2536 3.8
    endloop
  endfacet
  facet normal -0.989176 -0.146736 0
    outer loop
      vertex 3.38363 0.333258 3.8
      vertex 3.33467 0.663306 8
      vertex 3.33467 0.663306 3.8
    endloop
  endfacet
  facet normal -0.989176 -0.146736 0
    outer loop
      vertex 3.33467 0.663306 8
      vertex 3.38363 0.333258 3.8
      vertex 3.38363 0.333258 8
    endloop
  endfacet
  facet normal -0.998796 -0.0490619 0
    outer loop
      vertex 3.4 0 3.8
      vertex 3.38363 0.333258 8
      vertex 3.38363 0.333258 3.8
    endloop
  endfacet
  facet normal -0.998796 -0.0490619 0
    outer loop
      vertex 3.38363 0.333258 8
      vertex 3.4 0 3.8
      vertex 3.4 0 8
    endloop
  endfacet
  facet normal -0.970033 -0.242972 0
    outer loop
      vertex 3.33467 0.663306 3.8
      vertex 3.2536 0.986967 8
      vertex 3.2536 0.986967 3.8
    endloop
  endfacet
  facet normal -0.970033 -0.242972 0
    outer loop
      vertex 3.2536 0.986967 8
      vertex 3.33467 0.663306 3.8
      vertex 3.33467 0.663306 8
    endloop
  endfacet
  facet normal 0.51409 0.857736 -0
    outer loop
      vertex -1.60275 -2.99853 3.8
      vertex -1.88894 -2.827 8
      vertex -1.60275 -2.99853 8
    endloop
  endfacet
  facet normal 0.51409 0.857736 0
    outer loop
      vertex -1.88894 -2.827 8
      vertex -1.60275 -2.99853 3.8
      vertex -1.88894 -2.827 3.8
    endloop
  endfacet
  facet normal -0.90399 -0.427554 0
    outer loop
      vertex 3.14119 1.30112 3.8
      vertex 2.99853 1.60275 8
      vertex 2.99853 1.60275 3.8
    endloop
  endfacet
  facet normal -0.90399 -0.427554 0
    outer loop
      vertex 2.99853 1.60275 8
      vertex 3.14119 1.30112 3.8
      vertex 3.14119 1.30112 8
    endloop
  endfacet
  facet normal -0.998796 0.0490619 0
    outer loop
      vertex 3.38363 -0.333258 3.8
      vertex 3.4 0 8
      vertex 3.4 0 3.8
    endloop
  endfacet
  facet normal -0.998796 0.0490619 0
    outer loop
      vertex 3.4 0 8
      vertex 3.38363 -0.333258 3.8
      vertex 3.38363 -0.333258 8
    endloop
  endfacet
  facet normal 0.90399 -0.427554 0
    outer loop
      vertex -3.14119 1.30112 8
      vertex -2.99853 1.60275 3.8
      vertex -2.99853 1.60275 8
    endloop
  endfacet
  facet normal 0.90399 -0.427554 0
    outer loop
      vertex -2.99853 1.60275 3.8
      vertex -3.14119 1.30112 8
      vertex -3.14119 1.30112 3.8
    endloop
  endfacet
  facet normal 0.242972 0.970033 -0
    outer loop
      vertex -0.663306 -3.33467 3.8
      vertex -0.986967 -3.2536 8
      vertex -0.663306 -3.33467 8
    endloop
  endfacet
  facet normal 0.242972 0.970033 0
    outer loop
      vertex -0.986967 -3.2536 8
      vertex -0.663306 -3.33467 3.8
      vertex -0.986967 -3.2536 3.8
    endloop
  endfacet
  facet normal 0.427554 0.90399 -0
    outer loop
      vertex -1.30112 -3.14119 3.8
      vertex -1.60275 -2.99853 8
      vertex -1.30112 -3.14119 8
    endloop
  endfacet
  facet normal 0.427554 0.90399 0
    outer loop
      vertex -1.60275 -2.99853 8
      vertex -1.30112 -3.14119 3.8
      vertex -1.60275 -2.99853 3.8
    endloop
  endfacet
  facet normal -0.803197 0.595714 0
    outer loop
      vertex 2.62823 -2.15694 3.8
      vertex 2.827 -1.88894 8
      vertex 2.827 -1.88894 3.8
    endloop
  endfacet
  facet normal -0.803197 0.595714 0
    outer loop
      vertex 2.827 -1.88894 8
      vertex 2.62823 -2.15694 3.8
      vertex 2.62823 -2.15694 8
    endloop
  endfacet
  facet normal 0.857736 -0.51409 0
    outer loop
      vertex -2.99853 1.60275 8
      vertex -2.827 1.88894 3.8
      vertex -2.827 1.88894 8
    endloop
  endfacet
  facet normal 0.857736 -0.51409 0
    outer loop
      vertex -2.827 1.88894 3.8
      vertex -2.99853 1.60275 8
      vertex -2.99853 1.60275 3.8
    endloop
  endfacet
  facet normal 0.336901 0.94154 -0
    outer loop
      vertex -0.986967 -3.2536 3.8
      vertex -1.30112 -3.14119 8
      vertex -0.986967 -3.2536 8
    endloop
  endfacet
  facet normal 0.336901 0.94154 0
    outer loop
      vertex -1.30112 -3.14119 8
      vertex -0.986967 -3.2536 3.8
      vertex -1.30112 -3.14119 3.8
    endloop
  endfacet
  facet normal 0.0490619 -0.998796 0
    outer loop
      vertex -0.333258 3.38363 3.8
      vertex 0 3.4 8
      vertex -0.333258 3.38363 8
    endloop
  endfacet
  facet normal 0.0490619 -0.998796 0
    outer loop
      vertex 0 3.4 8
      vertex -0.333258 3.38363 3.8
      vertex 0 3.4 3.8
    endloop
  endfacet
  facet normal 0.146736 0.989176 -0
    outer loop
      vertex -0.333258 -3.38363 3.8
      vertex -0.663306 -3.33467 8
      vertex -0.333258 -3.38363 8
    endloop
  endfacet
  facet normal 0.146736 0.989176 0
    outer loop
      vertex -0.663306 -3.33467 8
      vertex -0.333258 -3.38363 3.8
      vertex -0.663306 -3.33467 3.8
    endloop
  endfacet
  facet normal 0.803197 -0.595714 0
    outer loop
      vertex -2.827 1.88894 8
      vertex -2.62823 2.15694 3.8
      vertex -2.62823 2.15694 8
    endloop
  endfacet
  facet normal 0.803197 -0.595714 0
    outer loop
      vertex -2.62823 2.15694 3.8
      vertex -2.827 1.88894 8
      vertex -2.827 1.88894 3.8
    endloop
  endfacet
  facet normal 0.740947 0.671564 0
    outer loop
      vertex -2.40416 -2.40416 8
      vertex -2.62823 -2.15694 3.8
      vertex -2.62823 -2.15694 8
    endloop
  endfacet
  facet normal 0.740947 0.671564 0
    outer loop
      vertex -2.62823 -2.15694 3.8
      vertex -2.40416 -2.40416 8
      vertex -2.40416 -2.40416 3.8
    endloop
  endfacet
  facet normal 0.146736 -0.989176 0
    outer loop
      vertex -0.663306 3.33467 3.8
      vertex -0.333258 3.38363 8
      vertex -0.663306 3.33467 8
    endloop
  endfacet
  facet normal 0.146736 -0.989176 0
    outer loop
      vertex -0.333258 3.38363 8
      vertex -0.663306 3.33467 3.8
      vertex -0.333258 3.38363 3.8
    endloop
  endfacet
  facet normal 0.242972 -0.970033 0
    outer loop
      vertex -0.986967 3.2536 3.8
      vertex -0.663306 3.33467 8
      vertex -0.986967 3.2536 8
    endloop
  endfacet
  facet normal 0.242972 -0.970033 0
    outer loop
      vertex -0.663306 3.33467 8
      vertex -0.986967 3.2536 3.8
      vertex -0.663306 3.33467 3.8
    endloop
  endfacet
  facet normal -0.242972 -0.970033 0
    outer loop
      vertex 0.663306 3.33467 3.8
      vertex 0.986967 3.2536 8
      vertex 0.663306 3.33467 8
    endloop
  endfacet
  facet normal -0.242972 -0.970033 -0
    outer loop
      vertex 0.986967 3.2536 8
      vertex 0.663306 3.33467 3.8
      vertex 0.986967 3.2536 3.8
    endloop
  endfacet
  facet normal 0.51409 -0.857736 0
    outer loop
      vertex -1.88894 2.827 3.8
      vertex -1.60275 2.99853 8
      vertex -1.88894 2.827 8
    endloop
  endfacet
  facet normal 0.51409 -0.857736 0
    outer loop
      vertex -1.60275 2.99853 8
      vertex -1.88894 2.827 3.8
      vertex -1.60275 2.99853 3.8
    endloop
  endfacet
  facet normal -0.0490619 0.998796 0
    outer loop
      vertex 0.333258 -3.38363 3.8
      vertex 0 -3.4 8
      vertex 0.333258 -3.38363 8
    endloop
  endfacet
  facet normal -0.0490619 0.998796 0
    outer loop
      vertex 0 -3.4 8
      vertex 0.333258 -3.38363 3.8
      vertex 0 -3.4 3.8
    endloop
  endfacet
  facet normal -0.427554 -0.90399 0
    outer loop
      vertex 1.30112 3.14119 3.8
      vertex 1.60275 2.99853 8
      vertex 1.30112 3.14119 8
    endloop
  endfacet
  facet normal -0.427554 -0.90399 -0
    outer loop
      vertex 1.60275 2.99853 8
      vertex 1.30112 3.14119 3.8
      vertex 1.60275 2.99853 3.8
    endloop
  endfacet
  facet normal -0.740947 0.671564 0
    outer loop
      vertex 2.40416 -2.40416 3.8
      vertex 2.62823 -2.15694 8
      vertex 2.62823 -2.15694 3.8
    endloop
  endfacet
  facet normal -0.740947 0.671564 0
    outer loop
      vertex 2.62823 -2.15694 8
      vertex 2.40416 -2.40416 3.8
      vertex 2.40416 -2.40416 8
    endloop
  endfacet
  facet normal 0.989176 -0.146736 0
    outer loop
      vertex -3.38363 0.333258 8
      vertex -3.33467 0.663306 3.8
      vertex -3.33467 0.663306 8
    endloop
  endfacet
  facet normal 0.989176 -0.146736 0
    outer loop
      vertex -3.33467 0.663306 3.8
      vertex -3.38363 0.333258 8
      vertex -3.38363 0.333258 3.8
    endloop
  endfacet
  facet normal -0.146736 0.989176 0
    outer loop
      vertex 0.663306 -3.33467 3.8
      vertex 0.333258 -3.38363 8
      vertex 0.663306 -3.33467 8
    endloop
  endfacet
  facet normal -0.146736 0.989176 0
    outer loop
      vertex 0.333258 -3.38363 8
      vertex 0.663306 -3.33467 3.8
      vertex 0.333258 -3.38363 3.8
    endloop
  endfacet
  facet normal 0.671564 -0.740947 0
    outer loop
      vertex -2.40416 2.40416 3.8
      vertex -2.15694 2.62823 8
      vertex -2.40416 2.40416 8
    endloop
  endfacet
  facet normal 0.671564 -0.740947 0
    outer loop
      vertex -2.15694 2.62823 8
      vertex -2.40416 2.40416 3.8
      vertex -2.15694 2.62823 3.8
    endloop
  endfacet
  facet normal -0.94154 -0.336901 0
    outer loop
      vertex 3.2536 0.986967 3.8
      vertex 3.14119 1.30112 8
      vertex 3.14119 1.30112 3.8
    endloop
  endfacet
  facet normal -0.94154 -0.336901 0
    outer loop
      vertex 3.14119 1.30112 8
      vertex 3.2536 0.986967 3.8
      vertex 3.2536 0.986967 8
    endloop
  endfacet
  facet normal -0.803197 -0.595714 0
    outer loop
      vertex 2.827 1.88894 3.8
      vertex 2.62823 2.15694 8
      vertex 2.62823 2.15694 3.8
    endloop
  endfacet
  facet normal -0.803197 -0.595714 0
    outer loop
      vertex 2.62823 2.15694 8
      vertex 2.827 1.88894 3.8
      vertex 2.827 1.88894 8
    endloop
  endfacet
  facet normal -0.51409 0.857736 0
    outer loop
      vertex 1.88894 -2.827 3.8
      vertex 1.60275 -2.99853 8
      vertex 1.88894 -2.827 8
    endloop
  endfacet
  facet normal -0.51409 0.857736 0
    outer loop
      vertex 1.60275 -2.99853 8
      vertex 1.88894 -2.827 3.8
      vertex 1.60275 -2.99853 3.8
    endloop
  endfacet
  facet normal 0.94154 0.336901 0
    outer loop
      vertex -3.14119 -1.30112 8
      vertex -3.2536 -0.986967 3.8
      vertex -3.2536 -0.986967 8
    endloop
  endfacet
  facet normal 0.94154 0.336901 0
    outer loop
      vertex -3.2536 -0.986967 3.8
      vertex -3.14119 -1.30112 8
      vertex -3.14119 -1.30112 3.8
    endloop
  endfacet
  facet normal -0.94154 0.336901 0
    outer loop
      vertex 3.14119 -1.30112 3.8
      vertex 3.2536 -0.986967 8
      vertex 3.2536 -0.986967 3.8
    endloop
  endfacet
  facet normal -0.94154 0.336901 0
    outer loop
      vertex 3.2536 -0.986967 8
      vertex 3.14119 -1.30112 3.8
      vertex 3.14119 -1.30112 8
    endloop
  endfacet
  facet normal -0.336901 0.94154 0
    outer loop
      vertex 1.30112 -3.14119 3.8
      vertex 0.986967 -3.2536 8
      vertex 1.30112 -3.14119 8
    endloop
  endfacet
  facet normal -0.336901 0.94154 0
    outer loop
      vertex 0.986967 -3.2536 8
      vertex 1.30112 -3.14119 3.8
      vertex 0.986967 -3.2536 3.8
    endloop
  endfacet
  facet normal -0.0490619 -0.998796 0
    outer loop
      vertex 0 3.4 3.8
      vertex 0.333258 3.38363 8
      vertex 0 3.4 8
    endloop
  endfacet
  facet normal -0.0490619 -0.998796 -0
    outer loop
      vertex 0.333258 3.38363 8
      vertex 0 3.4 3.8
      vertex 0.333258 3.38363 3.8
    endloop
  endfacet
  facet normal -0.857736 0.51409 0
    outer loop
      vertex 2.827 -1.88894 3.8
      vertex 2.99853 -1.60275 8
      vertex 2.99853 -1.60275 3.8
    endloop
  endfacet
  facet normal -0.857736 0.51409 0
    outer loop
      vertex 2.99853 -1.60275 8
      vertex 2.827 -1.88894 3.8
      vertex 2.827 -1.88894 8
    endloop
  endfacet
  facet normal 0.803197 0.595714 0
    outer loop
      vertex -2.62823 -2.15694 8
      vertex -2.827 -1.88894 3.8
      vertex -2.827 -1.88894 8
    endloop
  endfacet
  facet normal 0.803197 0.595714 0
    outer loop
      vertex -2.827 -1.88894 3.8
      vertex -2.62823 -2.15694 8
      vertex -2.62823 -2.15694 3.8
    endloop
  endfacet
  facet normal -0.242972 0.970033 0
    outer loop
      vertex 0.986967 -3.2536 3.8
      vertex 0.663306 -3.33467 8
      vertex 0.986967 -3.2536 8
    endloop
  endfacet
  facet normal -0.242972 0.970033 0
    outer loop
      vertex 0.663306 -3.33467 8
      vertex 0.986967 -3.2536 3.8
      vertex 0.663306 -3.33467 3.8
    endloop
  endfacet
  facet normal -0.671564 -0.740947 0
    outer loop
      vertex 2.15694 2.62823 3.8
      vertex 2.40416 2.40416 8
      vertex 2.15694 2.62823 8
    endloop
  endfacet
  facet normal -0.671564 -0.740947 -0
    outer loop
      vertex 2.40416 2.40416 8
      vertex 2.15694 2.62823 3.8
      vertex 2.40416 2.40416 3.8
    endloop
  endfacet
  facet normal -0.740947 -0.671564 0
    outer loop
      vertex 2.62823 2.15694 3.8
      vertex 2.40416 2.40416 8
      vertex 2.40416 2.40416 3.8
    endloop
  endfacet
  facet normal -0.740947 -0.671564 0
    outer loop
      vertex 2.40416 2.40416 8
      vertex 2.62823 2.15694 3.8
      vertex 2.62823 2.15694 8
    endloop
  endfacet
  facet normal -0.595714 -0.803197 0
    outer loop
      vertex 1.88894 2.827 3.8
      vertex 2.15694 2.62823 8
      vertex 1.88894 2.827 8
    endloop
  endfacet
  facet normal -0.595714 -0.803197 -0
    outer loop
      vertex 2.15694 2.62823 8
      vertex 1.88894 2.827 3.8
      vertex 2.15694 2.62823 3.8
    endloop
  endfacet
  facet normal 0.970033 -0.242972 0
    outer loop
      vertex -3.33467 0.663306 8
      vertex -3.2536 0.986967 3.8
      vertex -3.2536 0.986967 8
    endloop
  endfacet
  facet normal 0.970033 -0.242972 0
    outer loop
      vertex -3.2536 0.986967 3.8
      vertex -3.33467 0.663306 8
      vertex -3.33467 0.663306 3.8
    endloop
  endfacet
  facet normal -0.51409 -0.857736 0
    outer loop
      vertex 1.60275 2.99853 3.8
      vertex 1.88894 2.827 8
      vertex 1.60275 2.99853 8
    endloop
  endfacet
  facet normal -0.51409 -0.857736 -0
    outer loop
      vertex 1.88894 2.827 8
      vertex 1.60275 2.99853 3.8
      vertex 1.88894 2.827 3.8
    endloop
  endfacet
  facet normal 0.427554 -0.90399 0
    outer loop
      vertex -1.60275 2.99853 3.8
      vertex -1.30112 3.14119 8
      vertex -1.60275 2.99853 8
    endloop
  endfacet
  facet normal 0.427554 -0.90399 0
    outer loop
      vertex -1.30112 3.14119 8
      vertex -1.60275 2.99853 3.8
      vertex -1.30112 3.14119 3.8
    endloop
  endfacet
  facet normal -0.970033 0.242972 0
    outer loop
      vertex 3.2536 -0.986967 3.8
      vertex 3.33467 -0.663306 8
      vertex 3.33467 -0.663306 3.8
    endloop
  endfacet
  facet normal -0.970033 0.242972 0
    outer loop
      vertex 3.33467 -0.663306 8
      vertex 3.2536 -0.986967 3.8
      vertex 3.2536 -0.986967 8
    endloop
  endfacet
  facet normal -0.336901 -0.94154 0
    outer loop
      vertex 0.986967 3.2536 3.8
      vertex 1.30112 3.14119 8
      vertex 0.986967 3.2536 8
    endloop
  endfacet
  facet normal -0.336901 -0.94154 -0
    outer loop
      vertex 1.30112 3.14119 8
      vertex 0.986967 3.2536 3.8
      vertex 1.30112 3.14119 3.8
    endloop
  endfacet
  facet normal -0.989176 0.146736 0
    outer loop
      vertex 3.33467 -0.663306 3.8
      vertex 3.38363 -0.333258 8
      vertex 3.38363 -0.333258 3.8
    endloop
  endfacet
  facet normal -0.989176 0.146736 0
    outer loop
      vertex 3.38363 -0.333258 8
      vertex 3.33467 -0.663306 3.8
      vertex 3.33467 -0.663306 8
    endloop
  endfacet
  facet normal -0.857736 -0.51409 0
    outer loop
      vertex 2.99853 1.60275 3.8
      vertex 2.827 1.88894 8
      vertex 2.827 1.88894 3.8
    endloop
  endfacet
  facet normal -0.857736 -0.51409 0
    outer loop
      vertex 2.827 1.88894 8
      vertex 2.99853 1.60275 3.8
      vertex 2.99853 1.60275 8
    endloop
  endfacet
  facet normal 0.94154 -0.336901 0
    outer loop
      vertex -3.2536 0.986967 8
      vertex -3.14119 1.30112 3.8
      vertex -3.14119 1.30112 8
    endloop
  endfacet
  facet normal 0.94154 -0.336901 0
    outer loop
      vertex -3.14119 1.30112 3.8
      vertex -3.2536 0.986967 8
      vertex -3.2536 0.986967 3.8
    endloop
  endfacet
  facet normal 0.0490619 0.998796 -0
    outer loop
      vertex 0 -3.4 3.8
      vertex -0.333258 -3.38363 8
      vertex 0 -3.4 8
    endloop
  endfacet
  facet normal 0.0490619 0.998796 0
    outer loop
      vertex -0.333258 -3.38363 8
      vertex 0 -3.4 3.8
      vertex -0.333258 -3.38363 3.8
    endloop
  endfacet
  facet normal 0.970033 0.242972 0
    outer loop
      vertex -3.2536 -0.986967 8
      vertex -3.33467 -0.663306 3.8
      vertex -3.33467 -0.663306 8
    endloop
  endfacet
  facet normal 0.970033 0.242972 0
    outer loop
      vertex -3.33467 -0.663306 3.8
      vertex -3.2536 -0.986967 8
      vertex -3.2536 -0.986967 3.8
    endloop
  endfacet
  facet normal 0.90399 0.427554 0
    outer loop
      vertex -2.99853 -1.60275 8
      vertex -3.14119 -1.30112 3.8
      vertex -3.14119 -1.30112 8
    endloop
  endfacet
  facet normal 0.90399 0.427554 0
    outer loop
      vertex -3.14119 -1.30112 3.8
      vertex -2.99853 -1.60275 8
      vertex -2.99853 -1.60275 3.8
    endloop
  endfacet
  facet normal 0.857736 0.51409 0
    outer loop
      vertex -2.827 -1.88894 8
      vertex -2.99853 -1.60275 3.8
      vertex -2.99853 -1.60275 8
    endloop
  endfacet
  facet normal 0.857736 0.51409 0
    outer loop
      vertex -2.99853 -1.60275 3.8
      vertex -2.827 -1.88894 8
      vertex -2.827 -1.88894 3.8
    endloop
  endfacet
  facet normal 0.595714 0.803197 -0
    outer loop
      vertex -1.88894 -2.827 3.8
      vertex -2.15694 -2.62823 8
      vertex -1.88894 -2.827 8
    endloop
  endfacet
  facet normal 0.595714 0.803197 0
    outer loop
      vertex -2.15694 -2.62823 8
      vertex -1.88894 -2.827 3.8
      vertex -2.15694 -2.62823 3.8
    endloop
  endfacet
  facet normal 0.740947 -0.671564 0
    outer loop
      vertex -2.62823 2.15694 8
      vertex -2.40416 2.40416 3.8
      vertex -2.40416 2.40416 8
    endloop
  endfacet
  facet normal 0.740947 -0.671564 0
    outer loop
      vertex -2.40416 2.40416 3.8
      vertex -2.62823 2.15694 8
      vertex -2.62823 2.15694 3.8
    endloop
  endfacet
  facet normal -0.595714 0.803197 0
    outer loop
      vertex 2.15694 -2.62823 3.8
      vertex 1.88894 -2.827 8
      vertex 2.15694 -2.62823 8
    endloop
  endfacet
  facet normal -0.595714 0.803197 0
    outer loop
      vertex 1.88894 -2.827 8
      vertex 2.15694 -2.62823 3.8
      vertex 1.88894 -2.827 3.8
    endloop
  endfacet
  facet normal -0.90399 0.427554 0
    outer loop
      vertex 2.99853 -1.60275 3.8
      vertex 3.14119 -1.30112 8
      vertex 3.14119 -1.30112 3.8
    endloop
  endfacet
  facet normal -0.90399 0.427554 0
    outer loop
      vertex 3.14119 -1.30112 8
      vertex 2.99853 -1.60275 3.8
      vertex 2.99853 -1.60275 8
    endloop
  endfacet
  facet normal 0.998796 0.0490619 0
    outer loop
      vertex -3.38363 -0.333258 8
      vertex -3.4 0 3.8
      vertex -3.4 0 8
    endloop
  endfacet
  facet normal 0.998796 0.0490619 0
    outer loop
      vertex -3.4 0 3.8
      vertex -3.38363 -0.333258 8
      vertex -3.38363 -0.333258 3.8
    endloop
  endfacet
  facet normal 0.989176 0.146736 0
    outer loop
      vertex -3.33467 -0.663306 8
      vertex -3.38363 -0.333258 3.8
      vertex -3.38363 -0.333258 8
    endloop
  endfacet
  facet normal 0.989176 0.146736 0
    outer loop
      vertex -3.38363 -0.333258 3.8
      vertex -3.33467 -0.663306 8
      vertex -3.33467 -0.663306 3.8
    endloop
  endfacet
  facet normal 0.595714 -0.803197 0
    outer loop
      vertex -2.15694 2.62823 3.8
      vertex -1.88894 2.827 8
      vertex -2.15694 2.62823 8
    endloop
  endfacet
  facet normal 0.595714 -0.803197 0
    outer loop
      vertex -1.88894 2.827 8
      vertex -2.15694 2.62823 3.8
      vertex -1.88894 2.827 3.8
    endloop
  endfacet
  facet normal -0.427554 0.90399 0
    outer loop
      vertex 1.60275 -2.99853 3.8
      vertex 1.30112 -3.14119 8
      vertex 1.60275 -2.99853 8
    endloop
  endfacet
  facet normal -0.427554 0.90399 0
    outer loop
      vertex 1.30112 -3.14119 8
      vertex 1.60275 -2.99853 3.8
      vertex 1.30112 -3.14119 3.8
    endloop
  endfacet
  facet normal -0.671564 0.740947 0
    outer loop
      vertex 2.40416 -2.40416 3.8
      vertex 2.15694 -2.62823 8
      vertex 2.40416 -2.40416 8
    endloop
  endfacet
  facet normal -0.671564 0.740947 0
    outer loop
      vertex 2.15694 -2.62823 8
      vertex 2.40416 -2.40416 3.8
      vertex 2.15694 -2.62823 3.8
    endloop
  endfacet
  facet normal 0.998796 -0.0490619 0
    outer loop
      vertex -3.4 0 8
      vertex -3.38363 0.333258 3.8
      vertex -3.38363 0.333258 8
    endloop
  endfacet
  facet normal 0.998796 -0.0490619 0
    outer loop
      vertex -3.38363 0.333258 3.8
      vertex -3.4 0 8
      vertex -3.4 0 3.8
    endloop
  endfacet
  facet normal 0.671564 0.740947 -0
    outer loop
      vertex -2.15694 -2.62823 3.8
      vertex -2.40416 -2.40416 8
      vertex -2.15694 -2.62823 8
    endloop
  endfacet
  facet normal 0.671564 0.740947 0
    outer loop
      vertex -2.40416 -2.40416 8
      vertex -2.15694 -2.62823 3.8
      vertex -2.40416 -2.40416 3.8
    endloop
  endfacet
  facet normal -0.146736 -0.989176 0
    outer loop
      vertex 0.333258 3.38363 3.8
      vertex 0.663306 3.33467 8
      vertex 0.333258 3.38363 8
    endloop
  endfacet
  facet normal -0.146736 -0.989176 -0
    outer loop
      vertex 0.663306 3.33467 8
      vertex 0.333258 3.38363 3.8
      vertex 0.663306 3.33467 3.8
    endloop
  endfacet
  facet normal -0.998796 -0.0490603 0
    outer loop
      vertex 5.5 0 0
      vertex 5.47352 0.539094 3.8
      vertex 5.47352 0.539094 0
    endloop
  endfacet
  facet normal -0.998796 -0.0490603 0
    outer loop
      vertex 5.47352 0.539094 3.8
      vertex 5.5 0 0
      vertex 5.5 0 3.8
    endloop
  endfacet
  facet normal -0.740956 -0.671553 0
    outer loop
      vertex 4.25156 3.48916 0
      vertex 3.88909 3.88909 3.8
      vertex 3.88909 3.88909 0
    endloop
  endfacet
  facet normal -0.740956 -0.671553 0
    outer loop
      vertex 3.88909 3.88909 3.8
      vertex 4.25156 3.48916 0
      vertex 4.25156 3.48916 3.8
    endloop
  endfacet
  facet normal -0.989176 -0.146735 0
    outer loop
      vertex 5.47352 0.539094 0
      vertex 5.39432 1.073 3.8
      vertex 5.39432 1.073 0
    endloop
  endfacet
  facet normal -0.989176 -0.146735 0
    outer loop
      vertex 5.39432 1.073 3.8
      vertex 5.47352 0.539094 0
      vertex 5.47352 0.539094 3.8
    endloop
  endfacet
  facet normal 0.857727 -0.514106 0
    outer loop
      vertex -4.85057 2.59268 3.8
      vertex -4.57308 3.05564 0
      vertex -4.57308 3.05564 3.8
    endloop
  endfacet
  facet normal 0.857727 -0.514106 0
    outer loop
      vertex -4.57308 3.05564 0
      vertex -4.85057 2.59268 3.8
      vertex -4.85057 2.59268 0
    endloop
  endfacet
  facet normal -0.595699 0.803208 0
    outer loop
      vertex 3.48916 -4.25156 0
      vertex 3.05564 -4.57308 3.8
      vertex 3.48916 -4.25156 3.8
    endloop
  endfacet
  facet normal -0.595699 0.803208 0
    outer loop
      vertex 3.05564 -4.57308 3.8
      vertex 3.48916 -4.25156 0
      vertex 3.05564 -4.57308 0
    endloop
  endfacet
  facet normal -0.514106 -0.857727 0
    outer loop
      vertex 2.59268 4.85057 0
      vertex 3.05564 4.57308 3.8
      vertex 2.59268 4.85057 3.8
    endloop
  endfacet
  facet normal -0.514106 -0.857727 -0
    outer loop
      vertex 3.05564 4.57308 3.8
      vertex 2.59268 4.85057 0
      vertex 3.05564 4.57308 0
    endloop
  endfacet
  facet normal -0.941546 0.336884 0
    outer loop
      vertex 5.08134 -2.10476 0
      vertex 5.26317 -1.59657 3.8
      vertex 5.26317 -1.59657 0
    endloop
  endfacet
  facet normal -0.941546 0.336884 0
    outer loop
      vertex 5.26317 -1.59657 3.8
      vertex 5.08134 -2.10476 0
      vertex 5.08134 -2.10476 3.8
    endloop
  endfacet
  facet normal 0.336884 -0.941546 0
    outer loop
      vertex -2.10476 5.08134 0
      vertex -1.59657 5.26317 3.8
      vertex -2.10476 5.08134 3.8
    endloop
  endfacet
  facet normal 0.336884 -0.941546 0
    outer loop
      vertex -1.59657 5.26317 3.8
      vertex -2.10476 5.08134 0
      vertex -1.59657 5.26317 0
    endloop
  endfacet
  facet normal -0.0490603 -0.998796 0
    outer loop
      vertex 0 5.5 0
      vertex 0.539094 5.47352 3.8
      vertex 0 5.5 3.8
    endloop
  endfacet
  facet normal -0.0490603 -0.998796 -0
    outer loop
      vertex 0.539094 5.47352 3.8
      vertex 0 5.5 0
      vertex 0.539094 5.47352 0
    endloop
  endfacet
  facet normal -0.857727 0.514106 0
    outer loop
      vertex 4.57308 -3.05564 0
      vertex 4.85057 -2.59268 3.8
      vertex 4.85057 -2.59268 0
    endloop
  endfacet
  facet normal -0.857727 0.514106 0
    outer loop
      vertex 4.85057 -2.59268 3.8
      vertex 4.57308 -3.05564 0
      vertex 4.57308 -3.05564 3.8
    endloop
  endfacet
  facet normal 0.146735 0.989176 -0
    outer loop
      vertex -0.539094 -5.47352 0
      vertex -1.073 -5.39432 3.8
      vertex -0.539094 -5.47352 3.8
    endloop
  endfacet
  facet normal 0.146735 0.989176 0
    outer loop
      vertex -1.073 -5.39432 3.8
      vertex -0.539094 -5.47352 0
      vertex -1.073 -5.39432 0
    endloop
  endfacet
  facet normal -0.903989 -0.427557 0
    outer loop
      vertex 5.08134 2.10476 0
      vertex 4.85057 2.59268 3.8
      vertex 4.85057 2.59268 0
    endloop
  endfacet
  facet normal -0.903989 -0.427557 0
    outer loop
      vertex 4.85057 2.59268 3.8
      vertex 5.08134 2.10476 0
      vertex 5.08134 2.10476 3.8
    endloop
  endfacet
  facet normal 0 0 -1
    outer loop
      vertex 3.4 0 3.8
      vertex 5.5 0 3.8
      vertex 5.47352 -0.539094 3.8
    endloop
  endfacet
  facet normal 0 0 -1
    outer loop
      vertex 3.38363 -0.333258 3.8
      vertex 5.47352 -0.539094 3.8
      vertex 5.39432 -1.073 3.8
    endloop
  endfacet
  facet normal 0 0 -1
    outer loop
      vertex 5.5 0 3.8
      vertex 3.4 0 3.8
      vertex 5.47352 0.539094 3.8
    endloop
  endfacet
  facet normal 0 0 -1
    outer loop
      vertex 3.33467 -0.663306 3.8
      vertex 5.39432 -1.073 3.8
      vertex 5.26317 -1.59657 3.8
    endloop
  endfacet
  facet normal 0 0 -1
    outer loop
      vertex 3.38363 0.333258 3.8
      vertex 5.47352 0.539094 3.8
      vertex 3.4 0 3.8
    endloop
  endfacet
  facet normal 0 0 -1
    outer loop
      vertex 3.2536 -0.986967 3.8
      vertex 5.26317 -1.59657 3.8
      vertex 5.08134 -2.10476 3.8
    endloop
  endfacet
  facet normal -0 0 -1
    outer loop
      vertex 5.47352 0.539094 3.8
      vertex 3.38363 0.333258 3.8
      vertex 5.39432 1.073 3.8
    endloop
  endfacet
  facet normal 0 0 -1
    outer loop
      vertex 3.14119 -1.30112 3.8
      vertex 5.08134 -2.10476 3.8
      vertex 4.85057 -2.59268 3.8
    endloop
  endfacet
  facet normal 0 0 -1
    outer loop
      vertex 3.33467 0.663306 3.8
      vertex 5.39432 1.073 3.8
      vertex 3.38363 0.333258 3.8
    endloop
  endfacet
  facet normal 0 0 -1
    outer loop
      vertex 2.99853 -1.60275 3.8
      vertex 4.85057 -2.59268 3.8
      vertex 4.57308 -3.05564 3.8
    endloop
  endfacet
  facet normal -0 0 -1
    outer loop
      vertex 5.39432 1.073 3.8
      vertex 3.33467 0.663306 3.8
      vertex 5.26317 1.59657 3.8
    endloop
  endfacet
  facet normal 0 0 -1
    outer loop
      vertex 2.827 -1.88894 3.8
      vertex 4.57308 -3.05564 3.8
      vertex 4.25156 -3.48916 3.8
    endloop
  endfacet
  facet normal 0 0 -1
    outer loop
      vertex 3.2536 0.986967 3.8
      vertex 5.26317 1.59657 3.8
      vertex 3.33467 0.663306 3.8
    endloop
  endfacet
  facet normal 0 0 -1
    outer loop
      vertex 2.62823 -2.15694 3.8
      vertex 4.25156 -3.48916 3.8
      vertex 3.88909 -3.88909 3.8
    endloop
  endfacet
  facet normal -0 0 -1
    outer loop
      vertex 5.26317 1.59657 3.8
      vertex 3.2536 0.986967 3.8
      vertex 5.08134 2.10476 3.8
    endloop
  endfacet
  facet normal 0 0 -1
    outer loop
      vertex 2.40416 -2.40416 3.8
      vertex 3.88909 -3.88909 3.8
      vertex 3.48916 -4.25156 3.8
    endloop
  endfacet
  facet normal 0 0 -1
    outer loop
      vertex 3.14119 1.30112 3.8
      vertex 5.08134 2.10476 3.8
      vertex 3.2536 0.986967 3.8
    endloop
  endfacet
  facet normal -0 0 -1
    outer loop
      vertex 5.08134 2.10476 3.8
      vertex 3.14119 1.30112 3.8
      vertex 4.85057 2.59268 3.8
    endloop
  endfacet
  facet normal 0 0 -1
    outer loop
      vertex 5.47352 -0.539094 3.8
      vertex 3.38363 -0.333258 3.8
      vertex 3.4 0 3.8
    endloop
  endfacet
  facet normal 0 0 -1
    outer loop
      vertex 5.39432 -1.073 3.8
      vertex 3.33467 -0.663306 3.8
      vertex 3.38363 -0.333258 3.8
    endloop
  endfacet
  facet normal 0 0 -1
    outer loop
      vertex 5.26317 -1.59657 3.8
      vertex 3.2536 -0.986967 3.8
      vertex 3.33467 -0.663306 3.8
    endloop
  endfacet
  facet normal 0 0 -1
    outer loop
      vertex 5.08134 -2.10476 3.8
      vertex 3.14119 -1.30112 3.8
      vertex 3.2536 -0.986967 3.8
    endloop
  endfacet
  facet normal 0 0 -1
    outer loop
      vertex 2.15694 -2.62823 3.8
      vertex 3.48916 -4.25156 3.8
      vertex 3.05564 -4.57308 3.8
    endloop
  endfacet
  facet normal 0 0 -1
    outer loop
      vertex 4.85057 -2.59268 3.8
      vertex 2.99853 -1.60275 3.8
      vertex 3.14119 -1.30112 3.8
    endloop
  endfacet
  facet normal 0 0 -1
    outer loop
      vertex 4.57308 -3.05564 3.8
      vertex 2.827 -1.88894 3.8
      vertex 2.99853 -1.60275 3.8
    endloop
  endfacet
  facet normal 0 0 -1
    outer loop
      vertex 4.25156 -3.48916 3.8
      vertex 2.62823 -2.15694 3.8
      vertex 2.827 -1.88894 3.8
    endloop
  endfacet
  facet normal 0 0 -1
    outer loop
      vertex 1.88894 -2.827 3.8
      vertex 3.05564 -4.57308 3.8
      vertex 2.59268 -4.85057 3.8
    endloop
  endfacet
  facet normal 0 0 -1
    outer loop
      vertex 3.88909 -3.88909 3.8
      vertex 2.40416 -2.40416 3.8
      vertex 2.62823 -2.15694 3.8
    endloop
  endfacet
  facet normal 0 0 -1
    outer loop
      vertex 3.48916 -4.25156 3.8
      vertex 2.15694 -2.62823 3.8
      vertex 2.40416 -2.40416 3.8
    endloop
  endfacet
  facet normal 0 0 -1
    outer loop
      vertex 1.60275 -2.99853 3.8
      vertex 2.59268 -4.85057 3.8
      vertex 2.10476 -5.08134 3.8
    endloop
  endfacet
  facet normal 0 0 -1
    outer loop
      vertex 3.05564 -4.57308 3.8
      vertex 1.88894 -2.827 3.8
      vertex 2.15694 -2.62823 3.8
    endloop
  endfacet
  facet normal 0 0 -1
    outer loop
      vertex 2.59268 -4.85057 3.8
      vertex 1.60275 -2.99853 3.8
      vertex 1.88894 -2.827 3.8
    endloop
  endfacet
  facet normal 0 0 -1
    outer loop
      vertex 1.30112 -3.14119 3.8
      vertex 2.10476 -5.08134 3.8
      vertex 1.59657 -5.26317 3.8
    endloop
  endfacet
  facet normal 0 0 -1
    outer loop
      vertex 2.10476 -5.08134 3.8
      vertex 1.30112 -3.14119 3.8
      vertex 1.60275 -2.99853 3.8
    endloop
  endfacet
  facet normal 0 0 -1
    outer loop
      vertex 0.986967 -3.2536 3.8
      vertex 1.59657 -5.26317 3.8
      vertex 1.073 -5.39432 3.8
    endloop
  endfacet
  facet normal 0 0 -1
    outer loop
      vertex 1.59657 -5.26317 3.8
      vertex 0.986967 -3.2536 3.8
      vertex 1.30112 -3.14119 3.8
    endloop
  endfacet
  facet normal 0 0 -1
    outer loop
      vertex 1.073 -5.39432 3.8
      vertex 0.663306 -3.33467 3.8
      vertex 0.986967 -3.2536 3.8
    endloop
  endfacet
  facet normal 0 0 -1
    outer loop
      vertex 0.539094 -5.47352 3.8
      vertex 0.663306 -3.33467 3.8
      vertex 1.073 -5.39432 3.8
    endloop
  endfacet
  facet normal 0 0 -1
    outer loop
      vertex 0.539094 -5.47352 3.8
      vertex 0.333258 -3.38363 3.8
      vertex 0.663306 -3.33467 3.8
    endloop
  endfacet
  facet normal 0 0 -1
    outer loop
      vertex 0 -5.5 3.8
      vertex 0.333258 -3.38363 3.8
      vertex 0.539094 -5.47352 3.8
    endloop
  endfacet
  facet normal 0 0 -1
    outer loop
      vertex 0 -5.5 3.8
      vertex 0 -3.4 3.8
      vertex 0.333258 -3.38363 3.8
    endloop
  endfacet
  facet normal 0 0 -1
    outer loop
      vertex 0 -5.5 3.8
      vertex -0.333258 -3.38363 3.8
      vertex 0 -3.4 3.8
    endloop
  endfacet
  facet normal 0 0 -1
    outer loop
      vertex -0.539094 -5.47352 3.8
      vertex -0.333258 -3.38363 3.8
      vertex 0 -5.5 3.8
    endloop
  endfacet
  facet normal 0 0 -1
    outer loop
      vertex -0.539094 -5.47352 3.8
      vertex -0.663306 -3.33467 3.8
      vertex -0.333258 -3.38363 3.8
    endloop
  endfacet
  facet normal 0 0 -1
    outer loop
      vertex -1.073 -5.39432 3.8
      vertex -0.663306 -3.33467 3.8
      vertex -0.539094 -5.47352 3.8
    endloop
  endfacet
  facet normal -0 0 -1
    outer loop
      vertex -0.663306 -3.33467 3.8
      vertex -1.073 -5.39432 3.8
      vertex -0.986967 -3.2536 3.8
    endloop
  endfacet
  facet normal 0 0 -1
    outer loop
      vertex -1.59657 -5.26317 3.8
      vertex -0.986967 -3.2536 3.8
      vertex -1.073 -5.39432 3.8
    endloop
  endfacet
  facet normal -0 0 -1
    outer loop
      vertex -0.986967 -3.2536 3.8
      vertex -1.59657 -5.26317 3.8
      vertex -1.30112 -3.14119 3.8
    endloop
  endfacet
  facet normal 0 0 -1
    outer loop
      vertex -2.10476 -5.08134 3.8
      vertex -1.30112 -3.14119 3.8
      vertex -1.59657 -5.26317 3.8
    endloop
  endfacet
  facet normal -0 0 -1
    outer loop
      vertex -1.30112 -3.14119 3.8
      vertex -2.10476 -5.08134 3.8
      vertex -1.60275 -2.99853 3.8
    endloop
  endfacet
  facet normal 0 0 -1
    outer loop
      vertex -2.59268 -4.85057 3.8
      vertex -1.60275 -2.99853 3.8
      vertex -2.10476 -5.08134 3.8
    endloop
  endfacet
  facet normal -0 0 -1
    outer loop
      vertex -1.60275 -2.99853 3.8
      vertex -2.59268 -4.85057 3.8
      vertex -1.88894 -2.827 3.8
    endloop
  endfacet
  facet normal 0 0 -1
    outer loop
      vertex -3.05564 -4.57308 3.8
      vertex -1.88894 -2.827 3.8
      vertex -2.59268 -4.85057 3.8
    endloop
  endfacet
  facet normal -0 0 -1
    outer loop
      vertex -1.88894 -2.827 3.8
      vertex -3.05564 -4.57308 3.8
      vertex -2.15694 -2.62823 3.8
    endloop
  endfacet
  facet normal 0 0 -1
    outer loop
      vertex -3.48916 -4.25156 3.8
      vertex -2.15694 -2.62823 3.8
      vertex -3.05564 -4.57308 3.8
    endloop
  endfacet
  facet normal -0 0 -1
    outer loop
      vertex -2.15694 -2.62823 3.8
      vertex -3.48916 -4.25156 3.8
      vertex -2.40416 -2.40416 3.8
    endloop
  endfacet
  facet normal 0 0 -1
    outer loop
      vertex -3.88909 -3.88909 3.8
      vertex -2.40416 -2.40416 3.8
      vertex -3.48916 -4.25156 3.8
    endloop
  endfacet
  facet normal -0 0 -1
    outer loop
      vertex -2.40416 -2.40416 3.8
      vertex -3.88909 -3.88909 3.8
      vertex -2.62823 -2.15694 3.8
    endloop
  endfacet
  facet normal 0 0 -1
    outer loop
      vertex -4.25156 -3.48916 3.8
      vertex -2.62823 -2.15694 3.8
      vertex -3.88909 -3.88909 3.8
    endloop
  endfacet
  facet normal -0 0 -1
    outer loop
      vertex -2.62823 -2.15694 3.8
      vertex -4.25156 -3.48916 3.8
      vertex -2.827 -1.88894 3.8
    endloop
  endfacet
  facet normal 0 0 -1
    outer loop
      vertex -4.57308 -3.05564 3.8
      vertex -2.827 -1.88894 3.8
      vertex -4.25156 -3.48916 3.8
    endloop
  endfacet
  facet normal -0 0 -1
    outer loop
      vertex -2.827 -1.88894 3.8
      vertex -4.57308 -3.05564 3.8
      vertex -2.99853 -1.60275 3.8
    endloop
  endfacet
  facet normal -0 0 -1
    outer loop
      vertex -2.99853 -1.60275 3.8
      vertex -4.85057 -2.59268 3.8
      vertex -3.14119 -1.30112 3.8
    endloop
  endfacet
  facet normal 0 0 -1
    outer loop
      vertex -4.85057 -2.59268 3.8
      vertex -2.99853 -1.60275 3.8
      vertex -4.57308 -3.05564 3.8
    endloop
  endfacet
  facet normal 0 0 -1
    outer loop
      vertex 2.99853 1.60275 3.8
      vertex 4.85057 2.59268 3.8
      vertex 3.14119 1.30112 3.8
    endloop
  endfacet
  facet normal -0 0 -1
    outer loop
      vertex 4.85057 2.59268 3.8
      vertex 2.99853 1.60275 3.8
      vertex 4.57308 3.05564 3.8
    endloop
  endfacet
  facet normal 0 0 -1
    outer loop
      vertex 2.827 1.88894 3.8
      vertex 4.57308 3.05564 3.8
      vertex 2.99853 1.60275 3.8
    endloop
  endfacet
  facet normal -0 0 -1
    outer loop
      vertex 4.57308 3.05564 3.8
      vertex 2.827 1.88894 3.8
      vertex 4.25156 3.48916 3.8
    endloop
  endfacet
  facet normal 0 0 -1
    outer loop
      vertex 2.62823 2.15694 3.8
      vertex 4.25156 3.48916 3.8
      vertex 2.827 1.88894 3.8
    endloop
  endfacet
  facet normal -0 0 -1
    outer loop
      vertex 4.25156 3.48916 3.8
      vertex 2.62823 2.15694 3.8
      vertex 3.88909 3.88909 3.8
    endloop
  endfacet
  facet normal 0 0 -1
    outer loop
      vertex 2.40416 2.40416 3.8
      vertex 3.88909 3.88909 3.8
      vertex 2.62823 2.15694 3.8
    endloop
  endfacet
  facet normal -0 0 -1
    outer loop
      vertex 3.88909 3.88909 3.8
      vertex 2.40416 2.40416 3.8
      vertex 3.48916 4.25156 3.8
    endloop
  endfacet
  facet normal 0 0 -1
    outer loop
      vertex 2.15694 2.62823 3.8
      vertex 3.48916 4.25156 3.8
      vertex 2.40416 2.40416 3.8
    endloop
  endfacet
  facet normal -0 0 -1
    outer loop
      vertex 3.48916 4.25156 3.8
      vertex 2.15694 2.62823 3.8
      vertex 3.05564 4.57308 3.8
    endloop
  endfacet
  facet normal 0 0 -1
    outer loop
      vertex 1.88894 2.827 3.8
      vertex 3.05564 4.57308 3.8
      vertex 2.15694 2.62823 3.8
    endloop
  endfacet
  facet normal -0 0 -1
    outer loop
      vertex 3.05564 4.57308 3.8
      vertex 1.88894 2.827 3.8
      vertex 2.59268 4.85057 3.8
    endloop
  endfacet
  facet normal 0 0 -1
    outer loop
      vertex 1.60275 2.99853 3.8
      vertex 2.59268 4.85057 3.8
      vertex 1.88894 2.827 3.8
    endloop
  endfacet
  facet normal -0 0 -1
    outer loop
      vertex 2.59268 4.85057 3.8
      vertex 1.60275 2.99853 3.8
      vertex 2.10476 5.08134 3.8
    endloop
  endfacet
  facet normal 0 0 -1
    outer loop
      vertex 1.30112 3.14119 3.8
      vertex 2.10476 5.08134 3.8
      vertex 1.60275 2.99853 3.8
    endloop
  endfacet
  facet normal -0 0 -1
    outer loop
      vertex 2.10476 5.08134 3.8
      vertex 1.30112 3.14119 3.8
      vertex 1.59657 5.26317 3.8
    endloop
  endfacet
  facet normal 0 0 -1
    outer loop
      vertex 0.986967 3.2536 3.8
      vertex 1.59657 5.26317 3.8
      vertex 1.30112 3.14119 3.8
    endloop
  endfacet
  facet normal -0 0 -1
    outer loop
      vertex 1.59657 5.26317 3.8
      vertex 0.986967 3.2536 3.8
      vertex 1.073 5.39432 3.8
    endloop
  endfacet
  facet normal 0 0 -1
    outer loop
      vertex 0.663306 3.33467 3.8
      vertex 1.073 5.39432 3.8
      vertex 0.986967 3.2536 3.8
    endloop
  endfacet
  facet normal 0 0 -1
    outer loop
      vertex 0.663306 3.33467 3.8
      vertex 0.539094 5.47352 3.8
      vertex 1.073 5.39432 3.8
    endloop
  endfacet
  facet normal 0 0 -1
    outer loop
      vertex 0.333258 3.38363 3.8
      vertex 0.539094 5.47352 3.8
      vertex 0.663306 3.33467 3.8
    endloop
  endfacet
  facet normal 0 0 -1
    outer loop
      vertex 0 3.4 3.8
      vertex 0.539094 5.47352 3.8
      vertex 0.333258 3.38363 3.8
    endloop
  endfacet
  facet normal 0 0 -1
    outer loop
      vertex 0 3.4 3.8
      vertex 0 5.5 3.8
      vertex 0.539094 5.47352 3.8
    endloop
  endfacet
  facet normal 0 0 -1
    outer loop
      vertex -0.333258 3.38363 3.8
      vertex 0 5.5 3.8
      vertex 0 3.4 3.8
    endloop
  endfacet
  facet normal 0 0 -1
    outer loop
      vertex -0.333258 3.38363 3.8
      vertex -0.539094 5.47352 3.8
      vertex 0 5.5 3.8
    endloop
  endfacet
  facet normal 0 0 -1
    outer loop
      vertex -0.663306 3.33467 3.8
      vertex -0.539094 5.47352 3.8
      vertex -0.333258 3.38363 3.8
    endloop
  endfacet
  facet normal 0 0 -1
    outer loop
      vertex -1.073 5.39432 3.8
      vertex -0.663306 3.33467 3.8
      vertex -0.986967 3.2536 3.8
    endloop
  endfacet
  facet normal 0 0 -1
    outer loop
      vertex -0.663306 3.33467 3.8
      vertex -1.073 5.39432 3.8
      vertex -0.539094 5.47352 3.8
    endloop
  endfacet
  facet normal 0 0 -1
    outer loop
      vertex -1.59657 5.26317 3.8
      vertex -0.986967 3.2536 3.8
      vertex -1.30112 3.14119 3.8
    endloop
  endfacet
  facet normal 0 0 -1
    outer loop
      vertex -0.986967 3.2536 3.8
      vertex -1.59657 5.26317 3.8
      vertex -1.073 5.39432 3.8
    endloop
  endfacet
  facet normal 0 0 -1
    outer loop
      vertex -2.10476 5.08134 3.8
      vertex -1.30112 3.14119 3.8
      vertex -1.60275 2.99853 3.8
    endloop
  endfacet
  facet normal 0 0 -1
    outer loop
      vertex -2.59268 4.85057 3.8
      vertex -1.60275 2.99853 3.8
      vertex -1.88894 2.827 3.8
    endloop
  endfacet
  facet normal 0 0 -1
    outer loop
      vertex -1.30112 3.14119 3.8
      vertex -2.10476 5.08134 3.8
      vertex -1.59657 5.26317 3.8
    endloop
  endfacet
  facet normal 0 0 -1
    outer loop
      vertex -3.05564 4.57308 3.8
      vertex -1.88894 2.827 3.8
      vertex -2.15694 2.62823 3.8
    endloop
  endfacet
  facet normal 0 0 -1
    outer loop
      vertex -3.48916 4.25156 3.8
      vertex -2.15694 2.62823 3.8
      vertex -2.40416 2.40416 3.8
    endloop
  endfacet
  facet normal 0 0 -1
    outer loop
      vertex -1.60275 2.99853 3.8
      vertex -2.59268 4.85057 3.8
      vertex -2.10476 5.08134 3.8
    endloop
  endfacet
  facet normal 0 0 -1
    outer loop
      vertex -3.88909 3.88909 3.8
      vertex -2.40416 2.40416 3.8
      vertex -2.62823 2.15694 3.8
    endloop
  endfacet
  facet normal 0 0 -1
    outer loop
      vertex -4.25156 3.48916 3.8
      vertex -2.62823 2.15694 3.8
      vertex -2.827 1.88894 3.8
    endloop
  endfacet
  facet normal 0 0 -1
    outer loop
      vertex -4.57308 3.05564 3.8
      vertex -2.827 1.88894 3.8
      vertex -2.99853 1.60275 3.8
    endloop
  endfacet
  facet normal 0 0 -1
    outer loop
      vertex -1.88894 2.827 3.8
      vertex -3.05564 4.57308 3.8
      vertex -2.59268 4.85057 3.8
    endloop
  endfacet
  facet normal 0 0 -1
    outer loop
      vertex -4.85057 2.59268 3.8
      vertex -2.99853 1.60275 3.8
      vertex -3.14119 1.30112 3.8
    endloop
  endfacet
  facet normal 0 0 -1
    outer loop
      vertex -5.08134 2.10476 3.8
      vertex -3.14119 1.30112 3.8
      vertex -3.2536 0.986967 3.8
    endloop
  endfacet
  facet normal 0 0 -1
    outer loop
      vertex -5.26317 1.59657 3.8
      vertex -3.2536 0.986967 3.8
      vertex -3.33467 0.663306 3.8
    endloop
  endfacet
  facet normal 0 0 -1
    outer loop
      vertex -5.39432 1.073 3.8
      vertex -3.33467 0.663306 3.8
      vertex -3.38363 0.333258 3.8
    endloop
  endfacet
  facet normal 0 0 -1
    outer loop
      vertex -2.15694 2.62823 3.8
      vertex -3.48916 4.25156 3.8
      vertex -3.05564 4.57308 3.8
    endloop
  endfacet
  facet normal 0 0 -1
    outer loop
      vertex -5.47352 0.539094 3.8
      vertex -3.38363 0.333258 3.8
      vertex -3.4 0 3.8
    endloop
  endfacet
  facet normal 0 0 -1
    outer loop
      vertex -5.08134 -2.10476 3.8
      vertex -3.14119 -1.30112 3.8
      vertex -4.85057 -2.59268 3.8
    endloop
  endfacet
  facet normal -0 0 -1
    outer loop
      vertex -3.14119 -1.30112 3.8
      vertex -5.08134 -2.10476 3.8
      vertex -3.2536 -0.986967 3.8
    endloop
  endfacet
  facet normal 0 0 -1
    outer loop
      vertex -2.40416 2.40416 3.8
      vertex -3.88909 3.88909 3.8
      vertex -3.48916 4.25156 3.8
    endloop
  endfacet
  facet normal 0 0 -1
    outer loop
      vertex -5.26317 -1.59657 3.8
      vertex -3.2536 -0.986967 3.8
      vertex -5.08134 -2.10476 3.8
    endloop
  endfacet
  facet normal 0 0 -1
    outer loop
      vertex -2.62823 2.15694 3.8
      vertex -4.25156 3.48916 3.8
      vertex -3.88909 3.88909 3.8
    endloop
  endfacet
  facet normal -0 0 -1
    outer loop
      vertex -3.2536 -0.986967 3.8
      vertex -5.26317 -1.59657 3.8
      vertex -3.33467 -0.663306 3.8
    endloop
  endfacet
  facet normal 0 0 -1
    outer loop
      vertex -2.827 1.88894 3.8
      vertex -4.57308 3.05564 3.8
      vertex -4.25156 3.48916 3.8
    endloop
  endfacet
  facet normal 0 0 -1
    outer loop
      vertex -5.39432 -1.073 3.8
      vertex -3.33467 -0.663306 3.8
      vertex -5.26317 -1.59657 3.8
    endloop
  endfacet
  facet normal 0 0 -1
    outer loop
      vertex -2.99853 1.60275 3.8
      vertex -4.85057 2.59268 3.8
      vertex -4.57308 3.05564 3.8
    endloop
  endfacet
  facet normal -0 0 -1
    outer loop
      vertex -3.33467 -0.663306 3.8
      vertex -5.39432 -1.073 3.8
      vertex -3.38363 -0.333258 3.8
    endloop
  endfacet
  facet normal 0 0 -1
    outer loop
      vertex -3.14119 1.30112 3.8
      vertex -5.08134 2.10476 3.8
      vertex -4.85057 2.59268 3.8
    endloop
  endfacet
  facet normal 0 0 -1
    outer loop
      vertex -5.47352 -0.539094 3.8
      vertex -3.38363 -0.333258 3.8
      vertex -5.39432 -1.073 3.8
    endloop
  endfacet
  facet normal 0 0 -1
    outer loop
      vertex -3.2536 0.986967 3.8
      vertex -5.26317 1.59657 3.8
      vertex -5.08134 2.10476 3.8
    endloop
  endfacet
  facet normal -0 0 -1
    outer loop
      vertex -3.38363 -0.333258 3.8
      vertex -5.47352 -0.539094 3.8
      vertex -3.4 0 3.8
    endloop
  endfacet
  facet normal 0 0 -1
    outer loop
      vertex -3.33467 0.663306 3.8
      vertex -5.39432 1.073 3.8
      vertex -5.26317 1.59657 3.8
    endloop
  endfacet
  facet normal 0 0 -1
    outer loop
      vertex -5.5 0 3.8
      vertex -3.4 0 3.8
      vertex -5.47352 -0.539094 3.8
    endloop
  endfacet
  facet normal 0 0 -1
    outer loop
      vertex -3.38363 0.333258 3.8
      vertex -5.47352 0.539094 3.8
      vertex -5.39432 1.073 3.8
    endloop
  endfacet
  facet normal 0 0 -1
    outer loop
      vertex -3.4 0 3.8
      vertex -5.5 0 3.8
      vertex -5.47352 0.539094 3.8
    endloop
  endfacet
  facet normal -0.97003 -0.242985 0
    outer loop
      vertex 5.39432 1.073 0
      vertex 5.26317 1.59657 3.8
      vertex 5.26317 1.59657 0
    endloop
  endfacet
  facet normal -0.97003 -0.242985 0
    outer loop
      vertex 5.26317 1.59657 3.8
      vertex 5.39432 1.073 0
      vertex 5.39432 1.073 3.8
    endloop
  endfacet
  facet normal 0.671553 -0.740956 0
    outer loop
      vertex -3.88909 3.88909 0
      vertex -3.48916 4.25156 3.8
      vertex -3.88909 3.88909 3.8
    endloop
  endfacet
  facet normal 0.671553 -0.740956 0
    outer loop
      vertex -3.48916 4.25156 3.8
      vertex -3.88909 3.88909 0
      vertex -3.48916 4.25156 0
    endloop
  endfacet
  facet normal -0.427557 -0.903989 0
    outer loop
      vertex 2.10476 5.08134 0
      vertex 2.59268 4.85057 3.8
      vertex 2.10476 5.08134 3.8
    endloop
  endfacet
  facet normal -0.427557 -0.903989 -0
    outer loop
      vertex 2.59268 4.85057 3.8
      vertex 2.10476 5.08134 0
      vertex 2.59268 4.85057 0
    endloop
  endfacet
  facet normal -0.998796 0.0490603 0
    outer loop
      vertex 5.47352 -0.539094 0
      vertex 5.5 0 3.8
      vertex 5.5 0 0
    endloop
  endfacet
  facet normal -0.998796 0.0490603 0
    outer loop
      vertex 5.5 0 3.8
      vertex 5.47352 -0.539094 0
      vertex 5.47352 -0.539094 3.8
    endloop
  endfacet
  facet normal 0.989176 -0.146735 0
    outer loop
      vertex -5.47352 0.539094 3.8
      vertex -5.39432 1.073 0
      vertex -5.39432 1.073 3.8
    endloop
  endfacet
  facet normal 0.989176 -0.146735 0
    outer loop
      vertex -5.39432 1.073 0
      vertex -5.47352 0.539094 3.8
      vertex -5.47352 0.539094 0
    endloop
  endfacet
  facet normal -0.97003 0.242985 0
    outer loop
      vertex 5.26317 -1.59657 0
      vertex 5.39432 -1.073 3.8
      vertex 5.39432 -1.073 0
    endloop
  endfacet
  facet normal -0.97003 0.242985 0
    outer loop
      vertex 5.39432 -1.073 3.8
      vertex 5.26317 -1.59657 0
      vertex 5.26317 -1.59657 3.8
    endloop
  endfacet
  facet normal 0.336884 0.941546 -0
    outer loop
      vertex -1.59657 -5.26317 0
      vertex -2.10476 -5.08134 3.8
      vertex -1.59657 -5.26317 3.8
    endloop
  endfacet
  facet normal 0.336884 0.941546 0
    outer loop
      vertex -2.10476 -5.08134 3.8
      vertex -1.59657 -5.26317 0
      vertex -2.10476 -5.08134 0
    endloop
  endfacet
  facet normal -0.514106 0.857727 0
    outer loop
      vertex 3.05564 -4.57308 0
      vertex 2.59268 -4.85057 3.8
      vertex 3.05564 -4.57308 3.8
    endloop
  endfacet
  facet normal -0.514106 0.857727 0
    outer loop
      vertex 2.59268 -4.85057 3.8
      vertex 3.05564 -4.57308 0
      vertex 2.59268 -4.85057 0
    endloop
  endfacet
  facet normal -0.427557 0.903989 0
    outer loop
      vertex 2.59268 -4.85057 0
      vertex 2.10476 -5.08134 3.8
      vertex 2.59268 -4.85057 3.8
    endloop
  endfacet
  facet normal -0.427557 0.903989 0
    outer loop
      vertex 2.10476 -5.08134 3.8
      vertex 2.59268 -4.85057 0
      vertex 2.10476 -5.08134 0
    endloop
  endfacet
  facet normal -0.146735 0.989176 0
    outer loop
      vertex 1.073 -5.39432 0
      vertex 0.539094 -5.47352 3.8
      vertex 1.073 -5.39432 3.8
    endloop
  endfacet
  facet normal -0.146735 0.989176 0
    outer loop
      vertex 0.539094 -5.47352 3.8
      vertex 1.073 -5.39432 0
      vertex 0.539094 -5.47352 0
    endloop
  endfacet
  facet normal -0.941546 -0.336884 0
    outer loop
      vertex 5.26317 1.59657 0
      vertex 5.08134 2.10476 3.8
      vertex 5.08134 2.10476 0
    endloop
  endfacet
  facet normal -0.941546 -0.336884 0
    outer loop
      vertex 5.08134 2.10476 3.8
      vertex 5.26317 1.59657 0
      vertex 5.26317 1.59657 3.8
    endloop
  endfacet
  facet normal 0.427557 -0.903989 0
    outer loop
      vertex -2.59268 4.85057 0
      vertex -2.10476 5.08134 3.8
      vertex -2.59268 4.85057 3.8
    endloop
  endfacet
  facet normal 0.427557 -0.903989 0
    outer loop
      vertex -2.10476 5.08134 3.8
      vertex -2.59268 4.85057 0
      vertex -2.10476 5.08134 0
    endloop
  endfacet
  facet normal 0.671553 0.740956 -0
    outer loop
      vertex -3.48916 -4.25156 0
      vertex -3.88909 -3.88909 3.8
      vertex -3.48916 -4.25156 3.8
    endloop
  endfacet
  facet normal 0.671553 0.740956 0
    outer loop
      vertex -3.88909 -3.88909 3.8
      vertex -3.48916 -4.25156 0
      vertex -3.88909 -3.88909 0
    endloop
  endfacet
  facet normal 0.857727 0.514106 0
    outer loop
      vertex -4.57308 -3.05564 3.8
      vertex -4.85057 -2.59268 0
      vertex -4.85057 -2.59268 3.8
    endloop
  endfacet
  facet normal 0.857727 0.514106 0
    outer loop
      vertex -4.85057 -2.59268 0
      vertex -4.57308 -3.05564 3.8
      vertex -4.57308 -3.05564 0
    endloop
  endfacet
  facet normal -0.989176 0.146735 0
    outer loop
      vertex 5.39432 -1.073 0
      vertex 5.47352 -0.539094 3.8
      vertex 5.47352 -0.539094 0
    endloop
  endfacet
  facet normal -0.989176 0.146735 0
    outer loop
      vertex 5.47352 -0.539094 3.8
      vertex 5.39432 -1.073 0
      vertex 5.39432 -1.073 3.8
    endloop
  endfacet
  facet normal -0.803208 0.595699 0
    outer loop
      vertex 4.25156 -3.48916 0
      vertex 4.57308 -3.05564 3.8
      vertex 4.57308 -3.05564 0
    endloop
  endfacet
  facet normal -0.803208 0.595699 0
    outer loop
      vertex 4.57308 -3.05564 3.8
      vertex 4.25156 -3.48916 0
      vertex 4.25156 -3.48916 3.8
    endloop
  endfacet
  facet normal 0.941546 0.336884 0
    outer loop
      vertex -5.08134 -2.10476 3.8
      vertex -5.26317 -1.59657 0
      vertex -5.26317 -1.59657 3.8
    endloop
  endfacet
  facet normal 0.941546 0.336884 0
    outer loop
      vertex -5.26317 -1.59657 0
      vertex -5.08134 -2.10476 3.8
      vertex -5.08134 -2.10476 0
    endloop
  endfacet
  facet normal -0.803208 -0.595699 0
    outer loop
      vertex 4.57308 3.05564 0
      vertex 4.25156 3.48916 3.8
      vertex 4.25156 3.48916 0
    endloop
  endfacet
  facet normal -0.803208 -0.595699 0
    outer loop
      vertex 4.25156 3.48916 3.8
      vertex 4.57308 3.05564 0
      vertex 4.57308 3.05564 3.8
    endloop
  endfacet
  facet normal 0.595699 0.803208 -0
    outer loop
      vertex -3.05564 -4.57308 0
      vertex -3.48916 -4.25156 3.8
      vertex -3.05564 -4.57308 3.8
    endloop
  endfacet
  facet normal 0.595699 0.803208 0
    outer loop
      vertex -3.48916 -4.25156 3.8
      vertex -3.05564 -4.57308 0
      vertex -3.48916 -4.25156 0
    endloop
  endfacet
  facet normal 0.740956 0.671553 0
    outer loop
      vertex -3.88909 -3.88909 3.8
      vertex -4.25156 -3.48916 0
      vertex -4.25156 -3.48916 3.8
    endloop
  endfacet
  facet normal 0.740956 0.671553 0
    outer loop
      vertex -4.25156 -3.48916 0
      vertex -3.88909 -3.88909 3.8
      vertex -3.88909 -3.88909 0
    endloop
  endfacet
  facet normal -0.336884 -0.941546 0
    outer loop
      vertex 1.59657 5.26317 0
      vertex 2.10476 5.08134 3.8
      vertex 1.59657 5.26317 3.8
    endloop
  endfacet
  facet normal -0.336884 -0.941546 -0
    outer loop
      vertex 2.10476 5.08134 3.8
      vertex 1.59657 5.26317 0
      vertex 2.10476 5.08134 0
    endloop
  endfacet
  facet normal 0.97003 0.242985 0
    outer loop
      vertex -5.26317 -1.59657 3.8
      vertex -5.39432 -1.073 0
      vertex -5.39432 -1.073 3.8
    endloop
  endfacet
  facet normal 0.97003 0.242985 0
    outer loop
      vertex -5.39432 -1.073 0
      vertex -5.26317 -1.59657 3.8
      vertex -5.26317 -1.59657 0
    endloop
  endfacet
  facet normal -0.857727 -0.514106 0
    outer loop
      vertex 4.85057 2.59268 0
      vertex 4.57308 3.05564 3.8
      vertex 4.57308 3.05564 0
    endloop
  endfacet
  facet normal -0.857727 -0.514106 0
    outer loop
      vertex 4.57308 3.05564 3.8
      vertex 4.85057 2.59268 0
      vertex 4.85057 2.59268 3.8
    endloop
  endfacet
  facet normal 0.941546 -0.336884 0
    outer loop
      vertex -5.26317 1.59657 3.8
      vertex -5.08134 2.10476 0
      vertex -5.08134 2.10476 3.8
    endloop
  endfacet
  facet normal 0.941546 -0.336884 0
    outer loop
      vertex -5.08134 2.10476 0
      vertex -5.26317 1.59657 3.8
      vertex -5.26317 1.59657 0
    endloop
  endfacet
  facet normal 0.595699 -0.803208 0
    outer loop
      vertex -3.48916 4.25156 0
      vertex -3.05564 4.57308 3.8
      vertex -3.48916 4.25156 3.8
    endloop
  endfacet
  facet normal 0.595699 -0.803208 0
    outer loop
      vertex -3.05564 4.57308 3.8
      vertex -3.48916 4.25156 0
      vertex -3.05564 4.57308 0
    endloop
  endfacet
  facet normal -0.671553 -0.740956 0
    outer loop
      vertex 3.48916 4.25156 0
      vertex 3.88909 3.88909 3.8
      vertex 3.48916 4.25156 3.8
    endloop
  endfacet
  facet normal -0.671553 -0.740956 -0
    outer loop
      vertex 3.88909 3.88909 3.8
      vertex 3.48916 4.25156 0
      vertex 3.88909 3.88909 0
    endloop
  endfacet
  facet normal -0.595699 -0.803208 0
    outer loop
      vertex 3.05564 4.57308 0
      vertex 3.48916 4.25156 3.8
      vertex 3.05564 4.57308 3.8
    endloop
  endfacet
  facet normal -0.595699 -0.803208 -0
    outer loop
      vertex 3.48916 4.25156 3.8
      vertex 3.05564 4.57308 0
      vertex 3.48916 4.25156 0
    endloop
  endfacet
  facet normal 0.514106 -0.857727 0
    outer loop
      vertex -3.05564 4.57308 0
      vertex -2.59268 4.85057 3.8
      vertex -3.05564 4.57308 3.8
    endloop
  endfacet
  facet normal 0.514106 -0.857727 0
    outer loop
      vertex -2.59268 4.85057 3.8
      vertex -3.05564 4.57308 0
      vertex -2.59268 4.85057 0
    endloop
  endfacet
  facet normal 0.427557 0.903989 -0
    outer loop
      vertex -2.10476 -5.08134 0
      vertex -2.59268 -4.85057 3.8
      vertex -2.10476 -5.08134 3.8
    endloop
  endfacet
  facet normal 0.427557 0.903989 0
    outer loop
      vertex -2.59268 -4.85057 3.8
      vertex -2.10476 -5.08134 0
      vertex -2.59268 -4.85057 0
    endloop
  endfacet
  facet normal 0.514106 0.857727 -0
    outer loop
      vertex -2.59268 -4.85057 0
      vertex -3.05564 -4.57308 3.8
      vertex -2.59268 -4.85057 3.8
    endloop
  endfacet
  facet normal 0.514106 0.857727 0
    outer loop
      vertex -3.05564 -4.57308 3.8
      vertex -2.59268 -4.85057 0
      vertex -3.05564 -4.57308 0
    endloop
  endfacet
  facet normal -0.0490603 0.998796 0
    outer loop
      vertex 0.539094 -5.47352 0
      vertex 0 -5.5 3.8
      vertex 0.539094 -5.47352 3.8
    endloop
  endfacet
  facet normal -0.0490603 0.998796 0
    outer loop
      vertex 0 -5.5 3.8
      vertex 0.539094 -5.47352 0
      vertex 0 -5.5 0
    endloop
  endfacet
  facet normal 0.0490603 0.998796 -0
    outer loop
      vertex 0 -5.5 0
      vertex -0.539094 -5.47352 3.8
      vertex 0 -5.5 3.8
    endloop
  endfacet
  facet normal 0.0490603 0.998796 0
    outer loop
      vertex -0.539094 -5.47352 3.8
      vertex 0 -5.5 0
      vertex -0.539094 -5.47352 0
    endloop
  endfacet
  facet normal -0.671553 0.740956 0
    outer loop
      vertex 3.88909 -3.88909 0
      vertex 3.48916 -4.25156 3.8
      vertex 3.88909 -3.88909 3.8
    endloop
  endfacet
  facet normal -0.671553 0.740956 0
    outer loop
      vertex 3.48916 -4.25156 3.8
      vertex 3.88909 -3.88909 0
      vertex 3.48916 -4.25156 0
    endloop
  endfacet
  facet normal -0.336884 0.941546 0
    outer loop
      vertex 2.10476 -5.08134 0
      vertex 1.59657 -5.26317 3.8
      vertex 2.10476 -5.08134 3.8
    endloop
  endfacet
  facet normal -0.336884 0.941546 0
    outer loop
      vertex 1.59657 -5.26317 3.8
      vertex 2.10476 -5.08134 0
      vertex 1.59657 -5.26317 0
    endloop
  endfacet
  facet normal 0.989176 0.146735 0
    outer loop
      vertex -5.39432 -1.073 3.8
      vertex -5.47352 -0.539094 0
      vertex -5.47352 -0.539094 3.8
    endloop
  endfacet
  facet normal 0.989176 0.146735 0
    outer loop
      vertex -5.47352 -0.539094 0
      vertex -5.39432 -1.073 3.8
      vertex -5.39432 -1.073 0
    endloop
  endfacet
  facet normal 0.0490603 -0.998796 0
    outer loop
      vertex -0.539094 5.47352 0
      vertex 0 5.5 3.8
      vertex -0.539094 5.47352 3.8
    endloop
  endfacet
  facet normal 0.0490603 -0.998796 0
    outer loop
      vertex 0 5.5 3.8
      vertex -0.539094 5.47352 0
      vertex 0 5.5 0
    endloop
  endfacet
  facet normal 0.242985 0.97003 -0
    outer loop
      vertex -1.073 -5.39432 0
      vertex -1.59657 -5.26317 3.8
      vertex -1.073 -5.39432 3.8
    endloop
  endfacet
  facet normal 0.242985 0.97003 0
    outer loop
      vertex -1.59657 -5.26317 3.8
      vertex -1.073 -5.39432 0
      vertex -1.59657 -5.26317 0
    endloop
  endfacet
  facet normal 0.242985 -0.97003 0
    outer loop
      vertex -1.59657 5.26317 0
      vertex -1.073 5.39432 3.8
      vertex -1.59657 5.26317 3.8
    endloop
  endfacet
  facet normal 0.242985 -0.97003 0
    outer loop
      vertex -1.073 5.39432 3.8
      vertex -1.59657 5.26317 0
      vertex -1.073 5.39432 0
    endloop
  endfacet
  facet normal 0.146735 -0.989176 0
    outer loop
      vertex -1.073 5.39432 0
      vertex -0.539094 5.47352 3.8
      vertex -1.073 5.39432 3.8
    endloop
  endfacet
  facet normal 0.146735 -0.989176 0
    outer loop
      vertex -0.539094 5.47352 3.8
      vertex -1.073 5.39432 0
      vertex -0.539094 5.47352 0
    endloop
  endfacet
  facet normal -0.740956 0.671553 0
    outer loop
      vertex 3.88909 -3.88909 0
      vertex 4.25156 -3.48916 3.8
      vertex 4.25156 -3.48916 0
    endloop
  endfacet
  facet normal -0.740956 0.671553 0
    outer loop
      vertex 4.25156 -3.48916 3.8
      vertex 3.88909 -3.88909 0
      vertex 3.88909 -3.88909 3.8
    endloop
  endfacet
  facet normal 0.803208 0.595699 0
    outer loop
      vertex -4.25156 -3.48916 3.8
      vertex -4.57308 -3.05564 0
      vertex -4.57308 -3.05564 3.8
    endloop
  endfacet
  facet normal 0.803208 0.595699 0
    outer loop
      vertex -4.57308 -3.05564 0
      vertex -4.25156 -3.48916 3.8
      vertex -4.25156 -3.48916 0
    endloop
  endfacet
  facet normal 0.998796 0.0490603 0
    outer loop
      vertex -5.47352 -0.539094 3.8
      vertex -5.5 0 0
      vertex -5.5 0 3.8
    endloop
  endfacet
  facet normal 0.998796 0.0490603 0
    outer loop
      vertex -5.5 0 0
      vertex -5.47352 -0.539094 3.8
      vertex -5.47352 -0.539094 0
    endloop
  endfacet
  facet normal 0.998796 -0.0490603 0
    outer loop
      vertex -5.5 0 3.8
      vertex -5.47352 0.539094 0
      vertex -5.47352 0.539094 3.8
    endloop
  endfacet
  facet normal 0.998796 -0.0490603 0
    outer loop
      vertex -5.47352 0.539094 0
      vertex -5.5 0 3.8
      vertex -5.5 0 0
    endloop
  endfacet
  facet normal 0.97003 -0.242985 0
    outer loop
      vertex -5.39432 1.073 3.8
      vertex -5.26317 1.59657 0
      vertex -5.26317 1.59657 3.8
    endloop
  endfacet
  facet normal 0.97003 -0.242985 0
    outer loop
      vertex -5.26317 1.59657 0
      vertex -5.39432 1.073 3.8
      vertex -5.39432 1.073 0
    endloop
  endfacet
  facet normal -0.242985 -0.97003 0
    outer loop
      vertex 1.073 5.39432 0
      vertex 1.59657 5.26317 3.8
      vertex 1.073 5.39432 3.8
    endloop
  endfacet
  facet normal -0.242985 -0.97003 -0
    outer loop
      vertex 1.59657 5.26317 3.8
      vertex 1.073 5.39432 0
      vertex 1.59657 5.26317 0
    endloop
  endfacet
  facet normal -0.242985 0.97003 0
    outer loop
      vertex 1.59657 -5.26317 0
      vertex 1.073 -5.39432 3.8
      vertex 1.59657 -5.26317 3.8
    endloop
  endfacet
  facet normal -0.242985 0.97003 0
    outer loop
      vertex 1.073 -5.39432 3.8
      vertex 1.59657 -5.26317 0
      vertex 1.073 -5.39432 0
    endloop
  endfacet
  facet normal -0.903989 0.427557 0
    outer loop
      vertex 4.85057 -2.59268 0
      vertex 5.08134 -2.10476 3.8
      vertex 5.08134 -2.10476 0
    endloop
  endfacet
  facet normal -0.903989 0.427557 0
    outer loop
      vertex 5.08134 -2.10476 3.8
      vertex 4.85057 -2.59268 0
      vertex 4.85057 -2.59268 3.8
    endloop
  endfacet
  facet normal 0.903989 0.427557 0
    outer loop
      vertex -4.85057 -2.59268 3.8
      vertex -5.08134 -2.10476 0
      vertex -5.08134 -2.10476 3.8
    endloop
  endfacet
  facet normal 0.903989 0.427557 0
    outer loop
      vertex -5.08134 -2.10476 0
      vertex -4.85057 -2.59268 3.8
      vertex -4.85057 -2.59268 0
    endloop
  endfacet
  facet normal -0.146735 -0.989176 0
    outer loop
      vertex 0.539094 5.47352 0
      vertex 1.073 5.39432 3.8
      vertex 0.539094 5.47352 3.8
    endloop
  endfacet
  facet normal -0.146735 -0.989176 -0
    outer loop
      vertex 1.073 5.39432 3.8
      vertex 0.539094 5.47352 0
      vertex 1.073 5.39432 0
    endloop
  endfacet
  facet normal 0.803208 -0.595699 0
    outer loop
      vertex -4.57308 3.05564 3.8
      vertex -4.25156 3.48916 0
      vertex -4.25156 3.48916 3.8
    endloop
  endfacet
  facet normal 0.803208 -0.595699 0
    outer loop
      vertex -4.25156 3.48916 0
      vertex -4.57308 3.05564 3.8
      vertex -4.57308 3.05564 0
    endloop
  endfacet
  facet normal 0.740956 -0.671553 0
    outer loop
      vertex -4.25156 3.48916 3.8
      vertex -3.88909 3.88909 0
      vertex -3.88909 3.88909 3.8
    endloop
  endfacet
  facet normal 0.740956 -0.671553 0
    outer loop
      vertex -3.88909 3.88909 0
      vertex -4.25156 3.48916 3.8
      vertex -4.25156 3.48916 0
    endloop
  endfacet
  facet normal 0.903989 -0.427557 0
    outer loop
      vertex -5.08134 2.10476 3.8
      vertex -4.85057 2.59268 0
      vertex -4.85057 2.59268 3.8
    endloop
  endfacet
  facet normal 0.903989 -0.427557 0
    outer loop
      vertex -4.85057 2.59268 0
      vertex -5.08134 2.10476 3.8
      vertex -5.08134 2.10476 0
    endloop
  endfacet
endsolid OpenSCAD_Model
